id_pedido,cliente,prazo_entrega,centro_origem,centro_destino
180662,Cliente_180662,27,CD_08,CD_12
523182,Cliente_523182,15,CD_16,CD_08
497892,Cliente_497892,5,CD_14,CD_15
603702,Cliente_603702,20,CD_18,CD_10
731455,Cliente_731455,23,CD_09,CD_16
680732,Cliente_680732,29,CD_10,CD_02
595842,Cliente_595842,5,CD_18,CD_01
659363,Cliente_659363,6,CD_04,CD_08
702407,Cliente_702407,21,CD_09,CD_01
446564,Cliente_446564,22,CD_04,CD_00
978140,Cliente_978140,29,CD_14,CD_19
865328,Cliente_865328,6,CD_06,CD_09
307789,Cliente_307789,2,CD_15,CD_07
808697,Cliente_808697,25,CD_01,CD_15
649305,Cliente_649305,1,CD_16,CD_03
330908,Cliente_330908,2,CD_08,CD_18
766024,Cliente_766024,9,CD_19,CD_03
720799,Cliente_720799,11,CD_11,CD_03
550317,Cliente_550317,17,CD_01,CD_16
753137,Cliente_753137,27,CD_01,CD_14
559910,Cliente_559910,24,CD_01,CD_15
942444,Cliente_942444,2,CD_07,CD_18
160984,Cliente_160984,1,CD_14,CD_09
56277,Cliente_56277,15,CD_18,CD_01
157493,Cliente_157493,6,CD_14,CD_11
228632,Cliente_228632,28,CD_18,CD_07
442295,Cliente_442295,27,CD_18,CD_05
642062,Cliente_642062,15,CD_10,CD_05
645412,Cliente_645412,25,CD_17,CD_07
824760,Cliente_824760,10,CD_05,CD_14
659593,Cliente_659593,13,CD_10,CD_06
649026,Cliente_649026,9,CD_12,CD_17
971521,Cliente_971521,26,CD_07,CD_01
829443,Cliente_829443,18,CD_09,CD_00
880558,Cliente_880558,29,CD_04,CD_14
916729,Cliente_916729,26,CD_18,CD_17
467452,Cliente_467452,4,CD_08,CD_16
286032,Cliente_286032,24,CD_15,CD_03
224866,Cliente_224866,20,CD_04,CD_16
78553,Cliente_78553,23,CD_09,CD_08
617825,Cliente_617825,10,CD_15,CD_06
825812,Cliente_825812,7,CD_00,CD_12
264261,Cliente_264261,28,CD_05,CD_14
36142,Cliente_36142,14,CD_19,CD_08
817393,Cliente_817393,22,CD_02,CD_17
137875,Cliente_137875,10,CD_06,CD_13
471507,Cliente_471507,13,CD_19,CD_13
518904,Cliente_518904,15,CD_17,CD_11
207761,Cliente_207761,28,CD_10,CD_13
392663,Cliente_392663,12,CD_13,CD_03
431150,Cliente_431150,8,CD_08,CD_04
100298,Cliente_100298,11,CD_02,CD_10
954351,Cliente_954351,10,CD_06,CD_11
847568,Cliente_847568,5,CD_18,CD_08
424409,Cliente_424409,4,CD_10,CD_11
340360,Cliente_340360,26,CD_17,CD_05
498550,Cliente_498550,23,CD_12,CD_03
302196,Cliente_302196,6,CD_09,CD_20
118032,Cliente_118032,29,CD_04,CD_00
335287,Cliente_335287,25,CD_14,CD_08
636788,Cliente_636788,20,CD_06,CD_20
900055,Cliente_900055,22,CD_20,CD_18
207345,Cliente_207345,9,CD_05,CD_03
716987,Cliente_716987,3,CD_08,CD_17
724054,Cliente_724054,25,CD_11,CD_20
83309,Cliente_83309,19,CD_12,CD_04
738422,Cliente_738422,4,CD_01,CD_18
699590,Cliente_699590,19,CD_04,CD_09
522005,Cliente_522005,23,CD_13,CD_07
411043,Cliente_411043,25,CD_00,CD_08
512849,Cliente_512849,23,CD_07,CD_09
42189,Cliente_42189,17,CD_12,CD_01
397357,Cliente_397357,7,CD_05,CD_16
467169,Cliente_467169,10,CD_04,CD_07
853400,Cliente_853400,21,CD_11,CD_01
352114,Cliente_352114,11,CD_04,CD_02
491677,Cliente_491677,14,CD_04,CD_07
345615,Cliente_345615,13,CD_05,CD_16
330462,Cliente_330462,8,CD_19,CD_17
105599,Cliente_105599,9,CD_09,CD_18
289945,Cliente_289945,28,CD_07,CD_18
885381,Cliente_885381,24,CD_04,CD_08
263795,Cliente_263795,9,CD_03,CD_17
135825,Cliente_135825,20,CD_18,CD_11
528837,Cliente_528837,26,CD_11,CD_00
558927,Cliente_558927,19,CD_02,CD_05
565707,Cliente_565707,29,CD_07,CD_05
256812,Cliente_256812,18,CD_17,CD_20
726407,Cliente_726407,2,CD_09,CD_13
224075,Cliente_224075,10,CD_09,CD_16
438095,Cliente_438095,17,CD_12,CD_00
362500,Cliente_362500,13,CD_06,CD_15
160521,Cliente_160521,15,CD_09,CD_13
739486,Cliente_739486,12,CD_14,CD_02
154352,Cliente_154352,14,CD_04,CD_06
492498,Cliente_492498,13,CD_02,CD_17
621069,Cliente_621069,4,CD_05,CD_01
428558,Cliente_428558,10,CD_13,CD_07
486014,Cliente_486014,22,CD_05,CD_07
851695,Cliente_851695,6,CD_15,CD_00
824625,Cliente_824625,21,CD_11,CD_13
570181,Cliente_570181,27,CD_08,CD_00
827817,Cliente_827817,4,CD_05,CD_10
200390,Cliente_200390,5,CD_15,CD_12
289372,Cliente_289372,13,CD_01,CD_18
602230,Cliente_602230,18,CD_03,CD_13
757297,Cliente_757297,4,CD_02,CD_05
867672,Cliente_867672,14,CD_20,CD_09
669259,Cliente_669259,28,CD_14,CD_06
759244,Cliente_759244,5,CD_00,CD_18
837671,Cliente_837671,28,CD_20,CD_00
479419,Cliente_479419,28,CD_01,CD_08
951575,Cliente_951575,21,CD_13,CD_12
34564,Cliente_34564,12,CD_08,CD_06
209410,Cliente_209410,12,CD_10,CD_04
724188,Cliente_724188,14,CD_00,CD_10
414417,Cliente_414417,14,CD_20,CD_02
760913,Cliente_760913,20,CD_03,CD_15
508260,Cliente_508260,23,CD_11,CD_14
672234,Cliente_672234,4,CD_07,CD_02
476989,Cliente_476989,8,CD_14,CD_13
737586,Cliente_737586,23,CD_18,CD_15
760447,Cliente_760447,9,CD_04,CD_19
994038,Cliente_994038,23,CD_12,CD_15
939375,Cliente_939375,18,CD_11,CD_06
130308,Cliente_130308,29,CD_16,CD_06
334966,Cliente_334966,12,CD_20,CD_07
707246,Cliente_707246,6,CD_13,CD_05
154909,Cliente_154909,27,CD_05,CD_17
329988,Cliente_329988,7,CD_09,CD_03
589008,Cliente_589008,3,CD_18,CD_08
920157,Cliente_920157,6,CD_13,CD_08
856539,Cliente_856539,7,CD_07,CD_13
775502,Cliente_775502,29,CD_05,CD_20
426671,Cliente_426671,16,CD_00,CD_10
587120,Cliente_587120,21,CD_09,CD_14
930269,Cliente_930269,1,CD_07,CD_13
468510,Cliente_468510,16,CD_02,CD_10
943769,Cliente_943769,8,CD_12,CD_00
558388,Cliente_558388,7,CD_04,CD_00
245880,Cliente_245880,6,CD_03,CD_01
151953,Cliente_151953,3,CD_14,CD_08
220722,Cliente_220722,12,CD_16,CD_06
782485,Cliente_782485,23,CD_08,CD_11
878880,Cliente_878880,30,CD_18,CD_09
994787,Cliente_994787,25,CD_13,CD_08
614718,Cliente_614718,1,CD_12,CD_01
364256,Cliente_364256,16,CD_03,CD_05
285633,Cliente_285633,27,CD_20,CD_00
740634,Cliente_740634,15,CD_09,CD_19
457697,Cliente_457697,29,CD_00,CD_17
432315,Cliente_432315,30,CD_08,CD_20
879886,Cliente_879886,4,CD_18,CD_08
711385,Cliente_711385,8,CD_02,CD_01
251381,Cliente_251381,24,CD_11,CD_03
359170,Cliente_359170,28,CD_15,CD_02
428687,Cliente_428687,23,CD_01,CD_18
248337,Cliente_248337,5,CD_11,CD_08
488421,Cliente_488421,3,CD_15,CD_16
984729,Cliente_984729,8,CD_14,CD_20
742820,Cliente_742820,4,CD_01,CD_00
49155,Cliente_49155,1,CD_16,CD_00
101273,Cliente_101273,5,CD_09,CD_11
612863,Cliente_612863,17,CD_16,CD_09
895024,Cliente_895024,12,CD_18,CD_04
629348,Cliente_629348,27,CD_18,CD_13
907924,Cliente_907924,24,CD_11,CD_18
325037,Cliente_325037,23,CD_09,CD_19
234513,Cliente_234513,19,CD_05,CD_13
334020,Cliente_334020,16,CD_18,CD_14
713094,Cliente_713094,15,CD_08,CD_20
738213,Cliente_738213,23,CD_14,CD_02
631532,Cliente_631532,17,CD_15,CD_17
415152,Cliente_415152,18,CD_05,CD_11
883474,Cliente_883474,24,CD_11,CD_01
346457,Cliente_346457,2,CD_02,CD_17
325179,Cliente_325179,3,CD_18,CD_20
85563,Cliente_85563,23,CD_01,CD_15
53996,Cliente_53996,21,CD_18,CD_04
584403,Cliente_584403,4,CD_19,CD_08
317994,Cliente_317994,26,CD_06,CD_07
226369,Cliente_226369,13,CD_07,CD_08
169151,Cliente_169151,17,CD_08,CD_14
682759,Cliente_682759,29,CD_03,CD_17
8502,Cliente_8502,1,CD_04,CD_17
821064,Cliente_821064,11,CD_18,CD_16
317850,Cliente_317850,30,CD_18,CD_00
75978,Cliente_75978,18,CD_01,CD_18
459898,Cliente_459898,14,CD_16,CD_08
229876,Cliente_229876,22,CD_03,CD_17
319271,Cliente_319271,6,CD_14,CD_03
946320,Cliente_946320,20,CD_02,CD_09
613172,Cliente_613172,6,CD_17,CD_06
484233,Cliente_484233,16,CD_01,CD_03
1525,Cliente_1525,10,CD_11,CD_02
918894,Cliente_918894,30,CD_01,CD_16
469312,Cliente_469312,14,CD_17,CD_10
304941,Cliente_304941,11,CD_05,CD_17
649070,Cliente_649070,21,CD_06,CD_05
16152,Cliente_16152,6,CD_12,CD_06
210522,Cliente_210522,2,CD_05,CD_17
715043,Cliente_715043,27,CD_01,CD_04
638752,Cliente_638752,19,CD_02,CD_08
210979,Cliente_210979,29,CD_13,CD_20
911967,Cliente_911967,11,CD_00,CD_04
760336,Cliente_760336,14,CD_00,CD_01
384119,Cliente_384119,28,CD_11,CD_12
781507,Cliente_781507,30,CD_11,CD_17
79051,Cliente_79051,13,CD_19,CD_17
754104,Cliente_754104,6,CD_00,CD_12
833344,Cliente_833344,15,CD_11,CD_06
163085,Cliente_163085,3,CD_15,CD_19
782204,Cliente_782204,8,CD_09,CD_00
398976,Cliente_398976,7,CD_17,CD_02
545767,Cliente_545767,21,CD_19,CD_10
275061,Cliente_275061,9,CD_11,CD_00
274796,Cliente_274796,13,CD_17,CD_13
427949,Cliente_427949,22,CD_11,CD_19
752440,Cliente_752440,1,CD_04,CD_11
596112,Cliente_596112,7,CD_09,CD_12
706106,Cliente_706106,4,CD_14,CD_19
892003,Cliente_892003,22,CD_16,CD_18
102113,Cliente_102113,27,CD_12,CD_08
452882,Cliente_452882,30,CD_01,CD_12
33505,Cliente_33505,18,CD_18,CD_07
380071,Cliente_380071,19,CD_08,CD_11
436077,Cliente_436077,9,CD_05,CD_09
857616,Cliente_857616,4,CD_14,CD_13
76286,Cliente_76286,11,CD_14,CD_02
171420,Cliente_171420,4,CD_17,CD_20
871626,Cliente_871626,20,CD_14,CD_02
232190,Cliente_232190,15,CD_00,CD_16
746445,Cliente_746445,9,CD_13,CD_16
897096,Cliente_897096,9,CD_01,CD_04
246659,Cliente_246659,7,CD_08,CD_12
546993,Cliente_546993,23,CD_06,CD_20
336875,Cliente_336875,14,CD_08,CD_15
805135,Cliente_805135,19,CD_12,CD_06
306757,Cliente_306757,12,CD_17,CD_07
372125,Cliente_372125,7,CD_19,CD_04
866132,Cliente_866132,30,CD_16,CD_12
13430,Cliente_13430,24,CD_03,CD_01
971229,Cliente_971229,11,CD_15,CD_19
823767,Cliente_823767,29,CD_15,CD_12
847334,Cliente_847334,5,CD_07,CD_05
103136,Cliente_103136,4,CD_01,CD_18
513847,Cliente_513847,24,CD_13,CD_10
63251,Cliente_63251,25,CD_08,CD_09
836635,Cliente_836635,9,CD_16,CD_17
825491,Cliente_825491,11,CD_19,CD_03
30944,Cliente_30944,27,CD_14,CD_12
426342,Cliente_426342,12,CD_01,CD_08
39329,Cliente_39329,14,CD_00,CD_16
189761,Cliente_189761,5,CD_18,CD_04
212388,Cliente_212388,2,CD_16,CD_15
312719,Cliente_312719,14,CD_15,CD_17
648947,Cliente_648947,4,CD_18,CD_11
995694,Cliente_995694,3,CD_06,CD_15
975965,Cliente_975965,21,CD_16,CD_05
810378,Cliente_810378,11,CD_01,CD_00
929102,Cliente_929102,26,CD_18,CD_05
760001,Cliente_760001,21,CD_07,CD_20
973930,Cliente_973930,14,CD_18,CD_04
885512,Cliente_885512,23,CD_08,CD_00
622779,Cliente_622779,2,CD_04,CD_03
567954,Cliente_567954,23,CD_09,CD_14
634290,Cliente_634290,15,CD_09,CD_19
170143,Cliente_170143,6,CD_14,CD_20
177770,Cliente_177770,27,CD_08,CD_15
343479,Cliente_343479,15,CD_03,CD_13
804394,Cliente_804394,7,CD_20,CD_09
207342,Cliente_207342,27,CD_01,CD_02
8161,Cliente_8161,5,CD_10,CD_14
768095,Cliente_768095,17,CD_05,CD_15
156202,Cliente_156202,13,CD_13,CD_12
567347,Cliente_567347,21,CD_04,CD_19
850951,Cliente_850951,2,CD_10,CD_14
557657,Cliente_557657,25,CD_15,CD_17
162920,Cliente_162920,15,CD_19,CD_05
297229,Cliente_297229,30,CD_08,CD_20
427386,Cliente_427386,23,CD_08,CD_06
441487,Cliente_441487,1,CD_12,CD_07
723661,Cliente_723661,18,CD_12,CD_08
524931,Cliente_524931,7,CD_02,CD_05
960292,Cliente_960292,11,CD_16,CD_00
963342,Cliente_963342,7,CD_02,CD_11
870760,Cliente_870760,2,CD_18,CD_11
814052,Cliente_814052,20,CD_00,CD_09
747428,Cliente_747428,1,CD_14,CD_08
996777,Cliente_996777,18,CD_11,CD_08
370468,Cliente_370468,10,CD_09,CD_00
423172,Cliente_423172,10,CD_07,CD_20
582467,Cliente_582467,14,CD_19,CD_20
921729,Cliente_921729,16,CD_14,CD_12
272062,Cliente_272062,13,CD_06,CD_02
489842,Cliente_489842,5,CD_17,CD_15
886793,Cliente_886793,30,CD_11,CD_16
597758,Cliente_597758,25,CD_13,CD_12
427987,Cliente_427987,6,CD_05,CD_04
988138,Cliente_988138,29,CD_20,CD_11
975172,Cliente_975172,12,CD_15,CD_13
813267,Cliente_813267,12,CD_02,CD_17
944317,Cliente_944317,11,CD_19,CD_09
788208,Cliente_788208,18,CD_16,CD_15
871132,Cliente_871132,20,CD_10,CD_17
933266,Cliente_933266,9,CD_02,CD_03
830199,Cliente_830199,24,CD_13,CD_05
944356,Cliente_944356,26,CD_12,CD_08
337246,Cliente_337246,29,CD_08,CD_12
846957,Cliente_846957,12,CD_14,CD_11
349787,Cliente_349787,21,CD_14,CD_03
364602,Cliente_364602,30,CD_18,CD_12
416872,Cliente_416872,15,CD_08,CD_09
996500,Cliente_996500,21,CD_11,CD_14
468376,Cliente_468376,30,CD_13,CD_18
636864,Cliente_636864,1,CD_05,CD_06
132666,Cliente_132666,30,CD_17,CD_20
997418,Cliente_997418,3,CD_17,CD_06
697114,Cliente_697114,8,CD_13,CD_07
172623,Cliente_172623,29,CD_16,CD_04
688951,Cliente_688951,6,CD_13,CD_15
133758,Cliente_133758,18,CD_11,CD_01
813807,Cliente_813807,21,CD_01,CD_17
299889,Cliente_299889,11,CD_07,CD_20
420633,Cliente_420633,7,CD_19,CD_11
847637,Cliente_847637,21,CD_00,CD_01
263948,Cliente_263948,9,CD_07,CD_12
726855,Cliente_726855,30,CD_09,CD_14
2300,Cliente_2300,6,CD_16,CD_07
798329,Cliente_798329,6,CD_18,CD_19
874217,Cliente_874217,5,CD_17,CD_13
911430,Cliente_911430,27,CD_17,CD_01
164642,Cliente_164642,12,CD_14,CD_13
513423,Cliente_513423,4,CD_01,CD_19
739778,Cliente_739778,13,CD_16,CD_11
105586,Cliente_105586,28,CD_11,CD_16
581479,Cliente_581479,24,CD_12,CD_18
119065,Cliente_119065,5,CD_09,CD_03
395767,Cliente_395767,27,CD_06,CD_19
126787,Cliente_126787,17,CD_05,CD_01
229466,Cliente_229466,25,CD_04,CD_02
872722,Cliente_872722,18,CD_09,CD_08
391740,Cliente_391740,3,CD_10,CD_13
284285,Cliente_284285,3,CD_07,CD_17
788494,Cliente_788494,17,CD_04,CD_01
246520,Cliente_246520,19,CD_05,CD_15
719196,Cliente_719196,5,CD_16,CD_10
546393,Cliente_546393,20,CD_06,CD_11
234143,Cliente_234143,12,CD_11,CD_07
658674,Cliente_658674,6,CD_00,CD_18
855613,Cliente_855613,23,CD_19,CD_18
854800,Cliente_854800,5,CD_16,CD_05
521528,Cliente_521528,21,CD_19,CD_17
11258,Cliente_11258,5,CD_08,CD_14
602348,Cliente_602348,4,CD_05,CD_02
993967,Cliente_993967,25,CD_09,CD_01
206156,Cliente_206156,13,CD_14,CD_12
349098,Cliente_349098,9,CD_02,CD_11
275689,Cliente_275689,22,CD_20,CD_06
50399,Cliente_50399,18,CD_07,CD_14
535341,Cliente_535341,2,CD_17,CD_14
711741,Cliente_711741,11,CD_08,CD_18
372506,Cliente_372506,19,CD_05,CD_19
559851,Cliente_559851,15,CD_07,CD_16
733389,Cliente_733389,27,CD_01,CD_15
915148,Cliente_915148,17,CD_01,CD_05
32126,Cliente_32126,11,CD_16,CD_11
900007,Cliente_900007,19,CD_12,CD_02
536824,Cliente_536824,25,CD_05,CD_01
683703,Cliente_683703,9,CD_17,CD_13
251624,Cliente_251624,1,CD_05,CD_10
432991,Cliente_432991,21,CD_13,CD_06
557912,Cliente_557912,2,CD_20,CD_07
744611,Cliente_744611,25,CD_03,CD_09
157500,Cliente_157500,13,CD_13,CD_19
601144,Cliente_601144,24,CD_00,CD_01
131292,Cliente_131292,26,CD_19,CD_09
650312,Cliente_650312,26,CD_11,CD_12
468817,Cliente_468817,3,CD_17,CD_15
963436,Cliente_963436,16,CD_19,CD_08
182981,Cliente_182981,4,CD_13,CD_10
139887,Cliente_139887,12,CD_07,CD_08
166519,Cliente_166519,20,CD_00,CD_16
548817,Cliente_548817,29,CD_00,CD_12
821364,Cliente_821364,8,CD_13,CD_15
379649,Cliente_379649,27,CD_02,CD_00
980190,Cliente_980190,13,CD_15,CD_16
511266,Cliente_511266,1,CD_04,CD_07
287785,Cliente_287785,16,CD_13,CD_16
431622,Cliente_431622,26,CD_10,CD_00
359704,Cliente_359704,19,CD_01,CD_07
937205,Cliente_937205,17,CD_04,CD_01
516292,Cliente_516292,7,CD_15,CD_18
905191,Cliente_905191,23,CD_05,CD_14
682773,Cliente_682773,6,CD_05,CD_18
891845,Cliente_891845,28,CD_10,CD_06
188550,Cliente_188550,6,CD_01,CD_13
575532,Cliente_575532,19,CD_01,CD_09
438116,Cliente_438116,18,CD_15,CD_19
283241,Cliente_283241,11,CD_10,CD_08
916943,Cliente_916943,12,CD_09,CD_17
819581,Cliente_819581,11,CD_13,CD_16
321912,Cliente_321912,16,CD_02,CD_05
725274,Cliente_725274,14,CD_02,CD_20
732769,Cliente_732769,11,CD_20,CD_18
715107,Cliente_715107,16,CD_15,CD_11
285023,Cliente_285023,24,CD_02,CD_15
400047,Cliente_400047,13,CD_11,CD_16
705307,Cliente_705307,3,CD_02,CD_05
330055,Cliente_330055,9,CD_09,CD_13
236300,Cliente_236300,3,CD_04,CD_17
777315,Cliente_777315,10,CD_15,CD_06
708605,Cliente_708605,25,CD_18,CD_11
502129,Cliente_502129,26,CD_18,CD_04
763021,Cliente_763021,8,CD_08,CD_02
802445,Cliente_802445,20,CD_11,CD_01
256426,Cliente_256426,18,CD_00,CD_09
730441,Cliente_730441,10,CD_20,CD_00
126292,Cliente_126292,23,CD_00,CD_13
413990,Cliente_413990,8,CD_17,CD_14
811168,Cliente_811168,20,CD_02,CD_08
221017,Cliente_221017,13,CD_00,CD_10
241842,Cliente_241842,28,CD_09,CD_01
515271,Cliente_515271,7,CD_10,CD_01
647297,Cliente_647297,15,CD_18,CD_04
613320,Cliente_613320,1,CD_13,CD_02
940182,Cliente_940182,19,CD_02,CD_11
133671,Cliente_133671,15,CD_08,CD_14
515020,Cliente_515020,25,CD_05,CD_02
942495,Cliente_942495,4,CD_09,CD_03
311249,Cliente_311249,8,CD_06,CD_16
699295,Cliente_699295,28,CD_05,CD_07
959267,Cliente_959267,27,CD_16,CD_18
916999,Cliente_916999,30,CD_20,CD_14
202004,Cliente_202004,29,CD_12,CD_14
336744,Cliente_336744,6,CD_11,CD_20
438150,Cliente_438150,16,CD_01,CD_05
513800,Cliente_513800,12,CD_00,CD_05
577455,Cliente_577455,4,CD_09,CD_01
712667,Cliente_712667,22,CD_01,CD_10
459158,Cliente_459158,24,CD_19,CD_08
327114,Cliente_327114,16,CD_15,CD_03
14458,Cliente_14458,11,CD_03,CD_08
720512,Cliente_720512,28,CD_19,CD_14
353102,Cliente_353102,9,CD_08,CD_20
742640,Cliente_742640,11,CD_10,CD_19
32449,Cliente_32449,23,CD_10,CD_09
715049,Cliente_715049,25,CD_05,CD_02
242701,Cliente_242701,7,CD_05,CD_18
471836,Cliente_471836,29,CD_03,CD_20
84792,Cliente_84792,23,CD_10,CD_01
744122,Cliente_744122,30,CD_19,CD_04
982167,Cliente_982167,2,CD_07,CD_14
272159,Cliente_272159,1,CD_09,CD_17
848030,Cliente_848030,15,CD_08,CD_00
681253,Cliente_681253,14,CD_06,CD_02
843363,Cliente_843363,25,CD_14,CD_02
692332,Cliente_692332,16,CD_11,CD_05
266076,Cliente_266076,12,CD_02,CD_09
235349,Cliente_235349,12,CD_00,CD_12
120099,Cliente_120099,17,CD_12,CD_14
336577,Cliente_336577,4,CD_03,CD_12
903157,Cliente_903157,24,CD_14,CD_04
292694,Cliente_292694,27,CD_07,CD_16
935214,Cliente_935214,6,CD_09,CD_01
453882,Cliente_453882,22,CD_01,CD_04
606926,Cliente_606926,14,CD_12,CD_06
696213,Cliente_696213,25,CD_13,CD_12
520502,Cliente_520502,20,CD_01,CD_19
628691,Cliente_628691,7,CD_07,CD_01
921994,Cliente_921994,12,CD_03,CD_10
241116,Cliente_241116,21,CD_13,CD_14
718476,Cliente_718476,11,CD_08,CD_11
812940,Cliente_812940,6,CD_07,CD_08
553160,Cliente_553160,27,CD_08,CD_00
416260,Cliente_416260,23,CD_03,CD_13
129233,Cliente_129233,2,CD_11,CD_15
535340,Cliente_535340,9,CD_04,CD_20
372531,Cliente_372531,30,CD_17,CD_04
137157,Cliente_137157,28,CD_04,CD_16
876212,Cliente_876212,28,CD_13,CD_06
579817,Cliente_579817,5,CD_11,CD_13
186837,Cliente_186837,12,CD_16,CD_17
37136,Cliente_37136,25,CD_09,CD_05
492752,Cliente_492752,16,CD_06,CD_07
453447,Cliente_453447,4,CD_18,CD_16
942488,Cliente_942488,8,CD_15,CD_20
652982,Cliente_652982,26,CD_04,CD_17
74315,Cliente_74315,1,CD_17,CD_13
475921,Cliente_475921,15,CD_15,CD_19
73624,Cliente_73624,15,CD_08,CD_10
577391,Cliente_577391,11,CD_10,CD_12
445934,Cliente_445934,9,CD_08,CD_12
234271,Cliente_234271,22,CD_17,CD_02
376009,Cliente_376009,26,CD_10,CD_14
700059,Cliente_700059,19,CD_18,CD_04
211442,Cliente_211442,23,CD_13,CD_09
943047,Cliente_943047,1,CD_14,CD_08
188472,Cliente_188472,10,CD_16,CD_03
619569,Cliente_619569,10,CD_00,CD_08
810615,Cliente_810615,3,CD_20,CD_08
39889,Cliente_39889,2,CD_07,CD_01
766547,Cliente_766547,15,CD_16,CD_19
454152,Cliente_454152,3,CD_08,CD_14
266363,Cliente_266363,18,CD_05,CD_13
236998,Cliente_236998,3,CD_04,CD_06
206663,Cliente_206663,11,CD_13,CD_08
543979,Cliente_543979,28,CD_03,CD_18
814114,Cliente_814114,15,CD_05,CD_20
76296,Cliente_76296,19,CD_00,CD_13
736682,Cliente_736682,29,CD_13,CD_02
729001,Cliente_729001,30,CD_08,CD_14
743800,Cliente_743800,16,CD_08,CD_04
659712,Cliente_659712,24,CD_10,CD_06
957730,Cliente_957730,16,CD_17,CD_10
50076,Cliente_50076,2,CD_20,CD_14
612498,Cliente_612498,17,CD_15,CD_02
636021,Cliente_636021,20,CD_01,CD_13
930339,Cliente_930339,13,CD_06,CD_13
872134,Cliente_872134,10,CD_19,CD_17
504357,Cliente_504357,7,CD_08,CD_11
761927,Cliente_761927,6,CD_11,CD_00
255435,Cliente_255435,6,CD_07,CD_08
501653,Cliente_501653,23,CD_19,CD_16
9059,Cliente_9059,5,CD_19,CD_20
698749,Cliente_698749,8,CD_07,CD_04
330123,Cliente_330123,10,CD_12,CD_16
213696,Cliente_213696,29,CD_19,CD_06
773812,Cliente_773812,27,CD_03,CD_10
510800,Cliente_510800,26,CD_06,CD_04
496611,Cliente_496611,15,CD_12,CD_17
933073,Cliente_933073,3,CD_05,CD_01
771306,Cliente_771306,17,CD_18,CD_10
423321,Cliente_423321,24,CD_15,CD_04
628467,Cliente_628467,30,CD_02,CD_15
751,Cliente_751,19,CD_02,CD_11
732405,Cliente_732405,23,CD_08,CD_12
124559,Cliente_124559,15,CD_18,CD_05
423676,Cliente_423676,2,CD_06,CD_17
106659,Cliente_106659,10,CD_10,CD_15
61541,Cliente_61541,29,CD_12,CD_16
612107,Cliente_612107,6,CD_16,CD_05
266718,Cliente_266718,9,CD_09,CD_15
90134,Cliente_90134,11,CD_04,CD_05
11562,Cliente_11562,30,CD_01,CD_08
418758,Cliente_418758,29,CD_19,CD_17
516443,Cliente_516443,11,CD_15,CD_13
525904,Cliente_525904,29,CD_13,CD_15
959318,Cliente_959318,24,CD_11,CD_00
309593,Cliente_309593,10,CD_14,CD_08
726752,Cliente_726752,10,CD_04,CD_14
645225,Cliente_645225,10,CD_00,CD_12
956913,Cliente_956913,16,CD_16,CD_09
161456,Cliente_161456,9,CD_20,CD_03
62366,Cliente_62366,29,CD_09,CD_15
180689,Cliente_180689,28,CD_03,CD_10
872060,Cliente_872060,23,CD_01,CD_09
57170,Cliente_57170,11,CD_16,CD_03
600650,Cliente_600650,15,CD_09,CD_14
118541,Cliente_118541,27,CD_10,CD_03
850843,Cliente_850843,11,CD_19,CD_09
818507,Cliente_818507,21,CD_05,CD_09
39919,Cliente_39919,7,CD_04,CD_18
920278,Cliente_920278,22,CD_14,CD_01
871019,Cliente_871019,4,CD_06,CD_13
911866,Cliente_911866,19,CD_11,CD_04
400147,Cliente_400147,14,CD_08,CD_18
498055,Cliente_498055,14,CD_12,CD_08
198607,Cliente_198607,1,CD_19,CD_04
561996,Cliente_561996,9,CD_07,CD_05
745322,Cliente_745322,6,CD_09,CD_16
143773,Cliente_143773,2,CD_16,CD_08
410381,Cliente_410381,1,CD_11,CD_01
702606,Cliente_702606,23,CD_12,CD_03
277704,Cliente_277704,12,CD_11,CD_07
854006,Cliente_854006,27,CD_19,CD_00
77578,Cliente_77578,29,CD_17,CD_04
608685,Cliente_608685,17,CD_00,CD_11
385571,Cliente_385571,19,CD_04,CD_10
998413,Cliente_998413,22,CD_15,CD_09
638088,Cliente_638088,7,CD_11,CD_14
343923,Cliente_343923,21,CD_10,CD_15
752527,Cliente_752527,8,CD_12,CD_07
885055,Cliente_885055,30,CD_15,CD_05
813486,Cliente_813486,28,CD_20,CD_12
469967,Cliente_469967,14,CD_19,CD_02
967360,Cliente_967360,11,CD_06,CD_13
294088,Cliente_294088,20,CD_00,CD_12
758527,Cliente_758527,30,CD_08,CD_14
615629,Cliente_615629,23,CD_09,CD_10
512266,Cliente_512266,16,CD_04,CD_02
209669,Cliente_209669,23,CD_04,CD_17
8608,Cliente_8608,11,CD_15,CD_04
800280,Cliente_800280,8,CD_04,CD_06
441059,Cliente_441059,23,CD_12,CD_13
112434,Cliente_112434,25,CD_05,CD_18
670998,Cliente_670998,11,CD_07,CD_14
792895,Cliente_792895,20,CD_00,CD_03
399711,Cliente_399711,13,CD_14,CD_11
255148,Cliente_255148,14,CD_08,CD_20
601733,Cliente_601733,3,CD_04,CD_20
750316,Cliente_750316,16,CD_15,CD_03
650226,Cliente_650226,18,CD_16,CD_08
476656,Cliente_476656,18,CD_15,CD_01
853937,Cliente_853937,15,CD_06,CD_15
256173,Cliente_256173,18,CD_17,CD_03
146096,Cliente_146096,6,CD_00,CD_11
473679,Cliente_473679,29,CD_00,CD_02
864163,Cliente_864163,18,CD_09,CD_13
935547,Cliente_935547,30,CD_11,CD_00
373598,Cliente_373598,27,CD_02,CD_16
978188,Cliente_978188,20,CD_19,CD_16
997946,Cliente_997946,18,CD_16,CD_18
307498,Cliente_307498,14,CD_14,CD_19
368167,Cliente_368167,4,CD_06,CD_11
533978,Cliente_533978,5,CD_15,CD_12
367372,Cliente_367372,27,CD_03,CD_13
225977,Cliente_225977,27,CD_08,CD_04
330765,Cliente_330765,2,CD_06,CD_12
194686,Cliente_194686,28,CD_10,CD_14
783557,Cliente_783557,15,CD_19,CD_04
533050,Cliente_533050,20,CD_06,CD_12
256651,Cliente_256651,29,CD_03,CD_11
938136,Cliente_938136,20,CD_20,CD_02
299758,Cliente_299758,20,CD_04,CD_03
215775,Cliente_215775,16,CD_10,CD_01
670779,Cliente_670779,30,CD_02,CD_13
818934,Cliente_818934,16,CD_17,CD_12
690607,Cliente_690607,5,CD_17,CD_06
838576,Cliente_838576,16,CD_05,CD_03
12988,Cliente_12988,22,CD_17,CD_04
887943,Cliente_887943,13,CD_18,CD_05
188582,Cliente_188582,30,CD_18,CD_13
253286,Cliente_253286,9,CD_00,CD_13
271224,Cliente_271224,21,CD_07,CD_00
140361,Cliente_140361,24,CD_14,CD_04
514160,Cliente_514160,7,CD_05,CD_10
809729,Cliente_809729,28,CD_17,CD_08
354623,Cliente_354623,16,CD_18,CD_15
585582,Cliente_585582,8,CD_11,CD_07
245125,Cliente_245125,4,CD_01,CD_17
504770,Cliente_504770,22,CD_02,CD_05
286104,Cliente_286104,24,CD_11,CD_06
548228,Cliente_548228,23,CD_08,CD_02
275709,Cliente_275709,10,CD_06,CD_03
113482,Cliente_113482,13,CD_18,CD_12
264813,Cliente_264813,7,CD_00,CD_02
943741,Cliente_943741,26,CD_07,CD_03
264586,Cliente_264586,13,CD_20,CD_05
684486,Cliente_684486,16,CD_07,CD_14
661947,Cliente_661947,3,CD_11,CD_16
557942,Cliente_557942,20,CD_19,CD_12
359234,Cliente_359234,2,CD_04,CD_17
461330,Cliente_461330,6,CD_03,CD_20
429640,Cliente_429640,2,CD_18,CD_09
552416,Cliente_552416,20,CD_17,CD_18
423868,Cliente_423868,10,CD_00,CD_01
871628,Cliente_871628,9,CD_10,CD_15
442137,Cliente_442137,12,CD_02,CD_12
979055,Cliente_979055,27,CD_15,CD_14
870501,Cliente_870501,6,CD_11,CD_15
171786,Cliente_171786,21,CD_10,CD_06
490414,Cliente_490414,22,CD_19,CD_18
301770,Cliente_301770,28,CD_15,CD_02
12941,Cliente_12941,30,CD_10,CD_03
494211,Cliente_494211,6,CD_09,CD_01
915556,Cliente_915556,2,CD_14,CD_05
147191,Cliente_147191,3,CD_17,CD_19
952545,Cliente_952545,27,CD_13,CD_02
376462,Cliente_376462,21,CD_18,CD_20
406651,Cliente_406651,6,CD_16,CD_12
536477,Cliente_536477,1,CD_12,CD_04
949873,Cliente_949873,26,CD_00,CD_09
859297,Cliente_859297,28,CD_02,CD_11
221008,Cliente_221008,22,CD_08,CD_12
524802,Cliente_524802,26,CD_12,CD_05
21739,Cliente_21739,28,CD_19,CD_15
592787,Cliente_592787,26,CD_16,CD_14
776226,Cliente_776226,15,CD_11,CD_12
448353,Cliente_448353,11,CD_06,CD_08
881316,Cliente_881316,8,CD_13,CD_10
982002,Cliente_982002,1,CD_03,CD_05
804990,Cliente_804990,25,CD_05,CD_19
407244,Cliente_407244,7,CD_19,CD_08
211375,Cliente_211375,10,CD_18,CD_07
275949,Cliente_275949,14,CD_16,CD_06
974846,Cliente_974846,6,CD_18,CD_19
988339,Cliente_988339,30,CD_19,CD_11
980980,Cliente_980980,3,CD_06,CD_08
425186,Cliente_425186,16,CD_12,CD_16
398875,Cliente_398875,4,CD_08,CD_14
334171,Cliente_334171,15,CD_17,CD_05
474048,Cliente_474048,11,CD_05,CD_18
693734,Cliente_693734,26,CD_18,CD_07
692784,Cliente_692784,22,CD_07,CD_03
767016,Cliente_767016,13,CD_14,CD_10
183358,Cliente_183358,20,CD_07,CD_08
165421,Cliente_165421,3,CD_11,CD_15
799035,Cliente_799035,25,CD_04,CD_01
860575,Cliente_860575,24,CD_11,CD_00
367292,Cliente_367292,19,CD_16,CD_11
439884,Cliente_439884,4,CD_01,CD_03
736280,Cliente_736280,21,CD_06,CD_08
493539,Cliente_493539,29,CD_07,CD_13
451751,Cliente_451751,9,CD_01,CD_17
75127,Cliente_75127,21,CD_12,CD_20
964227,Cliente_964227,17,CD_07,CD_19
756026,Cliente_756026,16,CD_03,CD_06
395210,Cliente_395210,2,CD_19,CD_11
756035,Cliente_756035,21,CD_15,CD_19
924249,Cliente_924249,1,CD_20,CD_04
156424,Cliente_156424,5,CD_16,CD_10
554834,Cliente_554834,16,CD_14,CD_04
555492,Cliente_555492,5,CD_09,CD_14
591383,Cliente_591383,26,CD_09,CD_18
676049,Cliente_676049,10,CD_20,CD_08
913420,Cliente_913420,10,CD_09,CD_13
950831,Cliente_950831,14,CD_07,CD_02
503384,Cliente_503384,16,CD_19,CD_13
926395,Cliente_926395,16,CD_20,CD_12
659492,Cliente_659492,30,CD_19,CD_09
56920,Cliente_56920,22,CD_04,CD_12
40537,Cliente_40537,5,CD_03,CD_01
18313,Cliente_18313,5,CD_04,CD_02
427814,Cliente_427814,12,CD_18,CD_01
316916,Cliente_316916,11,CD_03,CD_00
738552,Cliente_738552,15,CD_09,CD_13
917728,Cliente_917728,3,CD_10,CD_13
516224,Cliente_516224,1,CD_17,CD_09
246263,Cliente_246263,21,CD_10,CD_17
607920,Cliente_607920,18,CD_02,CD_09
442820,Cliente_442820,20,CD_16,CD_17
356797,Cliente_356797,12,CD_13,CD_10
885750,Cliente_885750,25,CD_05,CD_13
754974,Cliente_754974,18,CD_01,CD_15
935451,Cliente_935451,26,CD_09,CD_03
102859,Cliente_102859,17,CD_00,CD_02
464549,Cliente_464549,4,CD_15,CD_03
517497,Cliente_517497,18,CD_18,CD_19
219259,Cliente_219259,23,CD_11,CD_13
745122,Cliente_745122,6,CD_00,CD_13
67210,Cliente_67210,5,CD_11,CD_09
869714,Cliente_869714,26,CD_04,CD_07
855264,Cliente_855264,14,CD_16,CD_04
712494,Cliente_712494,23,CD_16,CD_18
750651,Cliente_750651,23,CD_01,CD_06
611169,Cliente_611169,4,CD_10,CD_07
667782,Cliente_667782,24,CD_13,CD_16
784940,Cliente_784940,29,CD_08,CD_03
759844,Cliente_759844,30,CD_16,CD_03
247392,Cliente_247392,13,CD_11,CD_12
982117,Cliente_982117,11,CD_11,CD_04
984735,Cliente_984735,8,CD_08,CD_12
38734,Cliente_38734,29,CD_14,CD_17
681439,Cliente_681439,17,CD_08,CD_06
938710,Cliente_938710,23,CD_16,CD_12
917734,Cliente_917734,23,CD_02,CD_18
177763,Cliente_177763,30,CD_05,CD_20
168846,Cliente_168846,19,CD_17,CD_04
759760,Cliente_759760,8,CD_19,CD_07
109186,Cliente_109186,26,CD_00,CD_19
200627,Cliente_200627,20,CD_06,CD_07
863016,Cliente_863016,5,CD_18,CD_01
637046,Cliente_637046,25,CD_16,CD_02
245476,Cliente_245476,13,CD_10,CD_06
862412,Cliente_862412,23,CD_00,CD_18
939775,Cliente_939775,10,CD_11,CD_12
93334,Cliente_93334,14,CD_06,CD_11
521942,Cliente_521942,27,CD_02,CD_03
148593,Cliente_148593,5,CD_16,CD_15
283606,Cliente_283606,5,CD_00,CD_18
815144,Cliente_815144,25,CD_14,CD_18
671296,Cliente_671296,17,CD_05,CD_02
852578,Cliente_852578,10,CD_15,CD_12
80636,Cliente_80636,13,CD_13,CD_01
5492,Cliente_5492,1,CD_02,CD_05
724120,Cliente_724120,11,CD_17,CD_03
212548,Cliente_212548,23,CD_05,CD_07
447893,Cliente_447893,19,CD_15,CD_19
859461,Cliente_859461,25,CD_13,CD_01
815592,Cliente_815592,5,CD_06,CD_01
822722,Cliente_822722,1,CD_11,CD_10
686915,Cliente_686915,9,CD_10,CD_05
360800,Cliente_360800,5,CD_19,CD_18
748302,Cliente_748302,24,CD_15,CD_07
494301,Cliente_494301,3,CD_16,CD_08
907248,Cliente_907248,18,CD_12,CD_09
782421,Cliente_782421,4,CD_12,CD_10
641285,Cliente_641285,20,CD_03,CD_08
787321,Cliente_787321,18,CD_17,CD_13
714406,Cliente_714406,22,CD_03,CD_16
61207,Cliente_61207,17,CD_04,CD_15
785831,Cliente_785831,1,CD_17,CD_10
251223,Cliente_251223,18,CD_10,CD_09
271506,Cliente_271506,11,CD_18,CD_17
999994,Cliente_999994,24,CD_16,CD_20
470510,Cliente_470510,28,CD_04,CD_17
463003,Cliente_463003,22,CD_17,CD_00
81916,Cliente_81916,29,CD_20,CD_06
559215,Cliente_559215,9,CD_18,CD_10
108917,Cliente_108917,20,CD_03,CD_02
48646,Cliente_48646,19,CD_04,CD_10
774223,Cliente_774223,28,CD_08,CD_14
143369,Cliente_143369,23,CD_07,CD_16
892855,Cliente_892855,24,CD_10,CD_02
803004,Cliente_803004,13,CD_00,CD_19
125974,Cliente_125974,7,CD_17,CD_18
508667,Cliente_508667,5,CD_07,CD_17
875278,Cliente_875278,2,CD_17,CD_00
457022,Cliente_457022,21,CD_06,CD_15
780203,Cliente_780203,3,CD_13,CD_07
568772,Cliente_568772,23,CD_08,CD_05
701472,Cliente_701472,9,CD_05,CD_20
641976,Cliente_641976,21,CD_14,CD_15
894683,Cliente_894683,15,CD_12,CD_18
885754,Cliente_885754,26,CD_04,CD_09
566623,Cliente_566623,23,CD_20,CD_04
79355,Cliente_79355,5,CD_16,CD_14
513229,Cliente_513229,2,CD_08,CD_17
669387,Cliente_669387,20,CD_11,CD_02
561927,Cliente_561927,7,CD_16,CD_08
671872,Cliente_671872,22,CD_04,CD_20
213864,Cliente_213864,1,CD_01,CD_15
702480,Cliente_702480,19,CD_09,CD_04
513394,Cliente_513394,8,CD_05,CD_09
708123,Cliente_708123,23,CD_13,CD_06
51187,Cliente_51187,21,CD_05,CD_06
597802,Cliente_597802,20,CD_05,CD_10
817409,Cliente_817409,13,CD_19,CD_03
734258,Cliente_734258,2,CD_19,CD_17
799037,Cliente_799037,28,CD_01,CD_06
777553,Cliente_777553,11,CD_11,CD_20
55571,Cliente_55571,12,CD_11,CD_19
855117,Cliente_855117,29,CD_17,CD_05
524598,Cliente_524598,5,CD_12,CD_15
931418,Cliente_931418,8,CD_05,CD_15
999270,Cliente_999270,25,CD_11,CD_20
178706,Cliente_178706,11,CD_19,CD_06
86251,Cliente_86251,8,CD_06,CD_07
101008,Cliente_101008,6,CD_12,CD_08
278317,Cliente_278317,15,CD_05,CD_18
150828,Cliente_150828,18,CD_02,CD_17
427219,Cliente_427219,23,CD_11,CD_14
551387,Cliente_551387,17,CD_01,CD_14
729715,Cliente_729715,8,CD_11,CD_13
380189,Cliente_380189,7,CD_20,CD_16
720631,Cliente_720631,3,CD_10,CD_19
441428,Cliente_441428,3,CD_16,CD_18
99593,Cliente_99593,29,CD_13,CD_09
428100,Cliente_428100,30,CD_03,CD_15
416598,Cliente_416598,8,CD_18,CD_10
50001,Cliente_50001,9,CD_01,CD_10
976844,Cliente_976844,25,CD_01,CD_05
677827,Cliente_677827,20,CD_04,CD_09
833051,Cliente_833051,4,CD_07,CD_11
787780,Cliente_787780,12,CD_10,CD_15
466168,Cliente_466168,27,CD_03,CD_00
270496,Cliente_270496,11,CD_02,CD_04
281941,Cliente_281941,30,CD_18,CD_01
256835,Cliente_256835,11,CD_10,CD_00
749994,Cliente_749994,14,CD_17,CD_16
760830,Cliente_760830,19,CD_04,CD_09
589359,Cliente_589359,27,CD_15,CD_08
308483,Cliente_308483,20,CD_06,CD_00
488286,Cliente_488286,13,CD_19,CD_08
459236,Cliente_459236,2,CD_16,CD_19
23285,Cliente_23285,17,CD_14,CD_06
758679,Cliente_758679,30,CD_17,CD_20
936690,Cliente_936690,8,CD_09,CD_17
136692,Cliente_136692,14,CD_06,CD_11
173780,Cliente_173780,28,CD_15,CD_14
742068,Cliente_742068,16,CD_14,CD_03
396640,Cliente_396640,18,CD_00,CD_06
410932,Cliente_410932,8,CD_10,CD_15
638490,Cliente_638490,25,CD_03,CD_19
40367,Cliente_40367,29,CD_18,CD_00
168775,Cliente_168775,21,CD_01,CD_04
552327,Cliente_552327,30,CD_13,CD_14
283761,Cliente_283761,21,CD_07,CD_09
206141,Cliente_206141,3,CD_18,CD_17
578537,Cliente_578537,3,CD_15,CD_00
523208,Cliente_523208,22,CD_06,CD_16
185618,Cliente_185618,5,CD_20,CD_19
501883,Cliente_501883,6,CD_19,CD_12
750648,Cliente_750648,20,CD_05,CD_20
522041,Cliente_522041,20,CD_02,CD_00
725446,Cliente_725446,27,CD_08,CD_07
923061,Cliente_923061,12,CD_05,CD_06
459590,Cliente_459590,9,CD_07,CD_18
71579,Cliente_71579,28,CD_18,CD_00
83607,Cliente_83607,23,CD_08,CD_18
1372,Cliente_1372,21,CD_13,CD_12
827165,Cliente_827165,30,CD_11,CD_18
109193,Cliente_109193,10,CD_18,CD_10
609084,Cliente_609084,8,CD_14,CD_10
162890,Cliente_162890,6,CD_18,CD_12
566736,Cliente_566736,16,CD_08,CD_20
258597,Cliente_258597,1,CD_19,CD_17
861104,Cliente_861104,28,CD_02,CD_09
1747,Cliente_1747,5,CD_03,CD_07
276869,Cliente_276869,25,CD_06,CD_05
200510,Cliente_200510,11,CD_05,CD_03
116811,Cliente_116811,26,CD_13,CD_07
520129,Cliente_520129,26,CD_05,CD_06
323342,Cliente_323342,3,CD_16,CD_18
371499,Cliente_371499,29,CD_04,CD_14
423086,Cliente_423086,3,CD_10,CD_00
215035,Cliente_215035,30,CD_05,CD_12
340506,Cliente_340506,23,CD_07,CD_20
637541,Cliente_637541,11,CD_19,CD_00
867992,Cliente_867992,3,CD_12,CD_09
77643,Cliente_77643,18,CD_02,CD_12
836283,Cliente_836283,11,CD_01,CD_17
84228,Cliente_84228,27,CD_10,CD_08
242987,Cliente_242987,28,CD_02,CD_09
295831,Cliente_295831,23,CD_08,CD_20
423968,Cliente_423968,26,CD_08,CD_11
281920,Cliente_281920,7,CD_00,CD_13
143719,Cliente_143719,21,CD_14,CD_19
254186,Cliente_254186,18,CD_04,CD_17
198555,Cliente_198555,14,CD_07,CD_11
499635,Cliente_499635,10,CD_09,CD_06
848108,Cliente_848108,5,CD_20,CD_05
969644,Cliente_969644,29,CD_11,CD_04
162523,Cliente_162523,1,CD_13,CD_06
88469,Cliente_88469,1,CD_04,CD_12
442939,Cliente_442939,2,CD_11,CD_01
939172,Cliente_939172,4,CD_16,CD_12
895218,Cliente_895218,11,CD_06,CD_19
126271,Cliente_126271,1,CD_02,CD_19
246773,Cliente_246773,6,CD_12,CD_01
181372,Cliente_181372,5,CD_06,CD_07
694351,Cliente_694351,20,CD_13,CD_08
442792,Cliente_442792,22,CD_03,CD_04
291290,Cliente_291290,23,CD_11,CD_15
197117,Cliente_197117,18,CD_07,CD_16
707331,Cliente_707331,4,CD_12,CD_06
956969,Cliente_956969,6,CD_19,CD_11
617994,Cliente_617994,9,CD_14,CD_06
980493,Cliente_980493,24,CD_17,CD_20
793855,Cliente_793855,9,CD_12,CD_05
383611,Cliente_383611,11,CD_09,CD_13
377862,Cliente_377862,12,CD_18,CD_20
546999,Cliente_546999,24,CD_03,CD_00
575507,Cliente_575507,19,CD_07,CD_09
237687,Cliente_237687,16,CD_12,CD_07
330798,Cliente_330798,23,CD_11,CD_15
728163,Cliente_728163,4,CD_16,CD_19
221040,Cliente_221040,19,CD_11,CD_10
549780,Cliente_549780,17,CD_10,CD_20
343492,Cliente_343492,15,CD_10,CD_07
434456,Cliente_434456,16,CD_08,CD_04
386918,Cliente_386918,23,CD_18,CD_05
930028,Cliente_930028,2,CD_12,CD_08
420582,Cliente_420582,1,CD_07,CD_11
269952,Cliente_269952,11,CD_08,CD_20
447014,Cliente_447014,4,CD_14,CD_06
332151,Cliente_332151,10,CD_08,CD_11
380631,Cliente_380631,23,CD_13,CD_05
793081,Cliente_793081,17,CD_17,CD_03
871779,Cliente_871779,19,CD_14,CD_07
190632,Cliente_190632,12,CD_17,CD_15
457382,Cliente_457382,2,CD_17,CD_04
143705,Cliente_143705,27,CD_07,CD_03
453385,Cliente_453385,23,CD_07,CD_18
169106,Cliente_169106,6,CD_11,CD_17
297105,Cliente_297105,7,CD_10,CD_01
896936,Cliente_896936,27,CD_00,CD_07
301039,Cliente_301039,7,CD_06,CD_12
235509,Cliente_235509,21,CD_03,CD_05
224470,Cliente_224470,3,CD_12,CD_05
319308,Cliente_319308,5,CD_10,CD_19
516545,Cliente_516545,18,CD_09,CD_05
332386,Cliente_332386,9,CD_02,CD_15
669468,Cliente_669468,24,CD_14,CD_10
357431,Cliente_357431,17,CD_16,CD_00
349515,Cliente_349515,14,CD_07,CD_16
237730,Cliente_237730,13,CD_15,CD_01
148652,Cliente_148652,21,CD_18,CD_03
206553,Cliente_206553,29,CD_04,CD_16
847831,Cliente_847831,24,CD_13,CD_15
209064,Cliente_209064,18,CD_05,CD_07
86494,Cliente_86494,22,CD_10,CD_15
41590,Cliente_41590,13,CD_11,CD_09
273295,Cliente_273295,10,CD_05,CD_20
562245,Cliente_562245,4,CD_06,CD_20
865071,Cliente_865071,12,CD_10,CD_18
258353,Cliente_258353,20,CD_19,CD_11
581566,Cliente_581566,21,CD_20,CD_08
765165,Cliente_765165,13,CD_07,CD_06
634871,Cliente_634871,2,CD_02,CD_04
220875,Cliente_220875,29,CD_19,CD_06
39502,Cliente_39502,14,CD_20,CD_17
939444,Cliente_939444,4,CD_19,CD_05
686556,Cliente_686556,13,CD_12,CD_17
326983,Cliente_326983,6,CD_05,CD_04
916985,Cliente_916985,4,CD_20,CD_08
629516,Cliente_629516,14,CD_09,CD_16
916577,Cliente_916577,14,CD_09,CD_05
815090,Cliente_815090,16,CD_13,CD_14
943683,Cliente_943683,8,CD_12,CD_06
214391,Cliente_214391,3,CD_07,CD_16
627519,Cliente_627519,15,CD_11,CD_16
282989,Cliente_282989,10,CD_20,CD_06
415719,Cliente_415719,20,CD_12,CD_14
711159,Cliente_711159,2,CD_09,CD_00
836094,Cliente_836094,3,CD_13,CD_03
82441,Cliente_82441,2,CD_11,CD_10
906876,Cliente_906876,12,CD_08,CD_00
120746,Cliente_120746,2,CD_12,CD_01
474439,Cliente_474439,24,CD_05,CD_18
833461,Cliente_833461,15,CD_07,CD_15
996986,Cliente_996986,4,CD_01,CD_03
561555,Cliente_561555,28,CD_15,CD_06
569569,Cliente_569569,7,CD_10,CD_03
916738,Cliente_916738,25,CD_19,CD_10
746811,Cliente_746811,17,CD_05,CD_15
474257,Cliente_474257,7,CD_17,CD_12
279735,Cliente_279735,20,CD_05,CD_10
178593,Cliente_178593,15,CD_18,CD_07
476278,Cliente_476278,3,CD_10,CD_06
282108,Cliente_282108,8,CD_17,CD_02
95242,Cliente_95242,5,CD_05,CD_01
360733,Cliente_360733,29,CD_01,CD_10
711905,Cliente_711905,4,CD_03,CD_09
688219,Cliente_688219,3,CD_08,CD_07
779377,Cliente_779377,29,CD_05,CD_12
130835,Cliente_130835,29,CD_16,CD_00
654981,Cliente_654981,5,CD_15,CD_13
920267,Cliente_920267,2,CD_07,CD_17
555632,Cliente_555632,12,CD_03,CD_04
72994,Cliente_72994,4,CD_10,CD_00
451452,Cliente_451452,11,CD_17,CD_12
300493,Cliente_300493,4,CD_12,CD_15
884186,Cliente_884186,29,CD_16,CD_03
632885,Cliente_632885,10,CD_20,CD_10
304365,Cliente_304365,25,CD_14,CD_12
594496,Cliente_594496,29,CD_20,CD_04
648158,Cliente_648158,1,CD_16,CD_00
66440,Cliente_66440,28,CD_04,CD_03
329136,Cliente_329136,4,CD_08,CD_17
992685,Cliente_992685,23,CD_18,CD_15
904088,Cliente_904088,17,CD_06,CD_11
634182,Cliente_634182,15,CD_18,CD_17
284769,Cliente_284769,22,CD_02,CD_06
626085,Cliente_626085,8,CD_14,CD_18
140789,Cliente_140789,9,CD_18,CD_13
758295,Cliente_758295,24,CD_14,CD_20
42899,Cliente_42899,12,CD_05,CD_04
210915,Cliente_210915,15,CD_13,CD_06
985431,Cliente_985431,10,CD_15,CD_01
325448,Cliente_325448,8,CD_01,CD_12
653878,Cliente_653878,5,CD_14,CD_05
732993,Cliente_732993,18,CD_10,CD_18
668992,Cliente_668992,16,CD_01,CD_20
150146,Cliente_150146,28,CD_01,CD_13
469151,Cliente_469151,27,CD_07,CD_19
120121,Cliente_120121,5,CD_15,CD_05
192020,Cliente_192020,12,CD_04,CD_02
809423,Cliente_809423,19,CD_09,CD_00
977727,Cliente_977727,4,CD_13,CD_14
862311,Cliente_862311,17,CD_18,CD_05
714325,Cliente_714325,10,CD_17,CD_15
538012,Cliente_538012,3,CD_07,CD_16
527017,Cliente_527017,30,CD_13,CD_12
413572,Cliente_413572,14,CD_06,CD_18
672741,Cliente_672741,25,CD_11,CD_07
300016,Cliente_300016,29,CD_14,CD_00
387407,Cliente_387407,21,CD_19,CD_08
184939,Cliente_184939,24,CD_04,CD_13
139719,Cliente_139719,9,CD_06,CD_00
49849,Cliente_49849,13,CD_04,CD_20
745605,Cliente_745605,29,CD_10,CD_08
900503,Cliente_900503,20,CD_15,CD_09
857067,Cliente_857067,9,CD_07,CD_17
967026,Cliente_967026,20,CD_12,CD_14
435284,Cliente_435284,30,CD_20,CD_00
671869,Cliente_671869,6,CD_06,CD_11
249231,Cliente_249231,14,CD_16,CD_09
949852,Cliente_949852,6,CD_00,CD_01
479021,Cliente_479021,23,CD_08,CD_12
181631,Cliente_181631,21,CD_15,CD_01
689805,Cliente_689805,28,CD_10,CD_02
561480,Cliente_561480,29,CD_05,CD_16
911524,Cliente_911524,22,CD_11,CD_12
208140,Cliente_208140,23,CD_10,CD_06
878710,Cliente_878710,7,CD_17,CD_19
22416,Cliente_22416,18,CD_10,CD_12
9434,Cliente_9434,13,CD_09,CD_03
910989,Cliente_910989,15,CD_09,CD_16
873721,Cliente_873721,29,CD_17,CD_10
227628,Cliente_227628,1,CD_03,CD_19
443534,Cliente_443534,8,CD_20,CD_06
489354,Cliente_489354,30,CD_04,CD_02
256359,Cliente_256359,2,CD_18,CD_07
998453,Cliente_998453,23,CD_07,CD_01
900258,Cliente_900258,20,CD_19,CD_07
175564,Cliente_175564,2,CD_01,CD_03
176397,Cliente_176397,2,CD_16,CD_09
324048,Cliente_324048,2,CD_00,CD_11
109469,Cliente_109469,15,CD_12,CD_02
233364,Cliente_233364,8,CD_14,CD_10
919641,Cliente_919641,24,CD_07,CD_09
596620,Cliente_596620,29,CD_17,CD_19
397923,Cliente_397923,9,CD_11,CD_18
232139,Cliente_232139,27,CD_11,CD_04
699297,Cliente_699297,7,CD_04,CD_03
502827,Cliente_502827,10,CD_02,CD_08
332662,Cliente_332662,27,CD_05,CD_02
497951,Cliente_497951,26,CD_15,CD_20
896622,Cliente_896622,13,CD_01,CD_17
667101,Cliente_667101,29,CD_08,CD_01
498294,Cliente_498294,20,CD_12,CD_05
9050,Cliente_9050,22,CD_00,CD_04
820638,Cliente_820638,17,CD_01,CD_05
492175,Cliente_492175,22,CD_09,CD_04
451094,Cliente_451094,30,CD_04,CD_15
818999,Cliente_818999,5,CD_07,CD_06
290547,Cliente_290547,24,CD_11,CD_10
766094,Cliente_766094,16,CD_07,CD_00
925419,Cliente_925419,14,CD_01,CD_19
439379,Cliente_439379,17,CD_19,CD_20
183636,Cliente_183636,30,CD_03,CD_13
307078,Cliente_307078,24,CD_14,CD_19
850025,Cliente_850025,27,CD_02,CD_08
137194,Cliente_137194,23,CD_03,CD_09
370116,Cliente_370116,3,CD_17,CD_19
128003,Cliente_128003,7,CD_17,CD_03
791396,Cliente_791396,2,CD_03,CD_01
286361,Cliente_286361,7,CD_07,CD_02
167529,Cliente_167529,4,CD_07,CD_08
432947,Cliente_432947,20,CD_05,CD_08
30674,Cliente_30674,1,CD_10,CD_11
383452,Cliente_383452,22,CD_11,CD_19
825925,Cliente_825925,26,CD_01,CD_11
818465,Cliente_818465,15,CD_12,CD_02
868039,Cliente_868039,30,CD_03,CD_11
418833,Cliente_418833,11,CD_06,CD_03
171263,Cliente_171263,12,CD_00,CD_07
609979,Cliente_609979,7,CD_05,CD_00
684727,Cliente_684727,15,CD_01,CD_06
955187,Cliente_955187,2,CD_09,CD_04
790874,Cliente_790874,24,CD_06,CD_16
349644,Cliente_349644,18,CD_05,CD_16
163767,Cliente_163767,3,CD_11,CD_13
313694,Cliente_313694,13,CD_08,CD_10
695676,Cliente_695676,27,CD_12,CD_03
460737,Cliente_460737,25,CD_07,CD_11
359675,Cliente_359675,11,CD_09,CD_00
190608,Cliente_190608,26,CD_12,CD_03
486696,Cliente_486696,29,CD_14,CD_12
206503,Cliente_206503,29,CD_11,CD_17
760024,Cliente_760024,30,CD_06,CD_18
453861,Cliente_453861,18,CD_11,CD_17
702402,Cliente_702402,9,CD_00,CD_18
415978,Cliente_415978,15,CD_02,CD_04
352706,Cliente_352706,24,CD_04,CD_18
674841,Cliente_674841,14,CD_02,CD_16
214353,Cliente_214353,18,CD_11,CD_16
803863,Cliente_803863,14,CD_14,CD_16
373229,Cliente_373229,30,CD_06,CD_15
280097,Cliente_280097,9,CD_10,CD_16
509098,Cliente_509098,1,CD_09,CD_12
589999,Cliente_589999,5,CD_17,CD_07
475861,Cliente_475861,3,CD_03,CD_05
46170,Cliente_46170,22,CD_17,CD_14
53521,Cliente_53521,17,CD_08,CD_11
670051,Cliente_670051,24,CD_13,CD_09
640752,Cliente_640752,1,CD_13,CD_08
58043,Cliente_58043,28,CD_00,CD_01
485599,Cliente_485599,30,CD_06,CD_18
956331,Cliente_956331,2,CD_18,CD_13
828759,Cliente_828759,4,CD_13,CD_11
262482,Cliente_262482,2,CD_05,CD_13
456054,Cliente_456054,26,CD_20,CD_02
994013,Cliente_994013,10,CD_06,CD_00
112141,Cliente_112141,26,CD_00,CD_01
38735,Cliente_38735,9,CD_19,CD_07
390749,Cliente_390749,21,CD_09,CD_16
446137,Cliente_446137,6,CD_11,CD_03
949466,Cliente_949466,28,CD_16,CD_02
6081,Cliente_6081,28,CD_04,CD_18
237961,Cliente_237961,30,CD_03,CD_01
116821,Cliente_116821,1,CD_08,CD_17
294224,Cliente_294224,10,CD_16,CD_04
698385,Cliente_698385,19,CD_10,CD_15
382327,Cliente_382327,6,CD_09,CD_11
616651,Cliente_616651,8,CD_17,CD_20
978497,Cliente_978497,14,CD_18,CD_03
468061,Cliente_468061,2,CD_18,CD_06
520883,Cliente_520883,11,CD_17,CD_07
515463,Cliente_515463,8,CD_11,CD_07
924562,Cliente_924562,7,CD_03,CD_09
570086,Cliente_570086,7,CD_17,CD_15
24489,Cliente_24489,13,CD_10,CD_16
268669,Cliente_268669,15,CD_15,CD_02
542272,Cliente_542272,16,CD_20,CD_18
134127,Cliente_134127,26,CD_11,CD_16
587429,Cliente_587429,20,CD_02,CD_12
154242,Cliente_154242,16,CD_20,CD_03
939906,Cliente_939906,9,CD_04,CD_10
119364,Cliente_119364,30,CD_16,CD_07
795287,Cliente_795287,25,CD_18,CD_11
210519,Cliente_210519,12,CD_19,CD_05
933262,Cliente_933262,4,CD_08,CD_14
356326,Cliente_356326,22,CD_10,CD_18
276873,Cliente_276873,13,CD_10,CD_14
398359,Cliente_398359,30,CD_01,CD_07
592131,Cliente_592131,26,CD_01,CD_14
534347,Cliente_534347,13,CD_20,CD_11
814866,Cliente_814866,30,CD_13,CD_06
400987,Cliente_400987,8,CD_18,CD_02
586788,Cliente_586788,1,CD_15,CD_04
988445,Cliente_988445,9,CD_20,CD_16
691971,Cliente_691971,24,CD_03,CD_04
442872,Cliente_442872,22,CD_14,CD_12
466581,Cliente_466581,21,CD_03,CD_18
374011,Cliente_374011,11,CD_15,CD_11
609311,Cliente_609311,25,CD_19,CD_01
446336,Cliente_446336,22,CD_09,CD_05
198193,Cliente_198193,12,CD_03,CD_00
621077,Cliente_621077,8,CD_11,CD_17
892201,Cliente_892201,30,CD_12,CD_00
685755,Cliente_685755,17,CD_01,CD_11
303943,Cliente_303943,10,CD_01,CD_18
212834,Cliente_212834,7,CD_12,CD_13
359045,Cliente_359045,20,CD_02,CD_01
931551,Cliente_931551,30,CD_03,CD_06
978083,Cliente_978083,9,CD_05,CD_20
663123,Cliente_663123,19,CD_07,CD_17
206373,Cliente_206373,11,CD_16,CD_17
342607,Cliente_342607,17,CD_18,CD_10
644724,Cliente_644724,1,CD_07,CD_14
789291,Cliente_789291,11,CD_08,CD_02
345704,Cliente_345704,11,CD_15,CD_12
673791,Cliente_673791,10,CD_01,CD_17
127458,Cliente_127458,10,CD_01,CD_05
140237,Cliente_140237,29,CD_07,CD_01
621788,Cliente_621788,15,CD_06,CD_12
835966,Cliente_835966,17,CD_07,CD_13
506073,Cliente_506073,23,CD_00,CD_19
269195,Cliente_269195,15,CD_11,CD_19
1292,Cliente_1292,25,CD_03,CD_01
731567,Cliente_731567,24,CD_00,CD_15
307975,Cliente_307975,12,CD_08,CD_20
407014,Cliente_407014,17,CD_11,CD_19
148417,Cliente_148417,15,CD_04,CD_15
589231,Cliente_589231,7,CD_10,CD_12
247504,Cliente_247504,24,CD_03,CD_00
545610,Cliente_545610,24,CD_12,CD_07
756143,Cliente_756143,19,CD_09,CD_07
914363,Cliente_914363,5,CD_09,CD_01
271545,Cliente_271545,19,CD_07,CD_02
49860,Cliente_49860,11,CD_15,CD_13
960747,Cliente_960747,3,CD_04,CD_06
172286,Cliente_172286,14,CD_07,CD_18
251182,Cliente_251182,9,CD_16,CD_10
86337,Cliente_86337,19,CD_14,CD_17
474574,Cliente_474574,29,CD_06,CD_02
890578,Cliente_890578,1,CD_05,CD_06
236354,Cliente_236354,4,CD_12,CD_13
496974,Cliente_496974,6,CD_18,CD_14
556875,Cliente_556875,24,CD_14,CD_20
356155,Cliente_356155,16,CD_20,CD_18
898437,Cliente_898437,7,CD_17,CD_00
640835,Cliente_640835,7,CD_04,CD_11
417850,Cliente_417850,7,CD_13,CD_02
922469,Cliente_922469,20,CD_02,CD_06
295914,Cliente_295914,25,CD_07,CD_18
175470,Cliente_175470,10,CD_12,CD_20
959108,Cliente_959108,23,CD_05,CD_06
755584,Cliente_755584,27,CD_19,CD_11
207722,Cliente_207722,11,CD_10,CD_01
269646,Cliente_269646,17,CD_09,CD_07
9713,Cliente_9713,1,CD_17,CD_05
665374,Cliente_665374,13,CD_13,CD_04
857501,Cliente_857501,12,CD_18,CD_12
859909,Cliente_859909,2,CD_07,CD_19
410025,Cliente_410025,24,CD_04,CD_12
523425,Cliente_523425,29,CD_08,CD_11
522165,Cliente_522165,28,CD_16,CD_08
3094,Cliente_3094,11,CD_14,CD_01
560560,Cliente_560560,13,CD_08,CD_18
999778,Cliente_999778,14,CD_09,CD_15
731527,Cliente_731527,3,CD_08,CD_05
371424,Cliente_371424,9,CD_02,CD_20
685983,Cliente_685983,11,CD_07,CD_17
338706,Cliente_338706,29,CD_15,CD_04
514922,Cliente_514922,20,CD_07,CD_00
307176,Cliente_307176,9,CD_12,CD_18
386851,Cliente_386851,28,CD_00,CD_09
87352,Cliente_87352,30,CD_08,CD_17
647566,Cliente_647566,9,CD_09,CD_04
307716,Cliente_307716,22,CD_01,CD_09
174650,Cliente_174650,26,CD_18,CD_14
680185,Cliente_680185,4,CD_01,CD_00
775616,Cliente_775616,12,CD_04,CD_07
116012,Cliente_116012,18,CD_15,CD_05
787331,Cliente_787331,25,CD_13,CD_07
973853,Cliente_973853,19,CD_03,CD_02
468911,Cliente_468911,1,CD_01,CD_20
926328,Cliente_926328,25,CD_13,CD_12
747122,Cliente_747122,17,CD_10,CD_19
254196,Cliente_254196,26,CD_10,CD_17
586781,Cliente_586781,5,CD_17,CD_06
271468,Cliente_271468,18,CD_20,CD_06
511899,Cliente_511899,24,CD_03,CD_19
185493,Cliente_185493,30,CD_18,CD_05
779220,Cliente_779220,23,CD_02,CD_05
115867,Cliente_115867,21,CD_20,CD_17
116877,Cliente_116877,26,CD_12,CD_18
273897,Cliente_273897,30,CD_07,CD_03
265891,Cliente_265891,29,CD_01,CD_02
231519,Cliente_231519,12,CD_02,CD_20
698764,Cliente_698764,17,CD_19,CD_12
453019,Cliente_453019,28,CD_16,CD_10
699547,Cliente_699547,13,CD_04,CD_03
720115,Cliente_720115,19,CD_20,CD_04
520379,Cliente_520379,2,CD_15,CD_13
941431,Cliente_941431,9,CD_02,CD_13
626480,Cliente_626480,28,CD_05,CD_20
801327,Cliente_801327,30,CD_13,CD_15
967362,Cliente_967362,23,CD_20,CD_05
111008,Cliente_111008,4,CD_05,CD_10
653124,Cliente_653124,11,CD_07,CD_10
505289,Cliente_505289,10,CD_19,CD_10
385466,Cliente_385466,16,CD_03,CD_14
646020,Cliente_646020,11,CD_10,CD_18
182669,Cliente_182669,1,CD_09,CD_12
531165,Cliente_531165,16,CD_19,CD_16
362874,Cliente_362874,30,CD_08,CD_11
904450,Cliente_904450,29,CD_04,CD_20
22401,Cliente_22401,8,CD_09,CD_15
120979,Cliente_120979,19,CD_15,CD_07
198388,Cliente_198388,8,CD_14,CD_07
593634,Cliente_593634,9,CD_10,CD_09
749773,Cliente_749773,30,CD_01,CD_09
400986,Cliente_400986,16,CD_03,CD_01
894548,Cliente_894548,12,CD_16,CD_03
943536,Cliente_943536,15,CD_13,CD_16
778046,Cliente_778046,30,CD_06,CD_19
470934,Cliente_470934,12,CD_03,CD_16
76290,Cliente_76290,8,CD_14,CD_08
230608,Cliente_230608,6,CD_11,CD_20
174589,Cliente_174589,14,CD_14,CD_01
374660,Cliente_374660,24,CD_06,CD_09
449534,Cliente_449534,23,CD_14,CD_01
682617,Cliente_682617,19,CD_12,CD_02
837395,Cliente_837395,22,CD_04,CD_11
341706,Cliente_341706,15,CD_01,CD_20
803375,Cliente_803375,16,CD_11,CD_08
687929,Cliente_687929,10,CD_14,CD_00
716726,Cliente_716726,18,CD_02,CD_17
645980,Cliente_645980,17,CD_07,CD_17
243902,Cliente_243902,26,CD_18,CD_09
255642,Cliente_255642,11,CD_07,CD_01
648975,Cliente_648975,30,CD_07,CD_15
148332,Cliente_148332,29,CD_10,CD_16
869859,Cliente_869859,18,CD_13,CD_00
221212,Cliente_221212,11,CD_15,CD_17
596646,Cliente_596646,27,CD_06,CD_16
546376,Cliente_546376,7,CD_13,CD_00
349686,Cliente_349686,28,CD_11,CD_18
783647,Cliente_783647,15,CD_06,CD_10
882723,Cliente_882723,25,CD_16,CD_06
922673,Cliente_922673,26,CD_19,CD_15
805142,Cliente_805142,16,CD_12,CD_00
174502,Cliente_174502,23,CD_12,CD_02
590460,Cliente_590460,28,CD_01,CD_20
702805,Cliente_702805,16,CD_04,CD_01
128348,Cliente_128348,16,CD_01,CD_12
385362,Cliente_385362,20,CD_03,CD_14
558871,Cliente_558871,15,CD_19,CD_17
345623,Cliente_345623,7,CD_12,CD_18
567892,Cliente_567892,2,CD_17,CD_01
509515,Cliente_509515,12,CD_06,CD_00
732934,Cliente_732934,2,CD_17,CD_13
457982,Cliente_457982,22,CD_12,CD_06
175978,Cliente_175978,8,CD_14,CD_15
936424,Cliente_936424,4,CD_11,CD_20
961863,Cliente_961863,26,CD_00,CD_04
393135,Cliente_393135,23,CD_02,CD_20
326317,Cliente_326317,20,CD_11,CD_15
854431,Cliente_854431,5,CD_20,CD_10
535800,Cliente_535800,18,CD_02,CD_14
645361,Cliente_645361,30,CD_10,CD_06
591757,Cliente_591757,29,CD_14,CD_08
27782,Cliente_27782,28,CD_05,CD_13
893337,Cliente_893337,3,CD_12,CD_06
429505,Cliente_429505,11,CD_12,CD_15
310382,Cliente_310382,25,CD_18,CD_08
954957,Cliente_954957,1,CD_14,CD_17
12926,Cliente_12926,23,CD_08,CD_02
188941,Cliente_188941,12,CD_03,CD_20
217272,Cliente_217272,22,CD_20,CD_19
574030,Cliente_574030,8,CD_07,CD_04
892018,Cliente_892018,21,CD_04,CD_06
946495,Cliente_946495,27,CD_04,CD_05
376262,Cliente_376262,2,CD_12,CD_13
316466,Cliente_316466,25,CD_19,CD_18
15309,Cliente_15309,19,CD_08,CD_13
701147,Cliente_701147,2,CD_07,CD_10
865252,Cliente_865252,26,CD_00,CD_16
821839,Cliente_821839,18,CD_12,CD_00
598378,Cliente_598378,1,CD_13,CD_02
966599,Cliente_966599,14,CD_04,CD_15
339392,Cliente_339392,24,CD_08,CD_02
183642,Cliente_183642,11,CD_12,CD_09
56903,Cliente_56903,15,CD_17,CD_06
780997,Cliente_780997,21,CD_20,CD_02
797221,Cliente_797221,26,CD_14,CD_19
858406,Cliente_858406,3,CD_06,CD_00
607168,Cliente_607168,3,CD_11,CD_12
956092,Cliente_956092,11,CD_07,CD_08
222336,Cliente_222336,21,CD_10,CD_17
738985,Cliente_738985,15,CD_02,CD_13
679313,Cliente_679313,13,CD_19,CD_01
436784,Cliente_436784,15,CD_18,CD_07
636766,Cliente_636766,26,CD_17,CD_08
240566,Cliente_240566,30,CD_16,CD_20
271574,Cliente_271574,27,CD_20,CD_15
956996,Cliente_956996,18,CD_10,CD_11
267499,Cliente_267499,7,CD_17,CD_01
609475,Cliente_609475,20,CD_08,CD_16
578638,Cliente_578638,1,CD_00,CD_03
219134,Cliente_219134,7,CD_20,CD_10
685940,Cliente_685940,2,CD_04,CD_05
528803,Cliente_528803,1,CD_01,CD_03
509459,Cliente_509459,3,CD_02,CD_06
917314,Cliente_917314,27,CD_02,CD_13
552868,Cliente_552868,14,CD_02,CD_06
201675,Cliente_201675,13,CD_19,CD_13
424227,Cliente_424227,9,CD_00,CD_18
82900,Cliente_82900,1,CD_03,CD_11
283082,Cliente_283082,28,CD_11,CD_04
80849,Cliente_80849,7,CD_12,CD_04
611161,Cliente_611161,6,CD_07,CD_10
428825,Cliente_428825,22,CD_15,CD_19
683984,Cliente_683984,18,CD_10,CD_04
378648,Cliente_378648,29,CD_07,CD_04
493028,Cliente_493028,10,CD_18,CD_01
781495,Cliente_781495,14,CD_06,CD_05
474032,Cliente_474032,19,CD_19,CD_00
427143,Cliente_427143,9,CD_06,CD_15
552162,Cliente_552162,29,CD_20,CD_02
218966,Cliente_218966,11,CD_04,CD_19
935997,Cliente_935997,10,CD_08,CD_14
378160,Cliente_378160,28,CD_10,CD_08
204641,Cliente_204641,10,CD_02,CD_11
394904,Cliente_394904,14,CD_09,CD_01
251528,Cliente_251528,9,CD_05,CD_16
237453,Cliente_237453,26,CD_12,CD_13
26757,Cliente_26757,12,CD_04,CD_15
118536,Cliente_118536,16,CD_02,CD_19
23157,Cliente_23157,3,CD_07,CD_06
587546,Cliente_587546,7,CD_17,CD_18
557820,Cliente_557820,7,CD_18,CD_06
700890,Cliente_700890,29,CD_15,CD_20
740747,Cliente_740747,27,CD_07,CD_17
19676,Cliente_19676,23,CD_06,CD_19
679000,Cliente_679000,6,CD_20,CD_07
58703,Cliente_58703,25,CD_12,CD_06
366016,Cliente_366016,20,CD_14,CD_07
953568,Cliente_953568,22,CD_12,CD_16
952649,Cliente_952649,2,CD_17,CD_07
92546,Cliente_92546,17,CD_14,CD_02
461031,Cliente_461031,19,CD_20,CD_01
108085,Cliente_108085,21,CD_04,CD_06
990836,Cliente_990836,16,CD_09,CD_05
862849,Cliente_862849,13,CD_02,CD_03
796087,Cliente_796087,16,CD_19,CD_04
458711,Cliente_458711,11,CD_12,CD_14
776232,Cliente_776232,15,CD_17,CD_16
989421,Cliente_989421,23,CD_04,CD_03
6385,Cliente_6385,11,CD_01,CD_02
180594,Cliente_180594,17,CD_08,CD_03
461250,Cliente_461250,23,CD_08,CD_20
397903,Cliente_397903,17,CD_20,CD_11
666876,Cliente_666876,2,CD_20,CD_12
449773,Cliente_449773,2,CD_05,CD_15
255970,Cliente_255970,22,CD_07,CD_20
612347,Cliente_612347,8,CD_11,CD_10
217306,Cliente_217306,1,CD_17,CD_02
209893,Cliente_209893,27,CD_10,CD_13
830890,Cliente_830890,20,CD_12,CD_05
223902,Cliente_223902,19,CD_00,CD_10
505342,Cliente_505342,24,CD_04,CD_07
169431,Cliente_169431,10,CD_19,CD_15
695712,Cliente_695712,17,CD_16,CD_12
774981,Cliente_774981,29,CD_11,CD_13
68095,Cliente_68095,30,CD_08,CD_00
257246,Cliente_257246,21,CD_11,CD_01
489256,Cliente_489256,7,CD_08,CD_01
356315,Cliente_356315,22,CD_13,CD_19
974735,Cliente_974735,13,CD_00,CD_09
256824,Cliente_256824,6,CD_04,CD_06
34887,Cliente_34887,21,CD_12,CD_00
795823,Cliente_795823,8,CD_09,CD_18
216517,Cliente_216517,19,CD_00,CD_03
688960,Cliente_688960,18,CD_09,CD_18
386976,Cliente_386976,24,CD_11,CD_09
584748,Cliente_584748,10,CD_13,CD_12
200147,Cliente_200147,24,CD_17,CD_19
465332,Cliente_465332,30,CD_10,CD_09
350393,Cliente_350393,25,CD_00,CD_11
48030,Cliente_48030,11,CD_01,CD_19
72656,Cliente_72656,20,CD_13,CD_07
928304,Cliente_928304,29,CD_03,CD_07
113334,Cliente_113334,21,CD_13,CD_07
136755,Cliente_136755,5,CD_15,CD_00
18927,Cliente_18927,27,CD_16,CD_01
351920,Cliente_351920,26,CD_13,CD_10
380828,Cliente_380828,11,CD_06,CD_08
378870,Cliente_378870,10,CD_10,CD_07
478596,Cliente_478596,14,CD_15,CD_20
712209,Cliente_712209,23,CD_05,CD_07
325646,Cliente_325646,11,CD_14,CD_07
107860,Cliente_107860,10,CD_11,CD_07
74117,Cliente_74117,17,CD_00,CD_15
765584,Cliente_765584,27,CD_06,CD_01
616594,Cliente_616594,4,CD_18,CD_16
796442,Cliente_796442,29,CD_00,CD_08
938501,Cliente_938501,25,CD_01,CD_08
345032,Cliente_345032,13,CD_10,CD_14
973,Cliente_973,19,CD_03,CD_16
775028,Cliente_775028,5,CD_08,CD_15
132986,Cliente_132986,23,CD_08,CD_11
7543,Cliente_7543,4,CD_08,CD_15
312193,Cliente_312193,19,CD_11,CD_17
681838,Cliente_681838,21,CD_20,CD_02
75511,Cliente_75511,27,CD_02,CD_14
167929,Cliente_167929,1,CD_10,CD_11
997269,Cliente_997269,13,CD_08,CD_04
273782,Cliente_273782,20,CD_18,CD_14
600294,Cliente_600294,15,CD_14,CD_04
869006,Cliente_869006,9,CD_17,CD_15
886072,Cliente_886072,12,CD_12,CD_00
614145,Cliente_614145,6,CD_16,CD_03
509821,Cliente_509821,27,CD_15,CD_01
360506,Cliente_360506,4,CD_13,CD_18
977190,Cliente_977190,30,CD_17,CD_18
225297,Cliente_225297,13,CD_08,CD_07
336288,Cliente_336288,8,CD_13,CD_19
604962,Cliente_604962,12,CD_08,CD_15
273153,Cliente_273153,28,CD_16,CD_04
187923,Cliente_187923,14,CD_04,CD_02
634256,Cliente_634256,11,CD_08,CD_01
360286,Cliente_360286,18,CD_00,CD_04
415625,Cliente_415625,26,CD_12,CD_14
324942,Cliente_324942,4,CD_07,CD_01
197206,Cliente_197206,4,CD_15,CD_08
297088,Cliente_297088,4,CD_06,CD_01
573911,Cliente_573911,24,CD_01,CD_06
994403,Cliente_994403,23,CD_07,CD_09
619035,Cliente_619035,7,CD_18,CD_20
861414,Cliente_861414,10,CD_12,CD_09
715799,Cliente_715799,6,CD_07,CD_20
932112,Cliente_932112,18,CD_00,CD_13
790050,Cliente_790050,6,CD_20,CD_10
836100,Cliente_836100,3,CD_03,CD_07
301974,Cliente_301974,7,CD_11,CD_05
964306,Cliente_964306,4,CD_19,CD_13
465361,Cliente_465361,19,CD_03,CD_08
867960,Cliente_867960,28,CD_14,CD_20
862013,Cliente_862013,28,CD_04,CD_14
966937,Cliente_966937,24,CD_20,CD_08
925964,Cliente_925964,29,CD_09,CD_04
424968,Cliente_424968,18,CD_16,CD_03
357691,Cliente_357691,27,CD_11,CD_08
996476,Cliente_996476,9,CD_19,CD_17
576081,Cliente_576081,1,CD_13,CD_17
686619,Cliente_686619,21,CD_17,CD_02
597172,Cliente_597172,30,CD_08,CD_20
810469,Cliente_810469,25,CD_02,CD_20
947488,Cliente_947488,28,CD_07,CD_10
150865,Cliente_150865,29,CD_12,CD_06
587205,Cliente_587205,1,CD_01,CD_00
133194,Cliente_133194,6,CD_15,CD_00
627554,Cliente_627554,5,CD_04,CD_06
388229,Cliente_388229,2,CD_04,CD_02
3032,Cliente_3032,28,CD_14,CD_13
15271,Cliente_15271,7,CD_18,CD_11
831276,Cliente_831276,10,CD_16,CD_19
688833,Cliente_688833,7,CD_18,CD_05
164928,Cliente_164928,2,CD_11,CD_02
375545,Cliente_375545,4,CD_19,CD_10
853263,Cliente_853263,15,CD_01,CD_08
359599,Cliente_359599,8,CD_17,CD_19
597998,Cliente_597998,10,CD_09,CD_01
267070,Cliente_267070,23,CD_12,CD_09
557133,Cliente_557133,12,CD_11,CD_02
446203,Cliente_446203,29,CD_17,CD_19
242294,Cliente_242294,20,CD_09,CD_04
883754,Cliente_883754,9,CD_10,CD_15
983257,Cliente_983257,28,CD_18,CD_07
922965,Cliente_922965,20,CD_13,CD_10
431619,Cliente_431619,30,CD_04,CD_09
150288,Cliente_150288,15,CD_19,CD_03
703296,Cliente_703296,20,CD_16,CD_18
533031,Cliente_533031,17,CD_06,CD_03
427888,Cliente_427888,7,CD_09,CD_04
440986,Cliente_440986,29,CD_11,CD_06
447491,Cliente_447491,4,CD_20,CD_07
892445,Cliente_892445,14,CD_09,CD_18
615421,Cliente_615421,12,CD_07,CD_18
858450,Cliente_858450,28,CD_14,CD_16
807154,Cliente_807154,16,CD_06,CD_10
52842,Cliente_52842,9,CD_15,CD_07
410232,Cliente_410232,1,CD_18,CD_08
24327,Cliente_24327,8,CD_03,CD_13
125736,Cliente_125736,16,CD_06,CD_04
764385,Cliente_764385,20,CD_09,CD_12
286423,Cliente_286423,30,CD_03,CD_17
627673,Cliente_627673,5,CD_02,CD_08
202694,Cliente_202694,3,CD_04,CD_20
770077,Cliente_770077,11,CD_12,CD_06
950943,Cliente_950943,17,CD_01,CD_17
829219,Cliente_829219,29,CD_10,CD_05
746230,Cliente_746230,11,CD_03,CD_18
936108,Cliente_936108,19,CD_05,CD_17
592648,Cliente_592648,12,CD_06,CD_14
934403,Cliente_934403,15,CD_14,CD_07
35516,Cliente_35516,4,CD_01,CD_13
688061,Cliente_688061,30,CD_06,CD_17
388774,Cliente_388774,30,CD_08,CD_10
316345,Cliente_316345,18,CD_01,CD_09
317569,Cliente_317569,29,CD_06,CD_20
473951,Cliente_473951,9,CD_01,CD_11
545202,Cliente_545202,11,CD_18,CD_02
236770,Cliente_236770,12,CD_12,CD_00
437834,Cliente_437834,27,CD_10,CD_17
903296,Cliente_903296,8,CD_00,CD_15
816066,Cliente_816066,21,CD_15,CD_06
713150,Cliente_713150,26,CD_00,CD_17
797501,Cliente_797501,10,CD_13,CD_16
103790,Cliente_103790,9,CD_18,CD_19
965963,Cliente_965963,20,CD_03,CD_15
928874,Cliente_928874,3,CD_06,CD_12
30242,Cliente_30242,10,CD_18,CD_20
551448,Cliente_551448,12,CD_08,CD_15
555429,Cliente_555429,10,CD_05,CD_09
811447,Cliente_811447,9,CD_03,CD_14
677220,Cliente_677220,8,CD_07,CD_14
412418,Cliente_412418,13,CD_09,CD_06
526148,Cliente_526148,24,CD_05,CD_18
439338,Cliente_439338,4,CD_16,CD_10
663776,Cliente_663776,9,CD_00,CD_20
391044,Cliente_391044,29,CD_17,CD_09
918021,Cliente_918021,19,CD_01,CD_02
375334,Cliente_375334,17,CD_16,CD_03
982242,Cliente_982242,19,CD_14,CD_17
478634,Cliente_478634,5,CD_20,CD_10
371146,Cliente_371146,12,CD_14,CD_19
373289,Cliente_373289,7,CD_03,CD_10
803398,Cliente_803398,10,CD_18,CD_03
498665,Cliente_498665,29,CD_16,CD_02
447601,Cliente_447601,25,CD_06,CD_19
523358,Cliente_523358,19,CD_18,CD_05
115019,Cliente_115019,19,CD_20,CD_07
232931,Cliente_232931,19,CD_02,CD_15
166641,Cliente_166641,6,CD_18,CD_12
556605,Cliente_556605,6,CD_08,CD_20
708894,Cliente_708894,13,CD_20,CD_16
381771,Cliente_381771,11,CD_20,CD_05
262217,Cliente_262217,11,CD_14,CD_11
899583,Cliente_899583,13,CD_17,CD_19
84645,Cliente_84645,4,CD_09,CD_06
758043,Cliente_758043,27,CD_04,CD_16
163158,Cliente_163158,10,CD_07,CD_05
104373,Cliente_104373,13,CD_08,CD_10
402226,Cliente_402226,5,CD_01,CD_03
510323,Cliente_510323,27,CD_13,CD_08
562304,Cliente_562304,13,CD_05,CD_06
589840,Cliente_589840,12,CD_12,CD_08
748412,Cliente_748412,9,CD_04,CD_12
589653,Cliente_589653,18,CD_04,CD_16
443153,Cliente_443153,17,CD_17,CD_04
75040,Cliente_75040,9,CD_04,CD_13
824092,Cliente_824092,24,CD_12,CD_19
306783,Cliente_306783,21,CD_00,CD_12
877104,Cliente_877104,4,CD_20,CD_12
277973,Cliente_277973,17,CD_19,CD_18
224588,Cliente_224588,30,CD_15,CD_04
619860,Cliente_619860,10,CD_16,CD_13
492646,Cliente_492646,27,CD_08,CD_11
248641,Cliente_248641,30,CD_15,CD_19
332323,Cliente_332323,11,CD_12,CD_05
396563,Cliente_396563,21,CD_07,CD_11
431067,Cliente_431067,17,CD_13,CD_09
41684,Cliente_41684,7,CD_02,CD_12
78809,Cliente_78809,18,CD_02,CD_17
863773,Cliente_863773,20,CD_14,CD_13
925145,Cliente_925145,3,CD_07,CD_15
220510,Cliente_220510,21,CD_12,CD_10
369864,Cliente_369864,3,CD_09,CD_14
518035,Cliente_518035,8,CD_14,CD_15
515079,Cliente_515079,20,CD_02,CD_11
541903,Cliente_541903,25,CD_00,CD_15
140136,Cliente_140136,6,CD_00,CD_12
869941,Cliente_869941,10,CD_13,CD_04
583727,Cliente_583727,26,CD_08,CD_06
87545,Cliente_87545,25,CD_16,CD_10
252561,Cliente_252561,14,CD_13,CD_08
880931,Cliente_880931,7,CD_02,CD_08
901815,Cliente_901815,14,CD_05,CD_07
645835,Cliente_645835,14,CD_12,CD_14
721724,Cliente_721724,19,CD_13,CD_17
847709,Cliente_847709,30,CD_04,CD_00
319594,Cliente_319594,24,CD_19,CD_20
992535,Cliente_992535,13,CD_19,CD_02
160065,Cliente_160065,15,CD_16,CD_20
498118,Cliente_498118,21,CD_10,CD_09
841200,Cliente_841200,8,CD_06,CD_17
491532,Cliente_491532,20,CD_01,CD_05
111769,Cliente_111769,29,CD_16,CD_01
508060,Cliente_508060,9,CD_18,CD_03
951651,Cliente_951651,22,CD_04,CD_07
546988,Cliente_546988,22,CD_11,CD_12
578783,Cliente_578783,2,CD_08,CD_16
831735,Cliente_831735,21,CD_08,CD_12
972499,Cliente_972499,18,CD_08,CD_19
675897,Cliente_675897,6,CD_05,CD_07
105223,Cliente_105223,11,CD_12,CD_11
810470,Cliente_810470,19,CD_00,CD_01
143725,Cliente_143725,24,CD_06,CD_00
470212,Cliente_470212,17,CD_04,CD_06
404835,Cliente_404835,15,CD_18,CD_03
865586,Cliente_865586,4,CD_07,CD_10
390416,Cliente_390416,26,CD_17,CD_00
554096,Cliente_554096,11,CD_09,CD_07
938653,Cliente_938653,4,CD_16,CD_06
9310,Cliente_9310,10,CD_16,CD_02
273972,Cliente_273972,24,CD_13,CD_15
925568,Cliente_925568,5,CD_04,CD_14
344001,Cliente_344001,16,CD_10,CD_19
970683,Cliente_970683,1,CD_10,CD_05
310269,Cliente_310269,26,CD_08,CD_14
630845,Cliente_630845,13,CD_01,CD_14
106766,Cliente_106766,14,CD_13,CD_15
22242,Cliente_22242,24,CD_11,CD_12
498006,Cliente_498006,17,CD_12,CD_02
126824,Cliente_126824,25,CD_07,CD_18
195497,Cliente_195497,20,CD_02,CD_12
59061,Cliente_59061,28,CD_04,CD_15
678287,Cliente_678287,7,CD_11,CD_01
159995,Cliente_159995,14,CD_06,CD_12
841729,Cliente_841729,4,CD_11,CD_13
88480,Cliente_88480,16,CD_14,CD_07
622562,Cliente_622562,19,CD_00,CD_15
280459,Cliente_280459,21,CD_11,CD_09
381867,Cliente_381867,14,CD_02,CD_14
780371,Cliente_780371,27,CD_05,CD_09
62372,Cliente_62372,7,CD_03,CD_08
913986,Cliente_913986,28,CD_01,CD_13
628712,Cliente_628712,23,CD_19,CD_16
948950,Cliente_948950,26,CD_12,CD_03
261093,Cliente_261093,17,CD_18,CD_01
609082,Cliente_609082,30,CD_20,CD_03
45209,Cliente_45209,19,CD_05,CD_09
357393,Cliente_357393,8,CD_03,CD_14
315221,Cliente_315221,10,CD_07,CD_02
627115,Cliente_627115,5,CD_08,CD_16
172797,Cliente_172797,4,CD_10,CD_16
701454,Cliente_701454,10,CD_05,CD_14
75270,Cliente_75270,14,CD_15,CD_08
948078,Cliente_948078,22,CD_02,CD_17
882544,Cliente_882544,7,CD_13,CD_02
536263,Cliente_536263,23,CD_13,CD_20
684277,Cliente_684277,2,CD_11,CD_02
897219,Cliente_897219,26,CD_14,CD_19
121178,Cliente_121178,2,CD_19,CD_00
765198,Cliente_765198,2,CD_09,CD_03
832513,Cliente_832513,14,CD_14,CD_00
446837,Cliente_446837,17,CD_00,CD_01
866610,Cliente_866610,7,CD_12,CD_11
760652,Cliente_760652,30,CD_14,CD_13
39808,Cliente_39808,17,CD_13,CD_03
937384,Cliente_937384,10,CD_18,CD_17
854369,Cliente_854369,4,CD_17,CD_03
70308,Cliente_70308,24,CD_03,CD_12
457385,Cliente_457385,24,CD_12,CD_13
858110,Cliente_858110,4,CD_01,CD_14
760444,Cliente_760444,10,CD_17,CD_01
100853,Cliente_100853,30,CD_15,CD_02
521745,Cliente_521745,3,CD_16,CD_17
39603,Cliente_39603,23,CD_00,CD_18
545259,Cliente_545259,8,CD_08,CD_03
706769,Cliente_706769,10,CD_04,CD_13
868548,Cliente_868548,23,CD_12,CD_10
620415,Cliente_620415,1,CD_05,CD_04
558868,Cliente_558868,28,CD_09,CD_15
365321,Cliente_365321,20,CD_11,CD_01
287820,Cliente_287820,3,CD_08,CD_07
269715,Cliente_269715,12,CD_07,CD_04
861524,Cliente_861524,21,CD_10,CD_17
405086,Cliente_405086,5,CD_14,CD_05
810003,Cliente_810003,30,CD_15,CD_03
950658,Cliente_950658,12,CD_20,CD_14
247269,Cliente_247269,3,CD_16,CD_15
727092,Cliente_727092,12,CD_07,CD_19
327140,Cliente_327140,30,CD_18,CD_16
992319,Cliente_992319,8,CD_06,CD_00
5537,Cliente_5537,16,CD_15,CD_18
154055,Cliente_154055,28,CD_14,CD_18
191210,Cliente_191210,23,CD_11,CD_04
878948,Cliente_878948,7,CD_03,CD_13
103436,Cliente_103436,7,CD_20,CD_13
393314,Cliente_393314,15,CD_11,CD_09
339046,Cliente_339046,14,CD_16,CD_00
982890,Cliente_982890,24,CD_19,CD_02
746018,Cliente_746018,30,CD_08,CD_13
214819,Cliente_214819,24,CD_12,CD_03
543407,Cliente_543407,4,CD_00,CD_17
695583,Cliente_695583,22,CD_02,CD_11
608044,Cliente_608044,2,CD_02,CD_06
450201,Cliente_450201,17,CD_14,CD_12
560321,Cliente_560321,7,CD_20,CD_13
665400,Cliente_665400,11,CD_10,CD_15
803809,Cliente_803809,16,CD_04,CD_12
735687,Cliente_735687,8,CD_17,CD_18
232411,Cliente_232411,23,CD_01,CD_15
367435,Cliente_367435,18,CD_14,CD_19
240160,Cliente_240160,21,CD_18,CD_02
303417,Cliente_303417,18,CD_19,CD_14
344974,Cliente_344974,15,CD_07,CD_10
398418,Cliente_398418,3,CD_15,CD_09
923634,Cliente_923634,18,CD_04,CD_08
982587,Cliente_982587,30,CD_18,CD_12
385048,Cliente_385048,24,CD_03,CD_19
936312,Cliente_936312,24,CD_20,CD_05
778446,Cliente_778446,12,CD_06,CD_04
43250,Cliente_43250,8,CD_03,CD_18
917093,Cliente_917093,5,CD_16,CD_19
638898,Cliente_638898,1,CD_20,CD_19
513199,Cliente_513199,4,CD_17,CD_06
453091,Cliente_453091,10,CD_16,CD_05
317058,Cliente_317058,9,CD_10,CD_18
260883,Cliente_260883,11,CD_04,CD_20
759794,Cliente_759794,21,CD_04,CD_08
567858,Cliente_567858,27,CD_12,CD_20
820186,Cliente_820186,14,CD_00,CD_11
434704,Cliente_434704,9,CD_02,CD_11
916372,Cliente_916372,16,CD_08,CD_17
946595,Cliente_946595,5,CD_02,CD_04
196347,Cliente_196347,6,CD_13,CD_03
449214,Cliente_449214,18,CD_10,CD_17
117808,Cliente_117808,4,CD_07,CD_05
615323,Cliente_615323,27,CD_07,CD_06
780114,Cliente_780114,17,CD_15,CD_02
818066,Cliente_818066,30,CD_08,CD_15
202116,Cliente_202116,18,CD_02,CD_06
417759,Cliente_417759,15,CD_01,CD_11
878890,Cliente_878890,13,CD_08,CD_20
711839,Cliente_711839,23,CD_15,CD_01
589355,Cliente_589355,7,CD_14,CD_13
485842,Cliente_485842,14,CD_13,CD_03
224368,Cliente_224368,30,CD_20,CD_19
336602,Cliente_336602,13,CD_09,CD_07
748643,Cliente_748643,26,CD_14,CD_15
923066,Cliente_923066,13,CD_01,CD_20
846897,Cliente_846897,11,CD_04,CD_12
591128,Cliente_591128,13,CD_06,CD_05
846280,Cliente_846280,17,CD_12,CD_11
246268,Cliente_246268,17,CD_00,CD_08
641515,Cliente_641515,20,CD_16,CD_03
786553,Cliente_786553,24,CD_04,CD_05
559676,Cliente_559676,25,CD_15,CD_14
379843,Cliente_379843,25,CD_16,CD_05
936027,Cliente_936027,24,CD_08,CD_14
403720,Cliente_403720,27,CD_04,CD_05
86370,Cliente_86370,24,CD_01,CD_07
17033,Cliente_17033,24,CD_15,CD_18
800262,Cliente_800262,26,CD_13,CD_01
802687,Cliente_802687,26,CD_05,CD_18
765974,Cliente_765974,29,CD_14,CD_15
199136,Cliente_199136,8,CD_20,CD_04
212797,Cliente_212797,11,CD_04,CD_15
910745,Cliente_910745,15,CD_14,CD_01
533182,Cliente_533182,1,CD_02,CD_12
204755,Cliente_204755,28,CD_02,CD_13
995829,Cliente_995829,6,CD_03,CD_12
324656,Cliente_324656,8,CD_12,CD_07
422937,Cliente_422937,28,CD_18,CD_16
68108,Cliente_68108,6,CD_18,CD_11
109374,Cliente_109374,7,CD_18,CD_00
471934,Cliente_471934,18,CD_11,CD_10
177677,Cliente_177677,9,CD_02,CD_04
773782,Cliente_773782,9,CD_13,CD_08
474251,Cliente_474251,24,CD_02,CD_11
384862,Cliente_384862,26,CD_18,CD_07
731353,Cliente_731353,20,CD_12,CD_16
505627,Cliente_505627,2,CD_05,CD_06
654128,Cliente_654128,4,CD_11,CD_13
87947,Cliente_87947,25,CD_01,CD_08
848930,Cliente_848930,24,CD_05,CD_10
866151,Cliente_866151,14,CD_06,CD_05
499742,Cliente_499742,6,CD_04,CD_14
405023,Cliente_405023,15,CD_00,CD_07
496042,Cliente_496042,27,CD_20,CD_08
860578,Cliente_860578,28,CD_12,CD_10
958248,Cliente_958248,28,CD_14,CD_06
346773,Cliente_346773,14,CD_09,CD_17
58906,Cliente_58906,7,CD_18,CD_03
401687,Cliente_401687,15,CD_06,CD_08
891426,Cliente_891426,12,CD_16,CD_03
790929,Cliente_790929,24,CD_01,CD_12
604223,Cliente_604223,9,CD_15,CD_04
759557,Cliente_759557,12,CD_05,CD_07
653448,Cliente_653448,6,CD_17,CD_00
117228,Cliente_117228,26,CD_20,CD_00
747815,Cliente_747815,18,CD_20,CD_12
802288,Cliente_802288,6,CD_17,CD_16
638870,Cliente_638870,16,CD_16,CD_01
671340,Cliente_671340,17,CD_06,CD_16
725538,Cliente_725538,30,CD_14,CD_11
268527,Cliente_268527,24,CD_02,CD_18
6890,Cliente_6890,30,CD_07,CD_09
242680,Cliente_242680,6,CD_09,CD_18
516896,Cliente_516896,8,CD_16,CD_04
60923,Cliente_60923,8,CD_13,CD_16
235143,Cliente_235143,11,CD_09,CD_07
472602,Cliente_472602,2,CD_10,CD_20
310835,Cliente_310835,2,CD_02,CD_05
349804,Cliente_349804,8,CD_16,CD_08
806502,Cliente_806502,29,CD_09,CD_13
731502,Cliente_731502,24,CD_12,CD_07
464,Cliente_464,5,CD_10,CD_01
567771,Cliente_567771,25,CD_08,CD_04
97276,Cliente_97276,14,CD_01,CD_17
72585,Cliente_72585,22,CD_09,CD_07
851242,Cliente_851242,14,CD_07,CD_09
646692,Cliente_646692,20,CD_05,CD_12
815108,Cliente_815108,12,CD_01,CD_16
492772,Cliente_492772,22,CD_04,CD_12
839133,Cliente_839133,15,CD_07,CD_15
550281,Cliente_550281,24,CD_20,CD_09
16435,Cliente_16435,9,CD_09,CD_05
6366,Cliente_6366,21,CD_00,CD_03
816558,Cliente_816558,6,CD_17,CD_07
472311,Cliente_472311,10,CD_07,CD_15
436833,Cliente_436833,10,CD_05,CD_00
800885,Cliente_800885,26,CD_17,CD_00
325958,Cliente_325958,5,CD_09,CD_14
969150,Cliente_969150,12,CD_16,CD_09
632196,Cliente_632196,1,CD_04,CD_07
403527,Cliente_403527,1,CD_11,CD_15
920362,Cliente_920362,25,CD_14,CD_17
520524,Cliente_520524,21,CD_18,CD_19
842802,Cliente_842802,22,CD_17,CD_16
176980,Cliente_176980,12,CD_01,CD_16
610177,Cliente_610177,6,CD_11,CD_08
689135,Cliente_689135,27,CD_11,CD_09
24611,Cliente_24611,18,CD_09,CD_17
26937,Cliente_26937,21,CD_10,CD_04
796177,Cliente_796177,29,CD_20,CD_19
291606,Cliente_291606,27,CD_16,CD_18
578156,Cliente_578156,4,CD_20,CD_16
238133,Cliente_238133,27,CD_01,CD_10
494465,Cliente_494465,30,CD_04,CD_19
740240,Cliente_740240,8,CD_01,CD_04
830404,Cliente_830404,18,CD_15,CD_12
964968,Cliente_964968,14,CD_10,CD_20
118743,Cliente_118743,7,CD_11,CD_08
128138,Cliente_128138,4,CD_11,CD_15
770690,Cliente_770690,9,CD_07,CD_06
839118,Cliente_839118,13,CD_00,CD_20
178169,Cliente_178169,18,CD_09,CD_10
606164,Cliente_606164,5,CD_08,CD_20
419676,Cliente_419676,3,CD_17,CD_09
321799,Cliente_321799,15,CD_05,CD_14
309296,Cliente_309296,4,CD_17,CD_04
784348,Cliente_784348,25,CD_17,CD_02
747240,Cliente_747240,9,CD_10,CD_15
808657,Cliente_808657,17,CD_02,CD_20
814496,Cliente_814496,14,CD_12,CD_17
898992,Cliente_898992,3,CD_09,CD_11
874525,Cliente_874525,29,CD_03,CD_14
824075,Cliente_824075,15,CD_15,CD_14
56528,Cliente_56528,2,CD_17,CD_09
899775,Cliente_899775,26,CD_06,CD_03
126674,Cliente_126674,26,CD_03,CD_01
157134,Cliente_157134,28,CD_14,CD_19
567549,Cliente_567549,5,CD_15,CD_12
326219,Cliente_326219,25,CD_15,CD_16
334687,Cliente_334687,14,CD_18,CD_04
875482,Cliente_875482,22,CD_09,CD_08
906510,Cliente_906510,14,CD_08,CD_14
281200,Cliente_281200,21,CD_09,CD_11
1900,Cliente_1900,13,CD_15,CD_00
461300,Cliente_461300,5,CD_20,CD_08
667252,Cliente_667252,24,CD_16,CD_10
42864,Cliente_42864,28,CD_08,CD_16
840697,Cliente_840697,13,CD_12,CD_00
119947,Cliente_119947,12,CD_00,CD_14
944902,Cliente_944902,18,CD_02,CD_15
432519,Cliente_432519,3,CD_12,CD_06
154787,Cliente_154787,21,CD_15,CD_06
415423,Cliente_415423,16,CD_04,CD_07
83983,Cliente_83983,3,CD_08,CD_02
323625,Cliente_323625,25,CD_13,CD_01
580037,Cliente_580037,11,CD_17,CD_02
354900,Cliente_354900,17,CD_18,CD_16
50553,Cliente_50553,30,CD_04,CD_07
264296,Cliente_264296,10,CD_10,CD_05
426906,Cliente_426906,24,CD_01,CD_13
684714,Cliente_684714,9,CD_19,CD_12
699919,Cliente_699919,14,CD_08,CD_04
990134,Cliente_990134,6,CD_19,CD_13
251324,Cliente_251324,13,CD_01,CD_16
346693,Cliente_346693,19,CD_11,CD_13
467132,Cliente_467132,23,CD_02,CD_13
830887,Cliente_830887,27,CD_17,CD_09
896485,Cliente_896485,5,CD_01,CD_00
253767,Cliente_253767,8,CD_07,CD_02
79945,Cliente_79945,20,CD_14,CD_04
143276,Cliente_143276,20,CD_00,CD_04
873713,Cliente_873713,30,CD_02,CD_13
923443,Cliente_923443,27,CD_15,CD_00
535906,Cliente_535906,5,CD_15,CD_10
329240,Cliente_329240,2,CD_08,CD_03
468633,Cliente_468633,29,CD_02,CD_06
189292,Cliente_189292,15,CD_10,CD_08
161808,Cliente_161808,7,CD_15,CD_17
91741,Cliente_91741,6,CD_02,CD_09
124153,Cliente_124153,7,CD_09,CD_08
107315,Cliente_107315,12,CD_13,CD_11
131455,Cliente_131455,18,CD_03,CD_13
869454,Cliente_869454,16,CD_15,CD_07
384906,Cliente_384906,25,CD_00,CD_17
953771,Cliente_953771,25,CD_00,CD_11
387321,Cliente_387321,30,CD_05,CD_19
589598,Cliente_589598,2,CD_13,CD_04
212839,Cliente_212839,1,CD_13,CD_02
746833,Cliente_746833,2,CD_12,CD_06
916005,Cliente_916005,23,CD_11,CD_05
611272,Cliente_611272,8,CD_11,CD_04
392236,Cliente_392236,11,CD_11,CD_08
21719,Cliente_21719,19,CD_04,CD_01
219538,Cliente_219538,28,CD_17,CD_16
385595,Cliente_385595,6,CD_05,CD_18
214070,Cliente_214070,9,CD_10,CD_11
521600,Cliente_521600,6,CD_05,CD_11
29987,Cliente_29987,23,CD_11,CD_17
991302,Cliente_991302,23,CD_06,CD_15
494812,Cliente_494812,26,CD_06,CD_03
723197,Cliente_723197,4,CD_11,CD_15
542673,Cliente_542673,9,CD_16,CD_08
294120,Cliente_294120,11,CD_10,CD_08
420519,Cliente_420519,23,CD_17,CD_12
835294,Cliente_835294,24,CD_11,CD_20
556853,Cliente_556853,30,CD_06,CD_20
816451,Cliente_816451,3,CD_18,CD_09
956545,Cliente_956545,17,CD_08,CD_06
232595,Cliente_232595,19,CD_08,CD_15
826310,Cliente_826310,5,CD_02,CD_10
32472,Cliente_32472,4,CD_06,CD_04
376176,Cliente_376176,3,CD_07,CD_02
101963,Cliente_101963,9,CD_02,CD_13
989786,Cliente_989786,18,CD_15,CD_16
159435,Cliente_159435,29,CD_06,CD_04
280971,Cliente_280971,26,CD_00,CD_05
916159,Cliente_916159,13,CD_09,CD_03
222356,Cliente_222356,24,CD_19,CD_01
322724,Cliente_322724,15,CD_14,CD_01
888834,Cliente_888834,25,CD_05,CD_18
951906,Cliente_951906,16,CD_19,CD_11
63272,Cliente_63272,13,CD_00,CD_10
720011,Cliente_720011,26,CD_07,CD_04
370022,Cliente_370022,23,CD_06,CD_15
312411,Cliente_312411,7,CD_02,CD_16
195620,Cliente_195620,29,CD_14,CD_10
30391,Cliente_30391,13,CD_18,CD_01
992917,Cliente_992917,26,CD_12,CD_00
165104,Cliente_165104,5,CD_13,CD_11
477879,Cliente_477879,30,CD_09,CD_19
672447,Cliente_672447,23,CD_13,CD_12
207183,Cliente_207183,1,CD_02,CD_04
959432,Cliente_959432,27,CD_14,CD_02
95279,Cliente_95279,16,CD_20,CD_08
691737,Cliente_691737,5,CD_05,CD_13
304306,Cliente_304306,26,CD_13,CD_18
693673,Cliente_693673,10,CD_16,CD_05
932476,Cliente_932476,8,CD_03,CD_10
366555,Cliente_366555,1,CD_14,CD_09
704060,Cliente_704060,6,CD_12,CD_15
134650,Cliente_134650,15,CD_11,CD_03
228906,Cliente_228906,11,CD_09,CD_04
998653,Cliente_998653,23,CD_14,CD_09
286803,Cliente_286803,7,CD_14,CD_05
713838,Cliente_713838,19,CD_03,CD_18
981381,Cliente_981381,21,CD_10,CD_12
520258,Cliente_520258,26,CD_19,CD_02
801566,Cliente_801566,23,CD_16,CD_10
238989,Cliente_238989,25,CD_07,CD_18
872759,Cliente_872759,21,CD_01,CD_00
688480,Cliente_688480,29,CD_16,CD_05
229224,Cliente_229224,25,CD_06,CD_14
620078,Cliente_620078,19,CD_06,CD_05
114960,Cliente_114960,5,CD_11,CD_16
381198,Cliente_381198,22,CD_07,CD_16
32653,Cliente_32653,24,CD_05,CD_19
180151,Cliente_180151,22,CD_03,CD_02
144639,Cliente_144639,13,CD_12,CD_18
413378,Cliente_413378,30,CD_17,CD_18
367625,Cliente_367625,5,CD_20,CD_03
129963,Cliente_129963,9,CD_10,CD_05
609552,Cliente_609552,25,CD_15,CD_06
171408,Cliente_171408,10,CD_03,CD_10
65465,Cliente_65465,19,CD_07,CD_06
621615,Cliente_621615,23,CD_19,CD_16
718958,Cliente_718958,7,CD_10,CD_18
879404,Cliente_879404,20,CD_04,CD_03
918106,Cliente_918106,8,CD_20,CD_03
722376,Cliente_722376,20,CD_05,CD_19
44456,Cliente_44456,11,CD_20,CD_11
80490,Cliente_80490,17,CD_16,CD_05
269895,Cliente_269895,12,CD_10,CD_15
176812,Cliente_176812,29,CD_20,CD_05
969117,Cliente_969117,13,CD_15,CD_08
169376,Cliente_169376,21,CD_03,CD_09
517377,Cliente_517377,14,CD_20,CD_02
377073,Cliente_377073,24,CD_20,CD_13
344539,Cliente_344539,25,CD_10,CD_16
936293,Cliente_936293,30,CD_18,CD_02
464517,Cliente_464517,9,CD_15,CD_09
479101,Cliente_479101,9,CD_04,CD_07
489141,Cliente_489141,8,CD_17,CD_05
74035,Cliente_74035,4,CD_03,CD_11
978681,Cliente_978681,7,CD_01,CD_08
813499,Cliente_813499,22,CD_19,CD_08
467387,Cliente_467387,17,CD_15,CD_11
286083,Cliente_286083,13,CD_16,CD_06
955294,Cliente_955294,29,CD_16,CD_18
462259,Cliente_462259,17,CD_17,CD_06
367618,Cliente_367618,13,CD_18,CD_04
657852,Cliente_657852,24,CD_17,CD_00
50218,Cliente_50218,25,CD_16,CD_10
84258,Cliente_84258,20,CD_17,CD_00
998998,Cliente_998998,4,CD_01,CD_00
952966,Cliente_952966,17,CD_05,CD_18
813013,Cliente_813013,4,CD_20,CD_05
833850,Cliente_833850,29,CD_09,CD_20
296781,Cliente_296781,12,CD_16,CD_13
304321,Cliente_304321,6,CD_03,CD_13
182769,Cliente_182769,8,CD_13,CD_02
7315,Cliente_7315,26,CD_01,CD_20
2697,Cliente_2697,3,CD_01,CD_06
212950,Cliente_212950,29,CD_08,CD_13
156077,Cliente_156077,9,CD_09,CD_19
587365,Cliente_587365,10,CD_16,CD_05
430538,Cliente_430538,1,CD_18,CD_12
469261,Cliente_469261,13,CD_15,CD_02
367899,Cliente_367899,13,CD_00,CD_13
369738,Cliente_369738,10,CD_01,CD_11
496944,Cliente_496944,14,CD_10,CD_04
571726,Cliente_571726,3,CD_17,CD_20
353130,Cliente_353130,14,CD_11,CD_12
599674,Cliente_599674,10,CD_19,CD_10
370300,Cliente_370300,22,CD_20,CD_16
806755,Cliente_806755,16,CD_19,CD_08
624491,Cliente_624491,4,CD_10,CD_07
406221,Cliente_406221,7,CD_00,CD_01
537743,Cliente_537743,12,CD_04,CD_15
673523,Cliente_673523,26,CD_04,CD_07
690255,Cliente_690255,20,CD_15,CD_19
284413,Cliente_284413,19,CD_15,CD_16
980072,Cliente_980072,3,CD_11,CD_05
790215,Cliente_790215,7,CD_04,CD_19
471014,Cliente_471014,18,CD_13,CD_10
164512,Cliente_164512,30,CD_13,CD_03
473129,Cliente_473129,8,CD_05,CD_06
877704,Cliente_877704,23,CD_01,CD_02
177057,Cliente_177057,7,CD_20,CD_12
583472,Cliente_583472,13,CD_01,CD_13
497772,Cliente_497772,28,CD_14,CD_06
126171,Cliente_126171,1,CD_12,CD_10
526225,Cliente_526225,5,CD_18,CD_12
889082,Cliente_889082,13,CD_08,CD_04
794916,Cliente_794916,16,CD_15,CD_18
27020,Cliente_27020,21,CD_20,CD_08
3542,Cliente_3542,19,CD_18,CD_20
847121,Cliente_847121,7,CD_07,CD_01
97618,Cliente_97618,7,CD_09,CD_05
908820,Cliente_908820,24,CD_02,CD_06
372173,Cliente_372173,24,CD_01,CD_13
404732,Cliente_404732,7,CD_10,CD_12
18158,Cliente_18158,5,CD_05,CD_16
583167,Cliente_583167,11,CD_16,CD_13
220443,Cliente_220443,2,CD_05,CD_18
312657,Cliente_312657,8,CD_10,CD_04
445265,Cliente_445265,4,CD_20,CD_17
425086,Cliente_425086,24,CD_17,CD_10
623936,Cliente_623936,23,CD_03,CD_10
155805,Cliente_155805,16,CD_09,CD_03
316671,Cliente_316671,5,CD_14,CD_00
173208,Cliente_173208,3,CD_09,CD_12
392882,Cliente_392882,23,CD_04,CD_03
961299,Cliente_961299,26,CD_14,CD_20
755404,Cliente_755404,21,CD_08,CD_06
155742,Cliente_155742,21,CD_13,CD_17
487626,Cliente_487626,11,CD_15,CD_00
387130,Cliente_387130,25,CD_16,CD_00
952723,Cliente_952723,5,CD_13,CD_01
832443,Cliente_832443,26,CD_08,CD_14
415540,Cliente_415540,8,CD_17,CD_11
59486,Cliente_59486,16,CD_14,CD_20
235548,Cliente_235548,17,CD_00,CD_15
993389,Cliente_993389,16,CD_07,CD_02
829618,Cliente_829618,22,CD_10,CD_05
208426,Cliente_208426,24,CD_20,CD_01
730204,Cliente_730204,10,CD_03,CD_18
642221,Cliente_642221,25,CD_19,CD_01
144541,Cliente_144541,10,CD_06,CD_16
583894,Cliente_583894,20,CD_17,CD_11
208853,Cliente_208853,14,CD_09,CD_05
875314,Cliente_875314,6,CD_14,CD_09
333005,Cliente_333005,26,CD_00,CD_05
41495,Cliente_41495,3,CD_00,CD_19
137466,Cliente_137466,15,CD_13,CD_17
671846,Cliente_671846,20,CD_11,CD_14
140409,Cliente_140409,4,CD_14,CD_11
634571,Cliente_634571,4,CD_20,CD_05
242643,Cliente_242643,23,CD_02,CD_11
416121,Cliente_416121,26,CD_14,CD_08
374904,Cliente_374904,1,CD_12,CD_08
322927,Cliente_322927,29,CD_12,CD_04
149445,Cliente_149445,2,CD_00,CD_17
852279,Cliente_852279,3,CD_14,CD_03
439744,Cliente_439744,27,CD_14,CD_07
716899,Cliente_716899,7,CD_18,CD_04
414360,Cliente_414360,29,CD_19,CD_12
931153,Cliente_931153,28,CD_12,CD_15
489127,Cliente_489127,21,CD_05,CD_11
433446,Cliente_433446,5,CD_13,CD_05
36018,Cliente_36018,27,CD_05,CD_10
440532,Cliente_440532,26,CD_04,CD_17
13760,Cliente_13760,3,CD_00,CD_03
210913,Cliente_210913,18,CD_04,CD_10
217947,Cliente_217947,22,CD_10,CD_05
904751,Cliente_904751,16,CD_11,CD_14
471647,Cliente_471647,11,CD_14,CD_12
257458,Cliente_257458,17,CD_15,CD_17
240853,Cliente_240853,16,CD_14,CD_17
529500,Cliente_529500,12,CD_05,CD_11
286767,Cliente_286767,9,CD_03,CD_05
523616,Cliente_523616,23,CD_00,CD_11
568132,Cliente_568132,7,CD_08,CD_18
574615,Cliente_574615,2,CD_10,CD_09
870992,Cliente_870992,12,CD_09,CD_03
846771,Cliente_846771,13,CD_12,CD_20
378515,Cliente_378515,5,CD_08,CD_18
38440,Cliente_38440,27,CD_04,CD_10
43977,Cliente_43977,19,CD_05,CD_17
345350,Cliente_345350,21,CD_13,CD_12
911012,Cliente_911012,20,CD_13,CD_15
721653,Cliente_721653,2,CD_12,CD_02
944788,Cliente_944788,18,CD_06,CD_12
883885,Cliente_883885,24,CD_06,CD_14
544851,Cliente_544851,2,CD_17,CD_02
757061,Cliente_757061,9,CD_00,CD_02
214275,Cliente_214275,3,CD_06,CD_20
322023,Cliente_322023,13,CD_06,CD_07
84565,Cliente_84565,3,CD_13,CD_03
272733,Cliente_272733,10,CD_13,CD_04
318852,Cliente_318852,17,CD_20,CD_07
358078,Cliente_358078,29,CD_18,CD_13
795595,Cliente_795595,11,CD_20,CD_19
176565,Cliente_176565,30,CD_05,CD_10
880802,Cliente_880802,5,CD_11,CD_13
809017,Cliente_809017,16,CD_09,CD_15
36015,Cliente_36015,15,CD_17,CD_08
788781,Cliente_788781,15,CD_17,CD_09
924320,Cliente_924320,2,CD_07,CD_15
5276,Cliente_5276,26,CD_12,CD_05
672173,Cliente_672173,23,CD_08,CD_02
409340,Cliente_409340,9,CD_20,CD_10
835803,Cliente_835803,18,CD_02,CD_20
375853,Cliente_375853,14,CD_19,CD_12
217525,Cliente_217525,6,CD_17,CD_07
562105,Cliente_562105,29,CD_02,CD_04
167378,Cliente_167378,5,CD_04,CD_03
720595,Cliente_720595,25,CD_14,CD_11
946900,Cliente_946900,12,CD_03,CD_16
476762,Cliente_476762,29,CD_19,CD_09
124708,Cliente_124708,14,CD_17,CD_14
16469,Cliente_16469,21,CD_04,CD_05
771257,Cliente_771257,10,CD_01,CD_09
984565,Cliente_984565,2,CD_14,CD_06
705040,Cliente_705040,25,CD_14,CD_06
457496,Cliente_457496,4,CD_13,CD_20
801522,Cliente_801522,21,CD_09,CD_06
465026,Cliente_465026,3,CD_19,CD_11
880755,Cliente_880755,27,CD_01,CD_07
640867,Cliente_640867,13,CD_01,CD_06
795438,Cliente_795438,6,CD_02,CD_07
83030,Cliente_83030,7,CD_19,CD_10
297740,Cliente_297740,26,CD_13,CD_02
250589,Cliente_250589,19,CD_14,CD_16
349116,Cliente_349116,5,CD_20,CD_17
826152,Cliente_826152,3,CD_07,CD_20
429433,Cliente_429433,29,CD_01,CD_13
474765,Cliente_474765,16,CD_10,CD_05
187273,Cliente_187273,25,CD_12,CD_08
937934,Cliente_937934,30,CD_04,CD_05
783226,Cliente_783226,24,CD_15,CD_10
413208,Cliente_413208,1,CD_01,CD_16
384613,Cliente_384613,10,CD_09,CD_14
188032,Cliente_188032,30,CD_03,CD_09
95136,Cliente_95136,5,CD_10,CD_05
576921,Cliente_576921,27,CD_10,CD_03
665399,Cliente_665399,24,CD_12,CD_18
478429,Cliente_478429,11,CD_06,CD_03
171779,Cliente_171779,8,CD_11,CD_06
227799,Cliente_227799,26,CD_12,CD_08
39166,Cliente_39166,24,CD_09,CD_02
722743,Cliente_722743,23,CD_02,CD_10
637217,Cliente_637217,22,CD_20,CD_13
736659,Cliente_736659,15,CD_00,CD_11
315817,Cliente_315817,5,CD_08,CD_06
610339,Cliente_610339,22,CD_02,CD_11
527280,Cliente_527280,30,CD_08,CD_16
649230,Cliente_649230,28,CD_07,CD_02
114610,Cliente_114610,7,CD_01,CD_15
171137,Cliente_171137,25,CD_11,CD_16
462057,Cliente_462057,7,CD_19,CD_06
923162,Cliente_923162,28,CD_13,CD_00
99877,Cliente_99877,14,CD_04,CD_10
102959,Cliente_102959,10,CD_18,CD_19
206161,Cliente_206161,26,CD_18,CD_11
559056,Cliente_559056,17,CD_04,CD_08
508276,Cliente_508276,1,CD_14,CD_07
277575,Cliente_277575,5,CD_14,CD_15
836204,Cliente_836204,30,CD_15,CD_06
883161,Cliente_883161,3,CD_00,CD_14
60658,Cliente_60658,2,CD_14,CD_20
771203,Cliente_771203,13,CD_14,CD_07
620890,Cliente_620890,16,CD_20,CD_05
42495,Cliente_42495,27,CD_06,CD_01
106257,Cliente_106257,30,CD_20,CD_06
552895,Cliente_552895,21,CD_17,CD_12
563487,Cliente_563487,19,CD_14,CD_13
131374,Cliente_131374,28,CD_13,CD_03
287717,Cliente_287717,8,CD_17,CD_04
922868,Cliente_922868,6,CD_08,CD_20
27998,Cliente_27998,27,CD_16,CD_10
746800,Cliente_746800,7,CD_19,CD_18
254879,Cliente_254879,5,CD_09,CD_13
601661,Cliente_601661,22,CD_00,CD_16
922200,Cliente_922200,16,CD_10,CD_20
476015,Cliente_476015,25,CD_07,CD_03
404818,Cliente_404818,25,CD_06,CD_01
85269,Cliente_85269,27,CD_12,CD_05
141360,Cliente_141360,24,CD_07,CD_06
167158,Cliente_167158,6,CD_07,CD_09
267568,Cliente_267568,28,CD_17,CD_16
7062,Cliente_7062,1,CD_03,CD_04
520297,Cliente_520297,12,CD_05,CD_12
613680,Cliente_613680,5,CD_10,CD_06
289548,Cliente_289548,17,CD_01,CD_04
438330,Cliente_438330,1,CD_07,CD_14
302831,Cliente_302831,26,CD_19,CD_06
924558,Cliente_924558,10,CD_17,CD_15
84533,Cliente_84533,14,CD_12,CD_00
10184,Cliente_10184,17,CD_09,CD_00
889675,Cliente_889675,9,CD_17,CD_14
565374,Cliente_565374,12,CD_11,CD_15
297500,Cliente_297500,17,CD_16,CD_00
373158,Cliente_373158,17,CD_01,CD_11
146072,Cliente_146072,26,CD_20,CD_15
147671,Cliente_147671,17,CD_11,CD_09
889747,Cliente_889747,9,CD_12,CD_01
511813,Cliente_511813,16,CD_06,CD_15
343064,Cliente_343064,12,CD_03,CD_19
748388,Cliente_748388,25,CD_07,CD_17
676309,Cliente_676309,15,CD_09,CD_12
888554,Cliente_888554,8,CD_00,CD_02
98778,Cliente_98778,28,CD_14,CD_00
394385,Cliente_394385,10,CD_12,CD_07
643543,Cliente_643543,9,CD_09,CD_08
150546,Cliente_150546,26,CD_13,CD_15
828002,Cliente_828002,16,CD_18,CD_03
657258,Cliente_657258,23,CD_12,CD_19
938061,Cliente_938061,13,CD_13,CD_04
503263,Cliente_503263,6,CD_15,CD_00
469365,Cliente_469365,27,CD_06,CD_04
954476,Cliente_954476,12,CD_18,CD_00
48401,Cliente_48401,8,CD_09,CD_05
474680,Cliente_474680,6,CD_14,CD_19
212667,Cliente_212667,14,CD_04,CD_14
440915,Cliente_440915,28,CD_03,CD_12
486220,Cliente_486220,22,CD_20,CD_19
981352,Cliente_981352,22,CD_04,CD_18
100434,Cliente_100434,12,CD_05,CD_07
345149,Cliente_345149,18,CD_08,CD_07
920025,Cliente_920025,16,CD_05,CD_09
131570,Cliente_131570,4,CD_11,CD_05
331813,Cliente_331813,2,CD_13,CD_12
366399,Cliente_366399,20,CD_05,CD_09
932339,Cliente_932339,23,CD_17,CD_12
107768,Cliente_107768,17,CD_14,CD_02
796925,Cliente_796925,15,CD_17,CD_04
464138,Cliente_464138,21,CD_03,CD_17
574324,Cliente_574324,21,CD_19,CD_03
591805,Cliente_591805,7,CD_10,CD_17
130310,Cliente_130310,2,CD_17,CD_00
495857,Cliente_495857,8,CD_19,CD_06
987927,Cliente_987927,30,CD_13,CD_00
199075,Cliente_199075,8,CD_11,CD_13
478089,Cliente_478089,19,CD_07,CD_11
221159,Cliente_221159,9,CD_09,CD_01
87606,Cliente_87606,3,CD_19,CD_12
754348,Cliente_754348,16,CD_05,CD_07
332533,Cliente_332533,18,CD_12,CD_00
565173,Cliente_565173,15,CD_17,CD_00
992985,Cliente_992985,20,CD_00,CD_07
326808,Cliente_326808,4,CD_11,CD_18
481065,Cliente_481065,29,CD_18,CD_10
140059,Cliente_140059,10,CD_09,CD_19
243394,Cliente_243394,18,CD_12,CD_08
420555,Cliente_420555,4,CD_14,CD_13
906161,Cliente_906161,22,CD_00,CD_10
951496,Cliente_951496,11,CD_11,CD_06
683511,Cliente_683511,22,CD_16,CD_08
812291,Cliente_812291,18,CD_09,CD_13
393158,Cliente_393158,17,CD_08,CD_00
326270,Cliente_326270,19,CD_11,CD_07
789569,Cliente_789569,9,CD_09,CD_08
847630,Cliente_847630,26,CD_04,CD_10
228224,Cliente_228224,16,CD_05,CD_20
290780,Cliente_290780,20,CD_03,CD_10
854089,Cliente_854089,27,CD_06,CD_11
837983,Cliente_837983,7,CD_15,CD_14
512023,Cliente_512023,13,CD_05,CD_19
222947,Cliente_222947,1,CD_19,CD_03
716638,Cliente_716638,23,CD_05,CD_18
218591,Cliente_218591,11,CD_06,CD_02
282476,Cliente_282476,2,CD_07,CD_20
757779,Cliente_757779,4,CD_05,CD_06
821998,Cliente_821998,28,CD_13,CD_00
942934,Cliente_942934,29,CD_07,CD_18
89126,Cliente_89126,25,CD_11,CD_06
394791,Cliente_394791,18,CD_07,CD_13
501405,Cliente_501405,28,CD_16,CD_11
622963,Cliente_622963,30,CD_11,CD_06
307917,Cliente_307917,10,CD_06,CD_19
406528,Cliente_406528,15,CD_17,CD_01
848637,Cliente_848637,29,CD_04,CD_17
357626,Cliente_357626,24,CD_02,CD_11
121782,Cliente_121782,3,CD_12,CD_01
499609,Cliente_499609,11,CD_03,CD_09
518905,Cliente_518905,6,CD_06,CD_20
358265,Cliente_358265,25,CD_17,CD_19
627834,Cliente_627834,11,CD_15,CD_03
551555,Cliente_551555,20,CD_18,CD_09
839352,Cliente_839352,26,CD_14,CD_01
622959,Cliente_622959,14,CD_00,CD_19
726528,Cliente_726528,22,CD_06,CD_10
238086,Cliente_238086,11,CD_11,CD_06
822642,Cliente_822642,1,CD_12,CD_19
30027,Cliente_30027,16,CD_02,CD_18
967110,Cliente_967110,28,CD_00,CD_13
112829,Cliente_112829,23,CD_07,CD_06
406287,Cliente_406287,19,CD_18,CD_10
196565,Cliente_196565,2,CD_06,CD_19
435900,Cliente_435900,4,CD_04,CD_06
689540,Cliente_689540,20,CD_04,CD_02
571156,Cliente_571156,16,CD_14,CD_07
926199,Cliente_926199,7,CD_14,CD_02
382135,Cliente_382135,4,CD_09,CD_06
183700,Cliente_183700,9,CD_09,CD_14
690209,Cliente_690209,17,CD_08,CD_07
234300,Cliente_234300,9,CD_08,CD_02
832488,Cliente_832488,10,CD_06,CD_10
499401,Cliente_499401,19,CD_18,CD_02
831739,Cliente_831739,18,CD_16,CD_05
207439,Cliente_207439,22,CD_12,CD_20
56290,Cliente_56290,30,CD_15,CD_10
561372,Cliente_561372,9,CD_01,CD_15
304322,Cliente_304322,26,CD_08,CD_05
404985,Cliente_404985,12,CD_07,CD_00
141144,Cliente_141144,13,CD_06,CD_15
896488,Cliente_896488,12,CD_10,CD_20
83643,Cliente_83643,29,CD_07,CD_18
368102,Cliente_368102,5,CD_20,CD_14
790684,Cliente_790684,8,CD_09,CD_20
331176,Cliente_331176,7,CD_08,CD_14
592582,Cliente_592582,19,CD_17,CD_14
508767,Cliente_508767,21,CD_20,CD_03
313312,Cliente_313312,1,CD_13,CD_01
745206,Cliente_745206,30,CD_09,CD_05
249256,Cliente_249256,14,CD_01,CD_20
620496,Cliente_620496,6,CD_09,CD_10
459255,Cliente_459255,12,CD_10,CD_19
424716,Cliente_424716,23,CD_05,CD_14
94337,Cliente_94337,1,CD_07,CD_02
123331,Cliente_123331,19,CD_17,CD_04
45523,Cliente_45523,22,CD_11,CD_19
500550,Cliente_500550,12,CD_15,CD_04
327125,Cliente_327125,26,CD_07,CD_00
993890,Cliente_993890,4,CD_13,CD_18
186184,Cliente_186184,15,CD_20,CD_06
149021,Cliente_149021,2,CD_02,CD_10
359495,Cliente_359495,18,CD_04,CD_06
300280,Cliente_300280,6,CD_13,CD_16
809351,Cliente_809351,14,CD_00,CD_03
423276,Cliente_423276,2,CD_09,CD_15
533848,Cliente_533848,5,CD_12,CD_06
420015,Cliente_420015,6,CD_15,CD_05
954723,Cliente_954723,26,CD_06,CD_17
395822,Cliente_395822,7,CD_02,CD_09
888747,Cliente_888747,12,CD_11,CD_02
249746,Cliente_249746,29,CD_15,CD_11
52878,Cliente_52878,19,CD_10,CD_13
542333,Cliente_542333,11,CD_15,CD_14
638147,Cliente_638147,20,CD_17,CD_12
782098,Cliente_782098,19,CD_20,CD_05
529178,Cliente_529178,22,CD_18,CD_14
766891,Cliente_766891,29,CD_14,CD_04
230141,Cliente_230141,24,CD_00,CD_15
907387,Cliente_907387,17,CD_01,CD_06
883281,Cliente_883281,15,CD_16,CD_13
76996,Cliente_76996,26,CD_14,CD_18
805403,Cliente_805403,24,CD_20,CD_06
86122,Cliente_86122,8,CD_13,CD_19
698300,Cliente_698300,17,CD_13,CD_12
17692,Cliente_17692,15,CD_08,CD_04
866368,Cliente_866368,2,CD_12,CD_13
625427,Cliente_625427,10,CD_16,CD_03
711069,Cliente_711069,14,CD_12,CD_16
998929,Cliente_998929,25,CD_02,CD_14
275380,Cliente_275380,2,CD_04,CD_00
7525,Cliente_7525,24,CD_08,CD_17
592333,Cliente_592333,10,CD_10,CD_16
982691,Cliente_982691,28,CD_04,CD_12
669852,Cliente_669852,8,CD_13,CD_18
654830,Cliente_654830,16,CD_11,CD_03
234240,Cliente_234240,11,CD_10,CD_15
968048,Cliente_968048,18,CD_20,CD_00
452544,Cliente_452544,15,CD_19,CD_13
724510,Cliente_724510,5,CD_16,CD_06
785358,Cliente_785358,30,CD_01,CD_19
258998,Cliente_258998,8,CD_10,CD_17
598981,Cliente_598981,30,CD_10,CD_02
364929,Cliente_364929,26,CD_16,CD_14
698733,Cliente_698733,7,CD_04,CD_14
99667,Cliente_99667,21,CD_16,CD_00
253043,Cliente_253043,15,CD_04,CD_05
693320,Cliente_693320,28,CD_08,CD_16
647906,Cliente_647906,27,CD_09,CD_00
457951,Cliente_457951,9,CD_09,CD_20
686496,Cliente_686496,10,CD_08,CD_20
40920,Cliente_40920,1,CD_03,CD_14
80119,Cliente_80119,20,CD_16,CD_18
455270,Cliente_455270,14,CD_15,CD_05
387181,Cliente_387181,18,CD_02,CD_00
515637,Cliente_515637,6,CD_05,CD_06
283751,Cliente_283751,26,CD_07,CD_14
11314,Cliente_11314,17,CD_01,CD_03
988012,Cliente_988012,26,CD_15,CD_09
81360,Cliente_81360,30,CD_13,CD_19
950310,Cliente_950310,7,CD_07,CD_08
275648,Cliente_275648,1,CD_03,CD_15
550304,Cliente_550304,21,CD_05,CD_13
659575,Cliente_659575,28,CD_19,CD_20
622024,Cliente_622024,14,CD_08,CD_03
339371,Cliente_339371,28,CD_06,CD_13
268462,Cliente_268462,9,CD_03,CD_19
238422,Cliente_238422,25,CD_05,CD_03
47939,Cliente_47939,15,CD_05,CD_03
31921,Cliente_31921,8,CD_00,CD_01
273371,Cliente_273371,9,CD_13,CD_14
782202,Cliente_782202,4,CD_11,CD_14
138154,Cliente_138154,10,CD_13,CD_08
311406,Cliente_311406,27,CD_07,CD_12
935434,Cliente_935434,18,CD_01,CD_10
452174,Cliente_452174,15,CD_00,CD_12
824371,Cliente_824371,7,CD_01,CD_02
483486,Cliente_483486,27,CD_13,CD_11
600193,Cliente_600193,23,CD_04,CD_08
580193,Cliente_580193,24,CD_08,CD_09
263038,Cliente_263038,16,CD_07,CD_12
599047,Cliente_599047,5,CD_07,CD_15
978230,Cliente_978230,6,CD_11,CD_03
993719,Cliente_993719,2,CD_08,CD_11
439686,Cliente_439686,24,CD_18,CD_09
17147,Cliente_17147,27,CD_17,CD_11
936225,Cliente_936225,24,CD_07,CD_14
668712,Cliente_668712,5,CD_10,CD_02
439204,Cliente_439204,16,CD_18,CD_13
514482,Cliente_514482,2,CD_17,CD_00
777253,Cliente_777253,22,CD_15,CD_07
973039,Cliente_973039,12,CD_11,CD_18
309864,Cliente_309864,11,CD_06,CD_20
629822,Cliente_629822,2,CD_09,CD_06
168314,Cliente_168314,30,CD_14,CD_04
970794,Cliente_970794,5,CD_15,CD_06
444017,Cliente_444017,24,CD_13,CD_05
387939,Cliente_387939,1,CD_08,CD_02
645647,Cliente_645647,9,CD_03,CD_18
789471,Cliente_789471,20,CD_18,CD_15
85937,Cliente_85937,27,CD_15,CD_02
586022,Cliente_586022,17,CD_02,CD_06
952411,Cliente_952411,19,CD_05,CD_14
16523,Cliente_16523,6,CD_13,CD_05
108925,Cliente_108925,2,CD_18,CD_17
379812,Cliente_379812,26,CD_05,CD_07
676712,Cliente_676712,15,CD_00,CD_05
40994,Cliente_40994,8,CD_03,CD_08
215540,Cliente_215540,9,CD_01,CD_11
266691,Cliente_266691,16,CD_05,CD_20
541907,Cliente_541907,12,CD_02,CD_06
950269,Cliente_950269,24,CD_20,CD_06
229839,Cliente_229839,28,CD_20,CD_03
82048,Cliente_82048,16,CD_19,CD_09
283022,Cliente_283022,21,CD_17,CD_14
188918,Cliente_188918,28,CD_19,CD_09
149264,Cliente_149264,5,CD_00,CD_14
55748,Cliente_55748,29,CD_19,CD_05
69421,Cliente_69421,28,CD_17,CD_14
141896,Cliente_141896,15,CD_12,CD_11
378136,Cliente_378136,30,CD_00,CD_17
481242,Cliente_481242,22,CD_14,CD_03
290400,Cliente_290400,18,CD_01,CD_00
632397,Cliente_632397,2,CD_14,CD_00
996652,Cliente_996652,27,CD_07,CD_06
179309,Cliente_179309,30,CD_00,CD_01
443516,Cliente_443516,28,CD_03,CD_06
679551,Cliente_679551,26,CD_01,CD_16
496109,Cliente_496109,2,CD_03,CD_00
260294,Cliente_260294,22,CD_00,CD_04
585010,Cliente_585010,19,CD_18,CD_14
292922,Cliente_292922,17,CD_14,CD_15
617053,Cliente_617053,7,CD_10,CD_14
328400,Cliente_328400,18,CD_07,CD_15
770774,Cliente_770774,5,CD_03,CD_00
493815,Cliente_493815,4,CD_14,CD_01
216160,Cliente_216160,2,CD_00,CD_10
756950,Cliente_756950,5,CD_09,CD_04
558232,Cliente_558232,18,CD_06,CD_03
533137,Cliente_533137,12,CD_13,CD_19
769271,Cliente_769271,19,CD_02,CD_18
501763,Cliente_501763,5,CD_08,CD_06
255757,Cliente_255757,23,CD_11,CD_19
401155,Cliente_401155,27,CD_10,CD_07
916614,Cliente_916614,23,CD_05,CD_00
757985,Cliente_757985,26,CD_11,CD_18
764518,Cliente_764518,17,CD_19,CD_17
144487,Cliente_144487,22,CD_16,CD_01
13902,Cliente_13902,20,CD_17,CD_00
316506,Cliente_316506,22,CD_01,CD_07
794038,Cliente_794038,4,CD_04,CD_08
925623,Cliente_925623,17,CD_08,CD_12
935282,Cliente_935282,19,CD_17,CD_10
569016,Cliente_569016,21,CD_06,CD_01
365232,Cliente_365232,6,CD_08,CD_11
147535,Cliente_147535,21,CD_06,CD_13
430432,Cliente_430432,6,CD_00,CD_20
847144,Cliente_847144,28,CD_05,CD_20
870762,Cliente_870762,7,CD_12,CD_02
872360,Cliente_872360,30,CD_02,CD_15
271036,Cliente_271036,14,CD_09,CD_16
865303,Cliente_865303,6,CD_16,CD_02
435247,Cliente_435247,28,CD_14,CD_19
86770,Cliente_86770,11,CD_04,CD_05
746546,Cliente_746546,9,CD_18,CD_17
676460,Cliente_676460,19,CD_08,CD_12
536246,Cliente_536246,8,CD_06,CD_02
126021,Cliente_126021,20,CD_10,CD_06
289368,Cliente_289368,13,CD_15,CD_02
197765,Cliente_197765,29,CD_10,CD_02
207838,Cliente_207838,3,CD_13,CD_07
925504,Cliente_925504,18,CD_20,CD_19
135351,Cliente_135351,24,CD_09,CD_03
990538,Cliente_990538,15,CD_18,CD_11
619139,Cliente_619139,28,CD_10,CD_17
681451,Cliente_681451,29,CD_05,CD_13
223128,Cliente_223128,16,CD_14,CD_17
631036,Cliente_631036,16,CD_07,CD_08
352446,Cliente_352446,26,CD_00,CD_09
484123,Cliente_484123,19,CD_11,CD_03
391973,Cliente_391973,29,CD_01,CD_11
74708,Cliente_74708,17,CD_17,CD_11
712097,Cliente_712097,24,CD_02,CD_01
339961,Cliente_339961,3,CD_18,CD_04
169398,Cliente_169398,4,CD_18,CD_19
629799,Cliente_629799,24,CD_20,CD_07
131140,Cliente_131140,20,CD_09,CD_03
130939,Cliente_130939,8,CD_04,CD_07
298345,Cliente_298345,17,CD_01,CD_03
108196,Cliente_108196,1,CD_04,CD_13
241589,Cliente_241589,20,CD_02,CD_09
259491,Cliente_259491,22,CD_03,CD_00
301418,Cliente_301418,29,CD_05,CD_14
785227,Cliente_785227,26,CD_03,CD_17
10125,Cliente_10125,2,CD_13,CD_20
677116,Cliente_677116,25,CD_06,CD_20
483950,Cliente_483950,21,CD_19,CD_03
964316,Cliente_964316,19,CD_06,CD_17
721830,Cliente_721830,14,CD_06,CD_11
873890,Cliente_873890,7,CD_04,CD_10
78063,Cliente_78063,1,CD_19,CD_07
347477,Cliente_347477,3,CD_20,CD_07
65512,Cliente_65512,28,CD_17,CD_15
520358,Cliente_520358,29,CD_07,CD_10
132957,Cliente_132957,23,CD_11,CD_10
237986,Cliente_237986,15,CD_12,CD_11
181438,Cliente_181438,18,CD_19,CD_18
380197,Cliente_380197,17,CD_19,CD_15
192465,Cliente_192465,18,CD_06,CD_16
86907,Cliente_86907,25,CD_03,CD_20
511286,Cliente_511286,21,CD_08,CD_11
194216,Cliente_194216,22,CD_04,CD_17
547237,Cliente_547237,24,CD_00,CD_02
772585,Cliente_772585,6,CD_03,CD_06
986885,Cliente_986885,1,CD_19,CD_05
566278,Cliente_566278,13,CD_01,CD_08
883392,Cliente_883392,16,CD_03,CD_20
485229,Cliente_485229,12,CD_10,CD_17
395202,Cliente_395202,30,CD_05,CD_03
371357,Cliente_371357,27,CD_19,CD_11
911642,Cliente_911642,13,CD_06,CD_18
94853,Cliente_94853,28,CD_01,CD_12
857001,Cliente_857001,29,CD_18,CD_05
739591,Cliente_739591,16,CD_20,CD_09
293091,Cliente_293091,14,CD_07,CD_19
318520,Cliente_318520,11,CD_14,CD_03
612299,Cliente_612299,14,CD_05,CD_17
689426,Cliente_689426,5,CD_08,CD_16
470585,Cliente_470585,27,CD_15,CD_02
311115,Cliente_311115,29,CD_20,CD_05
288561,Cliente_288561,9,CD_14,CD_03
25190,Cliente_25190,25,CD_06,CD_10
861798,Cliente_861798,28,CD_18,CD_08
996917,Cliente_996917,14,CD_18,CD_17
697353,Cliente_697353,20,CD_10,CD_01
967892,Cliente_967892,15,CD_19,CD_14
24690,Cliente_24690,21,CD_18,CD_10
119404,Cliente_119404,9,CD_13,CD_04
582695,Cliente_582695,13,CD_03,CD_15
397996,Cliente_397996,11,CD_20,CD_17
677909,Cliente_677909,6,CD_18,CD_07
953744,Cliente_953744,15,CD_15,CD_06
614739,Cliente_614739,17,CD_17,CD_06
624796,Cliente_624796,26,CD_10,CD_08
648420,Cliente_648420,30,CD_05,CD_15
495968,Cliente_495968,12,CD_19,CD_16
672370,Cliente_672370,28,CD_16,CD_00
319859,Cliente_319859,29,CD_09,CD_15
615125,Cliente_615125,27,CD_09,CD_05
480953,Cliente_480953,10,CD_16,CD_18
112076,Cliente_112076,15,CD_10,CD_04
290654,Cliente_290654,7,CD_04,CD_20
716289,Cliente_716289,22,CD_05,CD_11
287194,Cliente_287194,19,CD_06,CD_17
686023,Cliente_686023,23,CD_05,CD_08
439725,Cliente_439725,28,CD_03,CD_09
523612,Cliente_523612,27,CD_13,CD_19
323297,Cliente_323297,22,CD_16,CD_07
312745,Cliente_312745,26,CD_12,CD_00
426893,Cliente_426893,16,CD_18,CD_07
116478,Cliente_116478,17,CD_08,CD_05
518670,Cliente_518670,17,CD_18,CD_01
473497,Cliente_473497,18,CD_06,CD_09
605326,Cliente_605326,25,CD_14,CD_07
526814,Cliente_526814,7,CD_04,CD_06
808820,Cliente_808820,8,CD_05,CD_09
34077,Cliente_34077,8,CD_02,CD_10
988927,Cliente_988927,21,CD_10,CD_13
952361,Cliente_952361,29,CD_07,CD_10
504346,Cliente_504346,27,CD_09,CD_12
832428,Cliente_832428,25,CD_14,CD_05
677710,Cliente_677710,20,CD_08,CD_14
128234,Cliente_128234,11,CD_12,CD_06
365605,Cliente_365605,29,CD_11,CD_12
109188,Cliente_109188,29,CD_04,CD_19
899948,Cliente_899948,21,CD_18,CD_19
883074,Cliente_883074,4,CD_20,CD_14
8177,Cliente_8177,13,CD_01,CD_07
775177,Cliente_775177,21,CD_02,CD_05
402565,Cliente_402565,12,CD_05,CD_06
41061,Cliente_41061,29,CD_03,CD_19
876410,Cliente_876410,21,CD_10,CD_13
921024,Cliente_921024,11,CD_17,CD_01
20197,Cliente_20197,27,CD_05,CD_02
290600,Cliente_290600,6,CD_08,CD_00
104861,Cliente_104861,3,CD_19,CD_03
20812,Cliente_20812,11,CD_20,CD_00
521721,Cliente_521721,10,CD_12,CD_03
367743,Cliente_367743,2,CD_05,CD_15
977642,Cliente_977642,12,CD_05,CD_11
276708,Cliente_276708,25,CD_17,CD_08
721667,Cliente_721667,3,CD_17,CD_07
533748,Cliente_533748,23,CD_11,CD_19
477639,Cliente_477639,7,CD_01,CD_11
656615,Cliente_656615,21,CD_10,CD_20
571123,Cliente_571123,10,CD_19,CD_14
576317,Cliente_576317,29,CD_07,CD_14
683166,Cliente_683166,18,CD_00,CD_13
432627,Cliente_432627,1,CD_02,CD_12
28409,Cliente_28409,22,CD_20,CD_06
86977,Cliente_86977,29,CD_17,CD_08
785999,Cliente_785999,12,CD_05,CD_12
53525,Cliente_53525,29,CD_00,CD_11
45511,Cliente_45511,6,CD_01,CD_13
741403,Cliente_741403,10,CD_19,CD_00
589919,Cliente_589919,14,CD_07,CD_02
559286,Cliente_559286,26,CD_07,CD_13
266352,Cliente_266352,25,CD_12,CD_11
515525,Cliente_515525,28,CD_11,CD_03
40046,Cliente_40046,15,CD_03,CD_09
217121,Cliente_217121,20,CD_08,CD_09
598951,Cliente_598951,4,CD_06,CD_09
334619,Cliente_334619,27,CD_05,CD_07
701027,Cliente_701027,5,CD_04,CD_19
923510,Cliente_923510,3,CD_10,CD_19
445225,Cliente_445225,7,CD_00,CD_19
634833,Cliente_634833,25,CD_01,CD_15
552712,Cliente_552712,6,CD_14,CD_11
491738,Cliente_491738,8,CD_08,CD_03
246038,Cliente_246038,3,CD_04,CD_12
773252,Cliente_773252,15,CD_11,CD_18
308469,Cliente_308469,25,CD_03,CD_10
811573,Cliente_811573,25,CD_01,CD_11
469725,Cliente_469725,6,CD_08,CD_13
890757,Cliente_890757,7,CD_12,CD_17
840983,Cliente_840983,25,CD_11,CD_09
621312,Cliente_621312,11,CD_01,CD_00
973311,Cliente_973311,15,CD_02,CD_12
710303,Cliente_710303,8,CD_02,CD_05
538818,Cliente_538818,18,CD_01,CD_14
885075,Cliente_885075,7,CD_03,CD_20
840797,Cliente_840797,15,CD_06,CD_17
403962,Cliente_403962,28,CD_04,CD_13
420259,Cliente_420259,23,CD_04,CD_08
913400,Cliente_913400,13,CD_13,CD_14
477413,Cliente_477413,5,CD_08,CD_10
897935,Cliente_897935,12,CD_17,CD_04
184965,Cliente_184965,27,CD_16,CD_13
378020,Cliente_378020,4,CD_06,CD_10
248959,Cliente_248959,25,CD_13,CD_06
411560,Cliente_411560,5,CD_02,CD_07
853726,Cliente_853726,22,CD_09,CD_03
113746,Cliente_113746,25,CD_14,CD_18
551512,Cliente_551512,21,CD_02,CD_03
610087,Cliente_610087,17,CD_20,CD_00
870476,Cliente_870476,13,CD_05,CD_12
684402,Cliente_684402,8,CD_03,CD_18
677638,Cliente_677638,14,CD_11,CD_07
750730,Cliente_750730,30,CD_17,CD_08
287070,Cliente_287070,20,CD_08,CD_15
32139,Cliente_32139,2,CD_01,CD_15
11150,Cliente_11150,29,CD_05,CD_18
983206,Cliente_983206,29,CD_12,CD_20
641553,Cliente_641553,2,CD_11,CD_16
259471,Cliente_259471,6,CD_10,CD_02
956478,Cliente_956478,24,CD_11,CD_19
441188,Cliente_441188,12,CD_05,CD_08
523084,Cliente_523084,12,CD_03,CD_10
406983,Cliente_406983,23,CD_14,CD_18
951892,Cliente_951892,20,CD_02,CD_03
140890,Cliente_140890,30,CD_13,CD_11
149201,Cliente_149201,6,CD_15,CD_19
904577,Cliente_904577,20,CD_18,CD_13
902435,Cliente_902435,11,CD_13,CD_18
488547,Cliente_488547,10,CD_16,CD_07
183751,Cliente_183751,1,CD_18,CD_17
86441,Cliente_86441,12,CD_08,CD_07
248480,Cliente_248480,29,CD_15,CD_20
196669,Cliente_196669,3,CD_03,CD_14
490993,Cliente_490993,16,CD_12,CD_18
843596,Cliente_843596,3,CD_06,CD_00
500960,Cliente_500960,19,CD_15,CD_04
903108,Cliente_903108,10,CD_02,CD_15
713588,Cliente_713588,29,CD_18,CD_20
688214,Cliente_688214,5,CD_14,CD_20
36376,Cliente_36376,2,CD_13,CD_17
846516,Cliente_846516,20,CD_14,CD_18
927509,Cliente_927509,29,CD_05,CD_03
540436,Cliente_540436,10,CD_10,CD_12
396059,Cliente_396059,21,CD_11,CD_05
100870,Cliente_100870,8,CD_02,CD_05
923085,Cliente_923085,9,CD_18,CD_17
474502,Cliente_474502,12,CD_09,CD_02
809666,Cliente_809666,16,CD_13,CD_11
805530,Cliente_805530,20,CD_10,CD_18
521505,Cliente_521505,15,CD_05,CD_03
638712,Cliente_638712,20,CD_20,CD_00
738497,Cliente_738497,6,CD_10,CD_19
656748,Cliente_656748,9,CD_08,CD_07
884461,Cliente_884461,25,CD_15,CD_09
182606,Cliente_182606,24,CD_03,CD_05
760160,Cliente_760160,16,CD_02,CD_17
455949,Cliente_455949,4,CD_14,CD_09
132105,Cliente_132105,30,CD_01,CD_09
552999,Cliente_552999,22,CD_15,CD_17
919240,Cliente_919240,12,CD_17,CD_15
833838,Cliente_833838,14,CD_05,CD_17
995950,Cliente_995950,14,CD_15,CD_13
664772,Cliente_664772,20,CD_07,CD_18
941120,Cliente_941120,5,CD_17,CD_00
519647,Cliente_519647,7,CD_14,CD_03
794741,Cliente_794741,23,CD_12,CD_19
867397,Cliente_867397,4,CD_16,CD_02
889331,Cliente_889331,1,CD_00,CD_01
193744,Cliente_193744,7,CD_04,CD_02
19767,Cliente_19767,21,CD_16,CD_17
846747,Cliente_846747,29,CD_16,CD_08
159311,Cliente_159311,22,CD_19,CD_18
386249,Cliente_386249,16,CD_07,CD_14
920921,Cliente_920921,16,CD_00,CD_17
225750,Cliente_225750,4,CD_13,CD_03
439721,Cliente_439721,18,CD_05,CD_08
607733,Cliente_607733,3,CD_04,CD_03
104034,Cliente_104034,5,CD_13,CD_12
536261,Cliente_536261,2,CD_09,CD_00
364717,Cliente_364717,9,CD_19,CD_05
992269,Cliente_992269,24,CD_00,CD_10
916225,Cliente_916225,16,CD_13,CD_06
263359,Cliente_263359,4,CD_13,CD_06
617819,Cliente_617819,28,CD_13,CD_01
374134,Cliente_374134,27,CD_01,CD_00
805636,Cliente_805636,2,CD_18,CD_10
822777,Cliente_822777,14,CD_03,CD_07
242192,Cliente_242192,23,CD_13,CD_10
908472,Cliente_908472,15,CD_18,CD_19
807899,Cliente_807899,23,CD_03,CD_20
10187,Cliente_10187,17,CD_06,CD_01
785675,Cliente_785675,29,CD_07,CD_16
217528,Cliente_217528,16,CD_05,CD_20
598291,Cliente_598291,13,CD_03,CD_07
718828,Cliente_718828,2,CD_13,CD_09
278443,Cliente_278443,27,CD_04,CD_03
222334,Cliente_222334,9,CD_07,CD_13
241563,Cliente_241563,2,CD_08,CD_10
4912,Cliente_4912,7,CD_19,CD_09
985903,Cliente_985903,28,CD_03,CD_18
334767,Cliente_334767,28,CD_10,CD_07
177537,Cliente_177537,28,CD_10,CD_01
327248,Cliente_327248,30,CD_10,CD_07
77363,Cliente_77363,18,CD_03,CD_04
209939,Cliente_209939,19,CD_18,CD_13
956532,Cliente_956532,18,CD_08,CD_02
920034,Cliente_920034,26,CD_07,CD_11
32632,Cliente_32632,22,CD_16,CD_14
97040,Cliente_97040,2,CD_00,CD_05
396994,Cliente_396994,5,CD_14,CD_04
376539,Cliente_376539,9,CD_13,CD_09
243740,Cliente_243740,23,CD_19,CD_18
559979,Cliente_559979,5,CD_08,CD_02
355803,Cliente_355803,18,CD_11,CD_10
922451,Cliente_922451,23,CD_08,CD_03
55645,Cliente_55645,16,CD_18,CD_13
642125,Cliente_642125,5,CD_01,CD_03
394636,Cliente_394636,27,CD_18,CD_17
231104,Cliente_231104,5,CD_17,CD_08
313212,Cliente_313212,8,CD_17,CD_11
18186,Cliente_18186,21,CD_12,CD_13
59856,Cliente_59856,30,CD_17,CD_10
79281,Cliente_79281,4,CD_15,CD_06
499081,Cliente_499081,9,CD_16,CD_12
344390,Cliente_344390,11,CD_01,CD_13
661873,Cliente_661873,1,CD_09,CD_19
313547,Cliente_313547,6,CD_13,CD_02
593106,Cliente_593106,19,CD_10,CD_05
288803,Cliente_288803,6,CD_20,CD_05
777785,Cliente_777785,7,CD_19,CD_14
275475,Cliente_275475,18,CD_00,CD_20
275700,Cliente_275700,24,CD_02,CD_16
906180,Cliente_906180,13,CD_18,CD_17
388628,Cliente_388628,3,CD_04,CD_03
207999,Cliente_207999,6,CD_10,CD_04
733547,Cliente_733547,3,CD_01,CD_06
227311,Cliente_227311,26,CD_01,CD_03
419727,Cliente_419727,17,CD_09,CD_12
831586,Cliente_831586,4,CD_15,CD_13
526997,Cliente_526997,28,CD_01,CD_19
760381,Cliente_760381,4,CD_13,CD_07
668126,Cliente_668126,1,CD_05,CD_04
278088,Cliente_278088,2,CD_04,CD_13
664791,Cliente_664791,6,CD_07,CD_08
638684,Cliente_638684,26,CD_12,CD_05
895477,Cliente_895477,29,CD_06,CD_01
244040,Cliente_244040,7,CD_02,CD_05
997660,Cliente_997660,16,CD_09,CD_14
940564,Cliente_940564,19,CD_19,CD_07
643208,Cliente_643208,9,CD_09,CD_07
535489,Cliente_535489,8,CD_14,CD_17
715537,Cliente_715537,8,CD_02,CD_15
531533,Cliente_531533,27,CD_00,CD_04
473449,Cliente_473449,14,CD_07,CD_10
714158,Cliente_714158,23,CD_13,CD_19
781786,Cliente_781786,8,CD_06,CD_02
154964,Cliente_154964,20,CD_15,CD_03
873738,Cliente_873738,8,CD_17,CD_06
57321,Cliente_57321,26,CD_12,CD_10
124792,Cliente_124792,6,CD_19,CD_07
692049,Cliente_692049,10,CD_12,CD_10
635070,Cliente_635070,18,CD_05,CD_18
694508,Cliente_694508,10,CD_07,CD_20
95438,Cliente_95438,18,CD_00,CD_14
381521,Cliente_381521,10,CD_18,CD_08
79799,Cliente_79799,25,CD_19,CD_01
407827,Cliente_407827,20,CD_05,CD_20
58784,Cliente_58784,26,CD_20,CD_03
531645,Cliente_531645,24,CD_07,CD_12
185737,Cliente_185737,1,CD_05,CD_02
322071,Cliente_322071,10,CD_12,CD_10
212750,Cliente_212750,27,CD_04,CD_02
899040,Cliente_899040,19,CD_19,CD_16
836901,Cliente_836901,14,CD_13,CD_10
712531,Cliente_712531,4,CD_17,CD_08
361692,Cliente_361692,27,CD_12,CD_04
335716,Cliente_335716,4,CD_06,CD_01
498526,Cliente_498526,21,CD_11,CD_07
120514,Cliente_120514,3,CD_15,CD_01
963117,Cliente_963117,11,CD_15,CD_14
777300,Cliente_777300,10,CD_12,CD_00
197414,Cliente_197414,20,CD_13,CD_06
262654,Cliente_262654,22,CD_05,CD_19
178882,Cliente_178882,18,CD_18,CD_03
595547,Cliente_595547,13,CD_13,CD_16
865809,Cliente_865809,1,CD_09,CD_03
807769,Cliente_807769,18,CD_08,CD_13
225946,Cliente_225946,29,CD_11,CD_01
18812,Cliente_18812,11,CD_17,CD_05
584233,Cliente_584233,24,CD_12,CD_03
442023,Cliente_442023,29,CD_20,CD_07
960253,Cliente_960253,5,CD_02,CD_07
723711,Cliente_723711,4,CD_14,CD_16
851065,Cliente_851065,1,CD_05,CD_00
248180,Cliente_248180,1,CD_08,CD_17
485991,Cliente_485991,23,CD_20,CD_15
512701,Cliente_512701,23,CD_02,CD_12
968191,Cliente_968191,18,CD_11,CD_17
251935,Cliente_251935,8,CD_10,CD_03
662944,Cliente_662944,16,CD_04,CD_15
976740,Cliente_976740,18,CD_18,CD_10
530004,Cliente_530004,10,CD_12,CD_14
905318,Cliente_905318,2,CD_17,CD_07
579854,Cliente_579854,7,CD_13,CD_15
437454,Cliente_437454,9,CD_03,CD_01
508743,Cliente_508743,20,CD_12,CD_17
690978,Cliente_690978,25,CD_02,CD_06
787511,Cliente_787511,28,CD_20,CD_08
51547,Cliente_51547,16,CD_10,CD_06
175431,Cliente_175431,6,CD_19,CD_08
867479,Cliente_867479,3,CD_06,CD_13
844014,Cliente_844014,23,CD_04,CD_15
64694,Cliente_64694,10,CD_03,CD_20
822661,Cliente_822661,28,CD_15,CD_00
402267,Cliente_402267,26,CD_13,CD_02
397855,Cliente_397855,18,CD_11,CD_19
647191,Cliente_647191,29,CD_08,CD_09
941020,Cliente_941020,22,CD_16,CD_11
312209,Cliente_312209,19,CD_07,CD_17
809255,Cliente_809255,30,CD_02,CD_19
972375,Cliente_972375,3,CD_08,CD_10
840119,Cliente_840119,11,CD_04,CD_20
391317,Cliente_391317,11,CD_00,CD_01
535325,Cliente_535325,11,CD_11,CD_07
867044,Cliente_867044,9,CD_17,CD_14
738786,Cliente_738786,28,CD_13,CD_14
944829,Cliente_944829,20,CD_18,CD_11
610304,Cliente_610304,22,CD_14,CD_08
923434,Cliente_923434,14,CD_17,CD_16
834211,Cliente_834211,16,CD_00,CD_01
771721,Cliente_771721,25,CD_16,CD_19
8297,Cliente_8297,1,CD_13,CD_18
600970,Cliente_600970,12,CD_13,CD_16
737571,Cliente_737571,12,CD_08,CD_15
197740,Cliente_197740,9,CD_17,CD_08
652113,Cliente_652113,26,CD_05,CD_01
923715,Cliente_923715,29,CD_04,CD_20
623145,Cliente_623145,9,CD_08,CD_06
154741,Cliente_154741,10,CD_09,CD_16
279569,Cliente_279569,8,CD_06,CD_05
170103,Cliente_170103,28,CD_10,CD_17
323744,Cliente_323744,19,CD_15,CD_07
28756,Cliente_28756,17,CD_03,CD_19
478560,Cliente_478560,4,CD_00,CD_11
762214,Cliente_762214,16,CD_09,CD_05
904526,Cliente_904526,19,CD_13,CD_01
438529,Cliente_438529,8,CD_06,CD_18
598958,Cliente_598958,5,CD_13,CD_11
342341,Cliente_342341,21,CD_19,CD_07
398860,Cliente_398860,9,CD_00,CD_04
82275,Cliente_82275,22,CD_13,CD_03
58193,Cliente_58193,25,CD_11,CD_08
943830,Cliente_943830,11,CD_09,CD_18
369967,Cliente_369967,23,CD_20,CD_04
66091,Cliente_66091,22,CD_08,CD_07
167254,Cliente_167254,23,CD_14,CD_06
32318,Cliente_32318,24,CD_17,CD_13
27382,Cliente_27382,9,CD_04,CD_09
735413,Cliente_735413,30,CD_17,CD_04
102763,Cliente_102763,22,CD_15,CD_13
194934,Cliente_194934,2,CD_13,CD_11
368435,Cliente_368435,22,CD_18,CD_04
616252,Cliente_616252,23,CD_14,CD_15
439722,Cliente_439722,21,CD_15,CD_02
851817,Cliente_851817,8,CD_02,CD_00
368713,Cliente_368713,8,CD_17,CD_15
865508,Cliente_865508,30,CD_04,CD_06
789681,Cliente_789681,27,CD_18,CD_14
669978,Cliente_669978,2,CD_12,CD_11
556501,Cliente_556501,11,CD_08,CD_18
833425,Cliente_833425,15,CD_08,CD_18
85323,Cliente_85323,5,CD_10,CD_00
982975,Cliente_982975,4,CD_02,CD_06
522773,Cliente_522773,7,CD_06,CD_04
278493,Cliente_278493,13,CD_10,CD_17
51430,Cliente_51430,23,CD_08,CD_01
945126,Cliente_945126,8,CD_00,CD_17
681537,Cliente_681537,13,CD_07,CD_00
988699,Cliente_988699,4,CD_08,CD_09
371902,Cliente_371902,11,CD_00,CD_20
443749,Cliente_443749,2,CD_03,CD_11
75875,Cliente_75875,1,CD_20,CD_12
889651,Cliente_889651,11,CD_01,CD_08
356445,Cliente_356445,9,CD_16,CD_03
336769,Cliente_336769,9,CD_10,CD_05
924483,Cliente_924483,24,CD_19,CD_15
24595,Cliente_24595,18,CD_07,CD_19
811159,Cliente_811159,29,CD_02,CD_20
614904,Cliente_614904,30,CD_04,CD_20
103046,Cliente_103046,26,CD_05,CD_19
710409,Cliente_710409,10,CD_09,CD_00
833829,Cliente_833829,9,CD_08,CD_18
998120,Cliente_998120,9,CD_03,CD_01
190836,Cliente_190836,27,CD_17,CD_00
169412,Cliente_169412,14,CD_06,CD_17
239516,Cliente_239516,9,CD_15,CD_13
229585,Cliente_229585,27,CD_03,CD_13
731058,Cliente_731058,22,CD_14,CD_01
467218,Cliente_467218,1,CD_07,CD_09
401011,Cliente_401011,7,CD_18,CD_12
990737,Cliente_990737,16,CD_11,CD_18
875656,Cliente_875656,4,CD_20,CD_18
776674,Cliente_776674,13,CD_03,CD_04
655873,Cliente_655873,7,CD_01,CD_15
361190,Cliente_361190,8,CD_17,CD_19
122203,Cliente_122203,7,CD_20,CD_04
258179,Cliente_258179,3,CD_13,CD_18
877564,Cliente_877564,27,CD_07,CD_01
957102,Cliente_957102,15,CD_01,CD_17
88115,Cliente_88115,21,CD_16,CD_14
227043,Cliente_227043,21,CD_12,CD_20
489786,Cliente_489786,21,CD_04,CD_13
86504,Cliente_86504,8,CD_05,CD_13
189878,Cliente_189878,9,CD_07,CD_20
894736,Cliente_894736,17,CD_16,CD_07
975923,Cliente_975923,25,CD_05,CD_06
542324,Cliente_542324,6,CD_20,CD_01
332586,Cliente_332586,10,CD_09,CD_06
776377,Cliente_776377,29,CD_18,CD_14
740988,Cliente_740988,28,CD_11,CD_04
211534,Cliente_211534,4,CD_02,CD_13
160821,Cliente_160821,6,CD_18,CD_04
596908,Cliente_596908,16,CD_10,CD_16
250636,Cliente_250636,8,CD_20,CD_15
150422,Cliente_150422,16,CD_20,CD_15
162015,Cliente_162015,29,CD_03,CD_05
275416,Cliente_275416,10,CD_02,CD_08
989614,Cliente_989614,27,CD_00,CD_20
883263,Cliente_883263,3,CD_18,CD_16
222229,Cliente_222229,23,CD_20,CD_01
695396,Cliente_695396,8,CD_19,CD_11
370678,Cliente_370678,18,CD_13,CD_16
765173,Cliente_765173,22,CD_12,CD_13
452485,Cliente_452485,17,CD_08,CD_12
539534,Cliente_539534,18,CD_11,CD_10
120070,Cliente_120070,21,CD_10,CD_08
442490,Cliente_442490,24,CD_14,CD_08
170986,Cliente_170986,26,CD_10,CD_13
809703,Cliente_809703,6,CD_19,CD_10
496816,Cliente_496816,11,CD_09,CD_04
182414,Cliente_182414,21,CD_02,CD_19
987857,Cliente_987857,9,CD_04,CD_03
564258,Cliente_564258,25,CD_07,CD_10
556997,Cliente_556997,10,CD_03,CD_18
895726,Cliente_895726,20,CD_06,CD_01
16188,Cliente_16188,19,CD_12,CD_02
535190,Cliente_535190,18,CD_03,CD_10
358945,Cliente_358945,23,CD_03,CD_10
82779,Cliente_82779,7,CD_18,CD_04
687639,Cliente_687639,15,CD_03,CD_16
396757,Cliente_396757,7,CD_02,CD_01
361149,Cliente_361149,15,CD_02,CD_20
428856,Cliente_428856,23,CD_16,CD_20
273900,Cliente_273900,8,CD_05,CD_03
910354,Cliente_910354,11,CD_15,CD_00
988277,Cliente_988277,6,CD_16,CD_12
655304,Cliente_655304,18,CD_13,CD_01
448293,Cliente_448293,8,CD_15,CD_16
845657,Cliente_845657,6,CD_02,CD_13
905390,Cliente_905390,18,CD_06,CD_14
77756,Cliente_77756,19,CD_07,CD_00
803777,Cliente_803777,22,CD_15,CD_06
811436,Cliente_811436,10,CD_12,CD_02
83239,Cliente_83239,20,CD_09,CD_13
184218,Cliente_184218,28,CD_13,CD_17
996752,Cliente_996752,4,CD_12,CD_05
812276,Cliente_812276,12,CD_09,CD_17
622552,Cliente_622552,15,CD_13,CD_02
148371,Cliente_148371,11,CD_18,CD_14
216386,Cliente_216386,17,CD_06,CD_09
294446,Cliente_294446,20,CD_14,CD_04
300238,Cliente_300238,13,CD_13,CD_07
725027,Cliente_725027,11,CD_18,CD_16
608641,Cliente_608641,12,CD_18,CD_04
664174,Cliente_664174,9,CD_07,CD_06
101859,Cliente_101859,12,CD_03,CD_08
279983,Cliente_279983,25,CD_02,CD_08
890235,Cliente_890235,10,CD_08,CD_19
253992,Cliente_253992,29,CD_13,CD_11
305877,Cliente_305877,17,CD_10,CD_16
212028,Cliente_212028,6,CD_18,CD_06
263100,Cliente_263100,29,CD_05,CD_07
38385,Cliente_38385,30,CD_14,CD_10
753343,Cliente_753343,4,CD_11,CD_19
180142,Cliente_180142,8,CD_20,CD_04
858031,Cliente_858031,1,CD_07,CD_02
99325,Cliente_99325,29,CD_02,CD_19
242399,Cliente_242399,14,CD_14,CD_10
512202,Cliente_512202,24,CD_01,CD_02
223971,Cliente_223971,1,CD_18,CD_01
759137,Cliente_759137,27,CD_01,CD_09
146577,Cliente_146577,27,CD_06,CD_11
886451,Cliente_886451,30,CD_13,CD_20
633218,Cliente_633218,16,CD_18,CD_10
5521,Cliente_5521,2,CD_17,CD_05
521169,Cliente_521169,18,CD_03,CD_10
156719,Cliente_156719,16,CD_05,CD_14
477146,Cliente_477146,16,CD_17,CD_12
286242,Cliente_286242,13,CD_00,CD_09
61756,Cliente_61756,27,CD_15,CD_09
187170,Cliente_187170,8,CD_15,CD_20
519255,Cliente_519255,3,CD_01,CD_07
497992,Cliente_497992,29,CD_06,CD_16
914062,Cliente_914062,5,CD_00,CD_04
858448,Cliente_858448,8,CD_14,CD_02
479743,Cliente_479743,30,CD_08,CD_17
702913,Cliente_702913,20,CD_17,CD_00
123283,Cliente_123283,13,CD_02,CD_17
233150,Cliente_233150,3,CD_01,CD_13
595713,Cliente_595713,12,CD_17,CD_04
780811,Cliente_780811,12,CD_19,CD_00
285197,Cliente_285197,19,CD_01,CD_00
339914,Cliente_339914,23,CD_20,CD_11
751544,Cliente_751544,22,CD_14,CD_18
57680,Cliente_57680,22,CD_06,CD_11
737778,Cliente_737778,27,CD_12,CD_09
493493,Cliente_493493,14,CD_18,CD_00
940879,Cliente_940879,2,CD_08,CD_06
526430,Cliente_526430,17,CD_02,CD_08
439249,Cliente_439249,6,CD_18,CD_20
666102,Cliente_666102,18,CD_14,CD_06
95584,Cliente_95584,12,CD_11,CD_13
711412,Cliente_711412,19,CD_05,CD_12
605840,Cliente_605840,28,CD_09,CD_19
403545,Cliente_403545,25,CD_08,CD_05
664992,Cliente_664992,16,CD_15,CD_06
330929,Cliente_330929,5,CD_00,CD_11
644279,Cliente_644279,20,CD_20,CD_10
923023,Cliente_923023,6,CD_09,CD_20
920103,Cliente_920103,29,CD_00,CD_06
916691,Cliente_916691,3,CD_03,CD_07
403244,Cliente_403244,13,CD_00,CD_17
467109,Cliente_467109,20,CD_15,CD_00
706220,Cliente_706220,19,CD_18,CD_17
1592,Cliente_1592,12,CD_02,CD_19
730613,Cliente_730613,21,CD_05,CD_17
350986,Cliente_350986,24,CD_05,CD_07
750659,Cliente_750659,25,CD_00,CD_12
305504,Cliente_305504,8,CD_09,CD_18
472761,Cliente_472761,8,CD_10,CD_14
211788,Cliente_211788,16,CD_05,CD_00
257317,Cliente_257317,26,CD_12,CD_00
481320,Cliente_481320,21,CD_18,CD_10
79678,Cliente_79678,17,CD_09,CD_07
519706,Cliente_519706,16,CD_17,CD_08
481959,Cliente_481959,23,CD_12,CD_11
141840,Cliente_141840,30,CD_16,CD_05
268843,Cliente_268843,19,CD_10,CD_03
412227,Cliente_412227,10,CD_17,CD_04
245504,Cliente_245504,27,CD_07,CD_13
209909,Cliente_209909,10,CD_18,CD_16
496838,Cliente_496838,22,CD_10,CD_20
169332,Cliente_169332,10,CD_14,CD_18
500871,Cliente_500871,1,CD_12,CD_09
766807,Cliente_766807,28,CD_19,CD_17
982518,Cliente_982518,8,CD_10,CD_02
452989,Cliente_452989,27,CD_12,CD_10
587058,Cliente_587058,23,CD_12,CD_08
117715,Cliente_117715,26,CD_17,CD_09
445506,Cliente_445506,20,CD_17,CD_05
17740,Cliente_17740,19,CD_14,CD_19
413399,Cliente_413399,28,CD_08,CD_04
89192,Cliente_89192,23,CD_12,CD_09
241871,Cliente_241871,13,CD_09,CD_11
757551,Cliente_757551,22,CD_03,CD_16
432269,Cliente_432269,9,CD_05,CD_16
989753,Cliente_989753,9,CD_19,CD_14
717035,Cliente_717035,11,CD_01,CD_06
522006,Cliente_522006,4,CD_10,CD_20
8407,Cliente_8407,29,CD_13,CD_00
577075,Cliente_577075,23,CD_00,CD_19
751193,Cliente_751193,26,CD_00,CD_05
283073,Cliente_283073,27,CD_07,CD_12
869982,Cliente_869982,29,CD_07,CD_15
776447,Cliente_776447,16,CD_05,CD_17
365191,Cliente_365191,20,CD_00,CD_12
898540,Cliente_898540,9,CD_01,CD_19
885962,Cliente_885962,28,CD_05,CD_09
395815,Cliente_395815,6,CD_14,CD_10
553099,Cliente_553099,9,CD_20,CD_17
571668,Cliente_571668,30,CD_05,CD_15
37783,Cliente_37783,30,CD_02,CD_19
680430,Cliente_680430,21,CD_19,CD_16
624846,Cliente_624846,29,CD_15,CD_00
539401,Cliente_539401,1,CD_01,CD_11
785891,Cliente_785891,5,CD_00,CD_05
54004,Cliente_54004,19,CD_10,CD_06
359135,Cliente_359135,13,CD_15,CD_13
384805,Cliente_384805,24,CD_15,CD_04
683043,Cliente_683043,9,CD_11,CD_04
434930,Cliente_434930,14,CD_00,CD_06
253164,Cliente_253164,8,CD_04,CD_10
354062,Cliente_354062,7,CD_11,CD_03
750265,Cliente_750265,17,CD_07,CD_19
571987,Cliente_571987,12,CD_15,CD_00
979082,Cliente_979082,9,CD_12,CD_04
515257,Cliente_515257,25,CD_19,CD_05
490659,Cliente_490659,17,CD_05,CD_18
351899,Cliente_351899,7,CD_15,CD_12
88582,Cliente_88582,16,CD_06,CD_20
764921,Cliente_764921,16,CD_08,CD_02
342332,Cliente_342332,23,CD_08,CD_13
173609,Cliente_173609,29,CD_00,CD_18
564472,Cliente_564472,11,CD_03,CD_19
43741,Cliente_43741,26,CD_08,CD_09
886012,Cliente_886012,24,CD_07,CD_20
266956,Cliente_266956,3,CD_06,CD_03
187056,Cliente_187056,8,CD_20,CD_01
911475,Cliente_911475,18,CD_07,CD_03
426149,Cliente_426149,8,CD_14,CD_19
623564,Cliente_623564,5,CD_04,CD_10
315794,Cliente_315794,21,CD_15,CD_11
115363,Cliente_115363,5,CD_04,CD_02
425937,Cliente_425937,2,CD_10,CD_17
112587,Cliente_112587,20,CD_08,CD_09
974971,Cliente_974971,22,CD_07,CD_06
129662,Cliente_129662,9,CD_10,CD_20
873200,Cliente_873200,4,CD_09,CD_05
856672,Cliente_856672,14,CD_18,CD_00
714339,Cliente_714339,25,CD_09,CD_07
675332,Cliente_675332,16,CD_14,CD_17
703001,Cliente_703001,10,CD_05,CD_02
244529,Cliente_244529,23,CD_04,CD_05
219817,Cliente_219817,3,CD_15,CD_17
473629,Cliente_473629,14,CD_13,CD_12
53372,Cliente_53372,16,CD_20,CD_17
170229,Cliente_170229,25,CD_14,CD_00
699470,Cliente_699470,16,CD_03,CD_08
888019,Cliente_888019,21,CD_14,CD_11
589547,Cliente_589547,20,CD_19,CD_01
557510,Cliente_557510,14,CD_00,CD_07
797234,Cliente_797234,21,CD_03,CD_07
873677,Cliente_873677,3,CD_18,CD_01
869333,Cliente_869333,21,CD_06,CD_03
81819,Cliente_81819,18,CD_13,CD_19
561302,Cliente_561302,2,CD_03,CD_19
986836,Cliente_986836,17,CD_12,CD_09
81803,Cliente_81803,3,CD_17,CD_16
994190,Cliente_994190,6,CD_06,CD_15
874715,Cliente_874715,9,CD_03,CD_20
850321,Cliente_850321,11,CD_02,CD_14
584063,Cliente_584063,29,CD_12,CD_16
133463,Cliente_133463,11,CD_08,CD_20
750529,Cliente_750529,27,CD_17,CD_02
342540,Cliente_342540,4,CD_04,CD_03
492159,Cliente_492159,7,CD_18,CD_03
705678,Cliente_705678,21,CD_17,CD_03
26472,Cliente_26472,25,CD_19,CD_16
262573,Cliente_262573,1,CD_11,CD_19
460029,Cliente_460029,28,CD_11,CD_20
691692,Cliente_691692,9,CD_05,CD_12
315857,Cliente_315857,20,CD_06,CD_18
382334,Cliente_382334,21,CD_08,CD_11
611657,Cliente_611657,22,CD_03,CD_18
942025,Cliente_942025,16,CD_00,CD_07
262557,Cliente_262557,17,CD_01,CD_04
863910,Cliente_863910,13,CD_19,CD_13
182036,Cliente_182036,14,CD_06,CD_04
790750,Cliente_790750,13,CD_14,CD_06
862155,Cliente_862155,30,CD_14,CD_07
472878,Cliente_472878,8,CD_06,CD_04
828655,Cliente_828655,22,CD_15,CD_08
571011,Cliente_571011,12,CD_03,CD_13
802429,Cliente_802429,27,CD_20,CD_06
45886,Cliente_45886,3,CD_13,CD_00
656200,Cliente_656200,29,CD_06,CD_20
278769,Cliente_278769,29,CD_11,CD_07
836531,Cliente_836531,30,CD_12,CD_00
803360,Cliente_803360,16,CD_04,CD_17
43570,Cliente_43570,4,CD_04,CD_13
836225,Cliente_836225,23,CD_14,CD_17
374413,Cliente_374413,27,CD_13,CD_14
550843,Cliente_550843,17,CD_07,CD_08
992285,Cliente_992285,8,CD_02,CD_08
492394,Cliente_492394,12,CD_14,CD_16
433229,Cliente_433229,24,CD_10,CD_12
519897,Cliente_519897,20,CD_05,CD_17
605209,Cliente_605209,28,CD_03,CD_08
579909,Cliente_579909,5,CD_05,CD_11
194193,Cliente_194193,28,CD_15,CD_02
339552,Cliente_339552,8,CD_01,CD_19
540807,Cliente_540807,11,CD_13,CD_04
729814,Cliente_729814,17,CD_15,CD_10
874705,Cliente_874705,27,CD_14,CD_05
952005,Cliente_952005,28,CD_13,CD_03
786915,Cliente_786915,10,CD_00,CD_03
925643,Cliente_925643,2,CD_12,CD_18
337007,Cliente_337007,4,CD_19,CD_13
336871,Cliente_336871,24,CD_17,CD_05
870034,Cliente_870034,15,CD_09,CD_20
559523,Cliente_559523,9,CD_20,CD_07
776271,Cliente_776271,23,CD_04,CD_15
570833,Cliente_570833,26,CD_20,CD_12
431000,Cliente_431000,2,CD_01,CD_15
891983,Cliente_891983,4,CD_06,CD_00
898566,Cliente_898566,1,CD_06,CD_14
628290,Cliente_628290,23,CD_14,CD_16
188702,Cliente_188702,29,CD_16,CD_15
339611,Cliente_339611,18,CD_00,CD_14
472012,Cliente_472012,1,CD_10,CD_07
473623,Cliente_473623,10,CD_20,CD_07
721512,Cliente_721512,8,CD_06,CD_12
802872,Cliente_802872,13,CD_05,CD_02
343669,Cliente_343669,21,CD_07,CD_03
779343,Cliente_779343,8,CD_10,CD_18
481759,Cliente_481759,16,CD_17,CD_11
716787,Cliente_716787,2,CD_12,CD_20
307066,Cliente_307066,13,CD_17,CD_11
79817,Cliente_79817,1,CD_13,CD_15
112327,Cliente_112327,4,CD_02,CD_00
429756,Cliente_429756,19,CD_14,CD_02
812016,Cliente_812016,29,CD_20,CD_00
561347,Cliente_561347,3,CD_06,CD_13
390985,Cliente_390985,6,CD_03,CD_07
328159,Cliente_328159,26,CD_19,CD_15
757967,Cliente_757967,8,CD_06,CD_20
214363,Cliente_214363,30,CD_13,CD_06
129706,Cliente_129706,16,CD_04,CD_03
315468,Cliente_315468,7,CD_14,CD_10
137068,Cliente_137068,19,CD_08,CD_18
741265,Cliente_741265,11,CD_04,CD_14
30992,Cliente_30992,30,CD_14,CD_12
831122,Cliente_831122,4,CD_02,CD_04
379198,Cliente_379198,14,CD_16,CD_01
654787,Cliente_654787,24,CD_07,CD_13
635715,Cliente_635715,7,CD_02,CD_17
668511,Cliente_668511,20,CD_02,CD_07
619547,Cliente_619547,16,CD_18,CD_19
545646,Cliente_545646,26,CD_17,CD_03
40873,Cliente_40873,16,CD_17,CD_13
290241,Cliente_290241,9,CD_11,CD_12
417403,Cliente_417403,23,CD_01,CD_09
754675,Cliente_754675,18,CD_18,CD_12
747272,Cliente_747272,5,CD_18,CD_15
256295,Cliente_256295,16,CD_19,CD_07
306803,Cliente_306803,14,CD_19,CD_20
947982,Cliente_947982,25,CD_09,CD_15
835335,Cliente_835335,21,CD_03,CD_09
819552,Cliente_819552,16,CD_05,CD_16
63994,Cliente_63994,15,CD_07,CD_18
990431,Cliente_990431,10,CD_01,CD_16
694764,Cliente_694764,11,CD_10,CD_06
653657,Cliente_653657,27,CD_14,CD_06
748775,Cliente_748775,23,CD_01,CD_20
323629,Cliente_323629,3,CD_12,CD_13
87102,Cliente_87102,16,CD_19,CD_09
393044,Cliente_393044,17,CD_14,CD_11
182023,Cliente_182023,20,CD_17,CD_08
545331,Cliente_545331,6,CD_08,CD_10
526186,Cliente_526186,24,CD_11,CD_02
42504,Cliente_42504,11,CD_05,CD_10
537140,Cliente_537140,8,CD_16,CD_11
494645,Cliente_494645,3,CD_01,CD_02
747475,Cliente_747475,7,CD_06,CD_20
295599,Cliente_295599,10,CD_14,CD_13
407000,Cliente_407000,3,CD_15,CD_03
138437,Cliente_138437,14,CD_00,CD_13
309878,Cliente_309878,25,CD_01,CD_08
496330,Cliente_496330,16,CD_07,CD_16
401645,Cliente_401645,22,CD_07,CD_10
180654,Cliente_180654,16,CD_06,CD_05
816494,Cliente_816494,9,CD_14,CD_03
737076,Cliente_737076,26,CD_01,CD_19
636574,Cliente_636574,20,CD_10,CD_05
798130,Cliente_798130,10,CD_02,CD_14
550675,Cliente_550675,16,CD_05,CD_14
884431,Cliente_884431,30,CD_18,CD_06
457877,Cliente_457877,15,CD_20,CD_18
455748,Cliente_455748,21,CD_14,CD_12
771934,Cliente_771934,12,CD_16,CD_05
458523,Cliente_458523,29,CD_00,CD_17
357530,Cliente_357530,7,CD_19,CD_07
876338,Cliente_876338,28,CD_17,CD_11
219111,Cliente_219111,24,CD_17,CD_06
387513,Cliente_387513,10,CD_16,CD_06
965526,Cliente_965526,28,CD_01,CD_17
479237,Cliente_479237,27,CD_06,CD_14
335136,Cliente_335136,23,CD_01,CD_10
177330,Cliente_177330,20,CD_19,CD_14
77288,Cliente_77288,21,CD_08,CD_20
766799,Cliente_766799,23,CD_12,CD_04
252000,Cliente_252000,29,CD_11,CD_01
453100,Cliente_453100,19,CD_05,CD_01
12709,Cliente_12709,24,CD_10,CD_12
823750,Cliente_823750,21,CD_11,CD_19
2016,Cliente_2016,11,CD_15,CD_07
393026,Cliente_393026,30,CD_05,CD_04
456261,Cliente_456261,30,CD_20,CD_07
952433,Cliente_952433,10,CD_04,CD_13
967440,Cliente_967440,6,CD_07,CD_08
287287,Cliente_287287,25,CD_18,CD_14
306113,Cliente_306113,24,CD_09,CD_04
880640,Cliente_880640,30,CD_20,CD_11
903521,Cliente_903521,22,CD_13,CD_05
660482,Cliente_660482,17,CD_13,CD_09
934748,Cliente_934748,20,CD_10,CD_09
14302,Cliente_14302,19,CD_02,CD_04
265892,Cliente_265892,3,CD_06,CD_02
49778,Cliente_49778,18,CD_00,CD_06
991756,Cliente_991756,9,CD_17,CD_11
724532,Cliente_724532,8,CD_07,CD_18
948225,Cliente_948225,2,CD_15,CD_16
485528,Cliente_485528,24,CD_09,CD_17
309322,Cliente_309322,14,CD_09,CD_16
658417,Cliente_658417,1,CD_15,CD_00
161300,Cliente_161300,28,CD_04,CD_07
941147,Cliente_941147,27,CD_17,CD_02
1722,Cliente_1722,16,CD_03,CD_14
108634,Cliente_108634,11,CD_05,CD_16
969125,Cliente_969125,29,CD_07,CD_05
817344,Cliente_817344,7,CD_08,CD_13
877657,Cliente_877657,16,CD_15,CD_02
144086,Cliente_144086,10,CD_08,CD_00
188140,Cliente_188140,19,CD_19,CD_13
120401,Cliente_120401,27,CD_02,CD_13
454729,Cliente_454729,27,CD_10,CD_14
28701,Cliente_28701,30,CD_18,CD_07
654891,Cliente_654891,22,CD_03,CD_20
565398,Cliente_565398,11,CD_14,CD_03
422429,Cliente_422429,5,CD_12,CD_05
974857,Cliente_974857,22,CD_05,CD_15
838848,Cliente_838848,6,CD_12,CD_13
263800,Cliente_263800,28,CD_19,CD_00
365189,Cliente_365189,12,CD_18,CD_02
331474,Cliente_331474,21,CD_10,CD_09
473710,Cliente_473710,27,CD_20,CD_19
976382,Cliente_976382,14,CD_12,CD_00
16791,Cliente_16791,9,CD_16,CD_03
203732,Cliente_203732,23,CD_04,CD_09
268027,Cliente_268027,28,CD_02,CD_16
883787,Cliente_883787,24,CD_10,CD_13
373935,Cliente_373935,12,CD_14,CD_08
227012,Cliente_227012,30,CD_17,CD_14
427721,Cliente_427721,20,CD_12,CD_00
615266,Cliente_615266,11,CD_13,CD_01
875721,Cliente_875721,10,CD_07,CD_12
653329,Cliente_653329,9,CD_14,CD_04
783000,Cliente_783000,17,CD_11,CD_13
159945,Cliente_159945,21,CD_20,CD_10
322827,Cliente_322827,20,CD_01,CD_00
574474,Cliente_574474,8,CD_17,CD_07
682336,Cliente_682336,20,CD_12,CD_19
983967,Cliente_983967,8,CD_10,CD_05
402557,Cliente_402557,10,CD_06,CD_10
463389,Cliente_463389,8,CD_14,CD_09
629046,Cliente_629046,1,CD_12,CD_11
758562,Cliente_758562,25,CD_09,CD_12
477957,Cliente_477957,22,CD_15,CD_05
510104,Cliente_510104,15,CD_13,CD_14
840529,Cliente_840529,24,CD_11,CD_15
344305,Cliente_344305,25,CD_18,CD_19
867754,Cliente_867754,7,CD_06,CD_03
574314,Cliente_574314,11,CD_12,CD_20
292872,Cliente_292872,1,CD_03,CD_08
252746,Cliente_252746,21,CD_14,CD_16
916880,Cliente_916880,24,CD_20,CD_10
139553,Cliente_139553,24,CD_05,CD_02
590161,Cliente_590161,17,CD_20,CD_02
108043,Cliente_108043,25,CD_06,CD_17
177985,Cliente_177985,20,CD_15,CD_20
263213,Cliente_263213,11,CD_14,CD_11
97666,Cliente_97666,3,CD_00,CD_02
705268,Cliente_705268,9,CD_16,CD_04
779018,Cliente_779018,17,CD_06,CD_04
192404,Cliente_192404,8,CD_16,CD_20
575959,Cliente_575959,15,CD_08,CD_14
279157,Cliente_279157,5,CD_03,CD_00
237839,Cliente_237839,19,CD_11,CD_20
778211,Cliente_778211,13,CD_01,CD_07
34561,Cliente_34561,6,CD_12,CD_16
43788,Cliente_43788,16,CD_07,CD_06
788402,Cliente_788402,8,CD_06,CD_08
398853,Cliente_398853,15,CD_08,CD_04
420923,Cliente_420923,13,CD_02,CD_04
770687,Cliente_770687,30,CD_05,CD_12
357681,Cliente_357681,12,CD_04,CD_02
559425,Cliente_559425,12,CD_06,CD_04
379363,Cliente_379363,29,CD_15,CD_14
622191,Cliente_622191,27,CD_08,CD_12
205529,Cliente_205529,18,CD_02,CD_10
315848,Cliente_315848,21,CD_16,CD_08
48340,Cliente_48340,13,CD_10,CD_05
59169,Cliente_59169,15,CD_07,CD_10
828755,Cliente_828755,10,CD_00,CD_08
563757,Cliente_563757,12,CD_14,CD_15
710921,Cliente_710921,17,CD_01,CD_03
220854,Cliente_220854,7,CD_20,CD_12
736041,Cliente_736041,24,CD_14,CD_20
39202,Cliente_39202,19,CD_15,CD_07
330333,Cliente_330333,13,CD_12,CD_02
380720,Cliente_380720,8,CD_08,CD_19
636295,Cliente_636295,15,CD_05,CD_02
828602,Cliente_828602,24,CD_15,CD_14
443784,Cliente_443784,16,CD_03,CD_19
560819,Cliente_560819,4,CD_10,CD_09
989495,Cliente_989495,4,CD_06,CD_07
909288,Cliente_909288,5,CD_11,CD_16
737127,Cliente_737127,1,CD_03,CD_08
846592,Cliente_846592,15,CD_16,CD_13
485284,Cliente_485284,18,CD_04,CD_03
890878,Cliente_890878,10,CD_08,CD_18
624627,Cliente_624627,13,CD_15,CD_06
761064,Cliente_761064,15,CD_11,CD_03
698539,Cliente_698539,12,CD_06,CD_04
410439,Cliente_410439,12,CD_20,CD_06
131179,Cliente_131179,19,CD_17,CD_19
23889,Cliente_23889,13,CD_01,CD_16
576685,Cliente_576685,29,CD_15,CD_03
101183,Cliente_101183,29,CD_10,CD_09
588744,Cliente_588744,19,CD_17,CD_06
281817,Cliente_281817,26,CD_14,CD_18
591046,Cliente_591046,27,CD_10,CD_11
527866,Cliente_527866,25,CD_05,CD_18
754148,Cliente_754148,22,CD_20,CD_16
990287,Cliente_990287,13,CD_11,CD_07
972432,Cliente_972432,29,CD_01,CD_16
891032,Cliente_891032,14,CD_09,CD_14
111657,Cliente_111657,28,CD_02,CD_20
585510,Cliente_585510,18,CD_02,CD_01
884611,Cliente_884611,3,CD_00,CD_20
950619,Cliente_950619,26,CD_00,CD_19
768928,Cliente_768928,16,CD_05,CD_01
253868,Cliente_253868,1,CD_02,CD_12
811703,Cliente_811703,27,CD_01,CD_12
733602,Cliente_733602,22,CD_13,CD_03
864943,Cliente_864943,5,CD_13,CD_06
381076,Cliente_381076,4,CD_15,CD_10
182564,Cliente_182564,18,CD_08,CD_17
216813,Cliente_216813,11,CD_02,CD_13
455713,Cliente_455713,22,CD_04,CD_20
198764,Cliente_198764,13,CD_01,CD_20
255012,Cliente_255012,7,CD_12,CD_11
905375,Cliente_905375,29,CD_20,CD_06
663070,Cliente_663070,9,CD_03,CD_17
500774,Cliente_500774,30,CD_19,CD_13
480687,Cliente_480687,20,CD_02,CD_09
516342,Cliente_516342,30,CD_16,CD_00
805216,Cliente_805216,23,CD_08,CD_02
195678,Cliente_195678,9,CD_11,CD_19
577215,Cliente_577215,10,CD_17,CD_02
2776,Cliente_2776,8,CD_07,CD_01
477725,Cliente_477725,5,CD_07,CD_08
818316,Cliente_818316,4,CD_20,CD_03
145695,Cliente_145695,22,CD_06,CD_14
617174,Cliente_617174,18,CD_00,CD_01
557889,Cliente_557889,2,CD_01,CD_03
27817,Cliente_27817,1,CD_10,CD_15
399071,Cliente_399071,19,CD_03,CD_17
406907,Cliente_406907,20,CD_20,CD_04
893041,Cliente_893041,23,CD_15,CD_10
887265,Cliente_887265,6,CD_11,CD_09
571832,Cliente_571832,17,CD_10,CD_07
857244,Cliente_857244,21,CD_14,CD_15
750253,Cliente_750253,18,CD_04,CD_05
238999,Cliente_238999,2,CD_06,CD_15
31656,Cliente_31656,15,CD_07,CD_20
422383,Cliente_422383,27,CD_06,CD_15
687654,Cliente_687654,15,CD_08,CD_13
579517,Cliente_579517,20,CD_05,CD_02
575039,Cliente_575039,30,CD_19,CD_09
888739,Cliente_888739,15,CD_09,CD_19
625778,Cliente_625778,17,CD_19,CD_15
423823,Cliente_423823,5,CD_00,CD_03
120616,Cliente_120616,16,CD_08,CD_10
470968,Cliente_470968,27,CD_11,CD_09
527478,Cliente_527478,25,CD_09,CD_06
883293,Cliente_883293,22,CD_12,CD_19
956697,Cliente_956697,21,CD_15,CD_06
100235,Cliente_100235,13,CD_10,CD_07
281401,Cliente_281401,10,CD_13,CD_12
83029,Cliente_83029,10,CD_07,CD_17
644520,Cliente_644520,5,CD_15,CD_13
945499,Cliente_945499,2,CD_08,CD_12
227682,Cliente_227682,18,CD_12,CD_07
487814,Cliente_487814,25,CD_19,CD_08
373453,Cliente_373453,20,CD_09,CD_18
381767,Cliente_381767,28,CD_09,CD_11
31608,Cliente_31608,11,CD_08,CD_18
767261,Cliente_767261,12,CD_00,CD_05
266269,Cliente_266269,23,CD_02,CD_14
31245,Cliente_31245,2,CD_01,CD_07
812576,Cliente_812576,9,CD_06,CD_20
127274,Cliente_127274,27,CD_14,CD_08
784527,Cliente_784527,8,CD_07,CD_03
145292,Cliente_145292,11,CD_16,CD_11
790241,Cliente_790241,27,CD_20,CD_16
43546,Cliente_43546,2,CD_06,CD_17
640505,Cliente_640505,30,CD_03,CD_12
596802,Cliente_596802,6,CD_02,CD_05
515235,Cliente_515235,10,CD_04,CD_10
582397,Cliente_582397,3,CD_17,CD_10
427667,Cliente_427667,29,CD_01,CD_07
445094,Cliente_445094,27,CD_20,CD_05
740319,Cliente_740319,29,CD_13,CD_10
15658,Cliente_15658,26,CD_11,CD_18
435775,Cliente_435775,1,CD_10,CD_14
23529,Cliente_23529,3,CD_06,CD_19
702697,Cliente_702697,3,CD_07,CD_16
183227,Cliente_183227,16,CD_01,CD_13
389232,Cliente_389232,4,CD_11,CD_10
532090,Cliente_532090,1,CD_18,CD_12
324294,Cliente_324294,10,CD_10,CD_16
615236,Cliente_615236,19,CD_06,CD_10
566914,Cliente_566914,25,CD_20,CD_07
324726,Cliente_324726,1,CD_14,CD_11
557163,Cliente_557163,11,CD_19,CD_12
709440,Cliente_709440,19,CD_00,CD_18
552827,Cliente_552827,22,CD_14,CD_12
802345,Cliente_802345,13,CD_16,CD_10
545372,Cliente_545372,7,CD_07,CD_02
359752,Cliente_359752,23,CD_09,CD_14
342969,Cliente_342969,16,CD_08,CD_00
660562,Cliente_660562,16,CD_04,CD_02
610590,Cliente_610590,18,CD_13,CD_19
863157,Cliente_863157,16,CD_05,CD_18
562055,Cliente_562055,13,CD_15,CD_12
977288,Cliente_977288,16,CD_15,CD_06
110264,Cliente_110264,1,CD_17,CD_12
239885,Cliente_239885,2,CD_16,CD_11
476544,Cliente_476544,12,CD_01,CD_00
272817,Cliente_272817,13,CD_11,CD_01
580984,Cliente_580984,13,CD_17,CD_05
27017,Cliente_27017,25,CD_02,CD_07
505219,Cliente_505219,6,CD_03,CD_10
147093,Cliente_147093,30,CD_16,CD_20
139213,Cliente_139213,30,CD_09,CD_10
402751,Cliente_402751,2,CD_15,CD_17
976846,Cliente_976846,14,CD_19,CD_13
293530,Cliente_293530,22,CD_19,CD_03
956166,Cliente_956166,27,CD_12,CD_03
30756,Cliente_30756,15,CD_20,CD_07
676096,Cliente_676096,18,CD_18,CD_20
267334,Cliente_267334,23,CD_02,CD_10
206801,Cliente_206801,27,CD_11,CD_14
743056,Cliente_743056,23,CD_00,CD_08
460951,Cliente_460951,19,CD_00,CD_16
330432,Cliente_330432,5,CD_06,CD_00
5243,Cliente_5243,7,CD_14,CD_04
953273,Cliente_953273,10,CD_03,CD_19
255665,Cliente_255665,23,CD_12,CD_07
671054,Cliente_671054,1,CD_20,CD_05
95413,Cliente_95413,27,CD_02,CD_09
399478,Cliente_399478,1,CD_15,CD_03
914382,Cliente_914382,6,CD_15,CD_12
94615,Cliente_94615,28,CD_06,CD_18
452877,Cliente_452877,8,CD_18,CD_03
817597,Cliente_817597,5,CD_19,CD_03
706956,Cliente_706956,12,CD_11,CD_00
94945,Cliente_94945,20,CD_06,CD_05
184624,Cliente_184624,2,CD_07,CD_20
402788,Cliente_402788,19,CD_14,CD_19
925544,Cliente_925544,10,CD_06,CD_17
889619,Cliente_889619,25,CD_02,CD_05
650414,Cliente_650414,21,CD_16,CD_10
16034,Cliente_16034,12,CD_19,CD_07
588995,Cliente_588995,7,CD_15,CD_19
874035,Cliente_874035,26,CD_08,CD_09
712180,Cliente_712180,21,CD_19,CD_15
88014,Cliente_88014,23,CD_13,CD_09
838233,Cliente_838233,12,CD_09,CD_14
303464,Cliente_303464,6,CD_07,CD_18
907794,Cliente_907794,24,CD_12,CD_13
984734,Cliente_984734,6,CD_09,CD_11
839626,Cliente_839626,15,CD_14,CD_12
144824,Cliente_144824,15,CD_18,CD_16
903158,Cliente_903158,15,CD_05,CD_20
868383,Cliente_868383,20,CD_19,CD_16
912854,Cliente_912854,27,CD_12,CD_09
934186,Cliente_934186,25,CD_17,CD_05
572390,Cliente_572390,22,CD_20,CD_01
687183,Cliente_687183,18,CD_20,CD_08
682026,Cliente_682026,27,CD_14,CD_05
769058,Cliente_769058,11,CD_03,CD_12
801010,Cliente_801010,3,CD_15,CD_07
722477,Cliente_722477,22,CD_04,CD_01
463254,Cliente_463254,11,CD_03,CD_09
483870,Cliente_483870,11,CD_14,CD_15
243963,Cliente_243963,25,CD_11,CD_05
548705,Cliente_548705,21,CD_01,CD_08
330911,Cliente_330911,10,CD_20,CD_07
953787,Cliente_953787,9,CD_03,CD_10
323612,Cliente_323612,24,CD_13,CD_05
953274,Cliente_953274,28,CD_13,CD_04
742492,Cliente_742492,27,CD_17,CD_03
443371,Cliente_443371,6,CD_11,CD_13
665416,Cliente_665416,27,CD_02,CD_04
443257,Cliente_443257,16,CD_13,CD_06
584062,Cliente_584062,14,CD_17,CD_00
54594,Cliente_54594,6,CD_18,CD_05
253165,Cliente_253165,23,CD_09,CD_14
175958,Cliente_175958,3,CD_08,CD_14
976662,Cliente_976662,1,CD_04,CD_13
734904,Cliente_734904,10,CD_13,CD_08
638348,Cliente_638348,17,CD_12,CD_18
665307,Cliente_665307,10,CD_10,CD_07
275764,Cliente_275764,20,CD_08,CD_12
162533,Cliente_162533,1,CD_13,CD_08
29189,Cliente_29189,26,CD_17,CD_02
348590,Cliente_348590,7,CD_20,CD_16
14473,Cliente_14473,2,CD_16,CD_10
420290,Cliente_420290,10,CD_18,CD_08
828122,Cliente_828122,3,CD_13,CD_15
360090,Cliente_360090,23,CD_12,CD_20
33317,Cliente_33317,21,CD_10,CD_11
578727,Cliente_578727,23,CD_06,CD_02
967402,Cliente_967402,24,CD_02,CD_18
540935,Cliente_540935,30,CD_00,CD_14
520313,Cliente_520313,28,CD_15,CD_00
631501,Cliente_631501,17,CD_08,CD_05
710325,Cliente_710325,24,CD_11,CD_07
138301,Cliente_138301,20,CD_00,CD_03
220821,Cliente_220821,3,CD_18,CD_08
776524,Cliente_776524,27,CD_00,CD_16
318686,Cliente_318686,22,CD_10,CD_18
917348,Cliente_917348,19,CD_05,CD_19
431273,Cliente_431273,23,CD_13,CD_12
38237,Cliente_38237,29,CD_02,CD_16
864931,Cliente_864931,2,CD_20,CD_19
953157,Cliente_953157,18,CD_18,CD_02
327175,Cliente_327175,18,CD_04,CD_00
384665,Cliente_384665,30,CD_06,CD_19
527717,Cliente_527717,7,CD_11,CD_17
142729,Cliente_142729,13,CD_18,CD_13
981279,Cliente_981279,26,CD_08,CD_02
331127,Cliente_331127,3,CD_01,CD_20
809382,Cliente_809382,25,CD_09,CD_05
199998,Cliente_199998,29,CD_16,CD_00
964788,Cliente_964788,25,CD_11,CD_03
534928,Cliente_534928,11,CD_17,CD_12
931487,Cliente_931487,5,CD_14,CD_09
607311,Cliente_607311,16,CD_16,CD_17
344023,Cliente_344023,29,CD_12,CD_05
885827,Cliente_885827,19,CD_13,CD_01
875679,Cliente_875679,6,CD_04,CD_19
864383,Cliente_864383,13,CD_08,CD_02
597930,Cliente_597930,23,CD_12,CD_03
930529,Cliente_930529,25,CD_06,CD_00
889231,Cliente_889231,5,CD_16,CD_07
637134,Cliente_637134,23,CD_12,CD_17
685715,Cliente_685715,1,CD_03,CD_01
143608,Cliente_143608,16,CD_20,CD_17
512933,Cliente_512933,27,CD_07,CD_12
144089,Cliente_144089,11,CD_00,CD_06
517274,Cliente_517274,21,CD_09,CD_00
170087,Cliente_170087,9,CD_07,CD_10
502440,Cliente_502440,3,CD_02,CD_19
895232,Cliente_895232,25,CD_10,CD_11
754541,Cliente_754541,26,CD_04,CD_17
486739,Cliente_486739,23,CD_08,CD_05
81249,Cliente_81249,21,CD_11,CD_16
483795,Cliente_483795,21,CD_13,CD_10
362384,Cliente_362384,22,CD_02,CD_03
361907,Cliente_361907,19,CD_00,CD_10
457639,Cliente_457639,28,CD_06,CD_13
472619,Cliente_472619,16,CD_00,CD_11
897461,Cliente_897461,8,CD_05,CD_11
739443,Cliente_739443,14,CD_00,CD_02
823788,Cliente_823788,1,CD_08,CD_17
921413,Cliente_921413,29,CD_16,CD_00
756960,Cliente_756960,21,CD_09,CD_19
629023,Cliente_629023,22,CD_07,CD_05
25158,Cliente_25158,22,CD_18,CD_09
601214,Cliente_601214,28,CD_14,CD_02
285366,Cliente_285366,4,CD_15,CD_12
229668,Cliente_229668,29,CD_03,CD_20
803306,Cliente_803306,17,CD_04,CD_14
76819,Cliente_76819,22,CD_03,CD_11
827978,Cliente_827978,30,CD_11,CD_00
641809,Cliente_641809,12,CD_09,CD_04
353462,Cliente_353462,6,CD_05,CD_15
461050,Cliente_461050,12,CD_04,CD_18
67592,Cliente_67592,17,CD_05,CD_17
565139,Cliente_565139,13,CD_08,CD_20
306123,Cliente_306123,4,CD_15,CD_18
341499,Cliente_341499,3,CD_07,CD_14
271810,Cliente_271810,16,CD_04,CD_16
588011,Cliente_588011,13,CD_01,CD_05
983748,Cliente_983748,27,CD_12,CD_06
520042,Cliente_520042,11,CD_15,CD_03
801023,Cliente_801023,1,CD_16,CD_14
972142,Cliente_972142,22,CD_10,CD_19
465034,Cliente_465034,15,CD_08,CD_09
865375,Cliente_865375,13,CD_14,CD_20
925475,Cliente_925475,27,CD_02,CD_20
108452,Cliente_108452,10,CD_16,CD_08
287917,Cliente_287917,2,CD_02,CD_05
270808,Cliente_270808,18,CD_09,CD_16
432203,Cliente_432203,2,CD_08,CD_05
935837,Cliente_935837,8,CD_07,CD_11
340124,Cliente_340124,7,CD_07,CD_05
115200,Cliente_115200,22,CD_01,CD_04
65444,Cliente_65444,5,CD_17,CD_00
861727,Cliente_861727,23,CD_04,CD_07
831101,Cliente_831101,19,CD_04,CD_06
779792,Cliente_779792,11,CD_04,CD_19
27061,Cliente_27061,28,CD_07,CD_18
26734,Cliente_26734,20,CD_02,CD_08
561391,Cliente_561391,23,CD_18,CD_20
932468,Cliente_932468,9,CD_02,CD_20
385615,Cliente_385615,19,CD_11,CD_07
859968,Cliente_859968,25,CD_20,CD_19
90172,Cliente_90172,30,CD_08,CD_15
155600,Cliente_155600,16,CD_20,CD_12
258975,Cliente_258975,26,CD_13,CD_10
724103,Cliente_724103,7,CD_03,CD_05
736418,Cliente_736418,10,CD_19,CD_15
172328,Cliente_172328,6,CD_09,CD_13
273330,Cliente_273330,8,CD_03,CD_12
77017,Cliente_77017,22,CD_14,CD_01
27325,Cliente_27325,9,CD_01,CD_07
228450,Cliente_228450,12,CD_10,CD_01
83956,Cliente_83956,14,CD_19,CD_16
246699,Cliente_246699,27,CD_12,CD_18
839241,Cliente_839241,29,CD_02,CD_11
157953,Cliente_157953,1,CD_00,CD_17
996274,Cliente_996274,28,CD_17,CD_19
826576,Cliente_826576,4,CD_09,CD_03
980580,Cliente_980580,6,CD_07,CD_11
485098,Cliente_485098,4,CD_14,CD_12
130456,Cliente_130456,23,CD_10,CD_06
741246,Cliente_741246,20,CD_14,CD_01
121224,Cliente_121224,26,CD_01,CD_09
139681,Cliente_139681,25,CD_01,CD_12
149426,Cliente_149426,24,CD_14,CD_07
765768,Cliente_765768,24,CD_06,CD_18
654548,Cliente_654548,29,CD_05,CD_00
560075,Cliente_560075,17,CD_09,CD_16
153582,Cliente_153582,17,CD_11,CD_06
192228,Cliente_192228,24,CD_12,CD_07
210691,Cliente_210691,25,CD_18,CD_20
306285,Cliente_306285,12,CD_01,CD_16
85655,Cliente_85655,6,CD_06,CD_11
44645,Cliente_44645,26,CD_13,CD_16
920113,Cliente_920113,3,CD_18,CD_15
764843,Cliente_764843,16,CD_03,CD_07
121690,Cliente_121690,23,CD_17,CD_08
467073,Cliente_467073,8,CD_07,CD_00
208028,Cliente_208028,12,CD_19,CD_02
554889,Cliente_554889,21,CD_10,CD_09
773636,Cliente_773636,25,CD_08,CD_15
395083,Cliente_395083,3,CD_07,CD_00
803936,Cliente_803936,28,CD_06,CD_04
82989,Cliente_82989,2,CD_17,CD_13
826928,Cliente_826928,30,CD_04,CD_00
518579,Cliente_518579,30,CD_10,CD_06
344187,Cliente_344187,28,CD_17,CD_08
535058,Cliente_535058,9,CD_16,CD_17
386306,Cliente_386306,11,CD_18,CD_00
210891,Cliente_210891,24,CD_11,CD_19
698815,Cliente_698815,9,CD_13,CD_15
548478,Cliente_548478,8,CD_00,CD_13
963978,Cliente_963978,20,CD_14,CD_20
585862,Cliente_585862,19,CD_10,CD_19
24976,Cliente_24976,9,CD_08,CD_04
743095,Cliente_743095,24,CD_05,CD_06
385691,Cliente_385691,1,CD_12,CD_08
554144,Cliente_554144,20,CD_18,CD_03
245774,Cliente_245774,14,CD_14,CD_04
547273,Cliente_547273,27,CD_03,CD_04
764100,Cliente_764100,4,CD_10,CD_17
413822,Cliente_413822,23,CD_09,CD_07
308799,Cliente_308799,11,CD_15,CD_06
310984,Cliente_310984,21,CD_12,CD_20
126968,Cliente_126968,27,CD_17,CD_19
351035,Cliente_351035,7,CD_15,CD_18
289440,Cliente_289440,30,CD_12,CD_17
5641,Cliente_5641,9,CD_03,CD_10
855867,Cliente_855867,26,CD_10,CD_20
93462,Cliente_93462,9,CD_07,CD_16
13982,Cliente_13982,22,CD_15,CD_16
231607,Cliente_231607,14,CD_12,CD_00
475696,Cliente_475696,21,CD_12,CD_18
410294,Cliente_410294,25,CD_02,CD_00
547433,Cliente_547433,20,CD_19,CD_20
95371,Cliente_95371,2,CD_06,CD_16
632468,Cliente_632468,3,CD_12,CD_05
562660,Cliente_562660,23,CD_06,CD_18
484176,Cliente_484176,20,CD_18,CD_20
357597,Cliente_357597,18,CD_16,CD_05
825547,Cliente_825547,11,CD_03,CD_14
937864,Cliente_937864,8,CD_11,CD_15
885830,Cliente_885830,10,CD_07,CD_09
480294,Cliente_480294,13,CD_07,CD_20
187859,Cliente_187859,25,CD_17,CD_00
731628,Cliente_731628,24,CD_15,CD_16
33241,Cliente_33241,24,CD_14,CD_20
891327,Cliente_891327,16,CD_10,CD_05
100302,Cliente_100302,30,CD_01,CD_13
369015,Cliente_369015,26,CD_18,CD_00
613627,Cliente_613627,16,CD_19,CD_05
723231,Cliente_723231,12,CD_03,CD_00
794876,Cliente_794876,25,CD_13,CD_04
636978,Cliente_636978,9,CD_06,CD_08
369981,Cliente_369981,29,CD_02,CD_11
820256,Cliente_820256,10,CD_19,CD_18
827389,Cliente_827389,1,CD_00,CD_06
411974,Cliente_411974,18,CD_20,CD_01
313934,Cliente_313934,20,CD_12,CD_10
881593,Cliente_881593,10,CD_01,CD_17
87186,Cliente_87186,18,CD_09,CD_00
508091,Cliente_508091,14,CD_12,CD_18
892415,Cliente_892415,19,CD_05,CD_13
636292,Cliente_636292,4,CD_10,CD_12
587932,Cliente_587932,27,CD_15,CD_16
943930,Cliente_943930,17,CD_07,CD_19
42305,Cliente_42305,19,CD_06,CD_07
496120,Cliente_496120,24,CD_06,CD_14
245594,Cliente_245594,20,CD_17,CD_02
509962,Cliente_509962,28,CD_03,CD_01
69028,Cliente_69028,18,CD_20,CD_11
774639,Cliente_774639,3,CD_16,CD_05
538286,Cliente_538286,16,CD_16,CD_19
905366,Cliente_905366,1,CD_03,CD_06
679193,Cliente_679193,5,CD_09,CD_02
176929,Cliente_176929,9,CD_09,CD_03
94040,Cliente_94040,3,CD_15,CD_00
675428,Cliente_675428,1,CD_17,CD_15
354480,Cliente_354480,8,CD_04,CD_19
520870,Cliente_520870,18,CD_10,CD_13
483257,Cliente_483257,10,CD_13,CD_02
803742,Cliente_803742,9,CD_14,CD_03
204122,Cliente_204122,11,CD_11,CD_15
619894,Cliente_619894,21,CD_05,CD_13
330768,Cliente_330768,14,CD_03,CD_01
866700,Cliente_866700,6,CD_02,CD_13
904871,Cliente_904871,22,CD_16,CD_09
487555,Cliente_487555,21,CD_05,CD_10
999300,Cliente_999300,5,CD_06,CD_00
298505,Cliente_298505,22,CD_13,CD_19
920512,Cliente_920512,24,CD_00,CD_18
583418,Cliente_583418,11,CD_00,CD_04
841239,Cliente_841239,9,CD_00,CD_02
920017,Cliente_920017,11,CD_08,CD_00
207777,Cliente_207777,14,CD_20,CD_08
368593,Cliente_368593,18,CD_13,CD_04
135200,Cliente_135200,23,CD_16,CD_09
749643,Cliente_749643,20,CD_07,CD_08
738366,Cliente_738366,24,CD_10,CD_20
851927,Cliente_851927,7,CD_09,CD_18
531475,Cliente_531475,3,CD_19,CD_10
613271,Cliente_613271,28,CD_03,CD_02
284573,Cliente_284573,21,CD_10,CD_00
496249,Cliente_496249,13,CD_15,CD_19
384839,Cliente_384839,17,CD_16,CD_05
454259,Cliente_454259,23,CD_06,CD_03
72869,Cliente_72869,26,CD_20,CD_00
978119,Cliente_978119,13,CD_04,CD_09
166260,Cliente_166260,27,CD_19,CD_01
305790,Cliente_305790,10,CD_19,CD_04
774044,Cliente_774044,2,CD_02,CD_15
286575,Cliente_286575,3,CD_14,CD_19
250991,Cliente_250991,7,CD_02,CD_13
253796,Cliente_253796,11,CD_10,CD_13
902075,Cliente_902075,22,CD_18,CD_05
140774,Cliente_140774,7,CD_18,CD_12
840798,Cliente_840798,20,CD_19,CD_17
222727,Cliente_222727,14,CD_06,CD_03
417813,Cliente_417813,14,CD_14,CD_18
511756,Cliente_511756,23,CD_07,CD_08
473824,Cliente_473824,23,CD_13,CD_00
465530,Cliente_465530,12,CD_04,CD_05
123740,Cliente_123740,13,CD_00,CD_06
576859,Cliente_576859,11,CD_06,CD_16
538635,Cliente_538635,25,CD_07,CD_16
890042,Cliente_890042,26,CD_19,CD_20
350930,Cliente_350930,17,CD_00,CD_09
266146,Cliente_266146,15,CD_03,CD_04
752054,Cliente_752054,5,CD_01,CD_20
577698,Cliente_577698,2,CD_13,CD_06
455646,Cliente_455646,13,CD_05,CD_00
256715,Cliente_256715,30,CD_09,CD_03
502420,Cliente_502420,22,CD_14,CD_12
323439,Cliente_323439,16,CD_02,CD_16
451683,Cliente_451683,1,CD_16,CD_06
126300,Cliente_126300,14,CD_16,CD_08
154611,Cliente_154611,1,CD_13,CD_06
339723,Cliente_339723,27,CD_15,CD_02
538770,Cliente_538770,11,CD_02,CD_13
916571,Cliente_916571,23,CD_01,CD_20
135322,Cliente_135322,28,CD_16,CD_15
686651,Cliente_686651,7,CD_00,CD_05
187359,Cliente_187359,12,CD_06,CD_11
570228,Cliente_570228,8,CD_14,CD_17
829743,Cliente_829743,9,CD_13,CD_08
6441,Cliente_6441,6,CD_19,CD_12
259411,Cliente_259411,27,CD_05,CD_01
940888,Cliente_940888,23,CD_03,CD_08
520782,Cliente_520782,24,CD_19,CD_03
638679,Cliente_638679,26,CD_10,CD_09
724378,Cliente_724378,20,CD_03,CD_06
245081,Cliente_245081,10,CD_04,CD_19
36016,Cliente_36016,12,CD_01,CD_04
968169,Cliente_968169,10,CD_20,CD_11
474238,Cliente_474238,7,CD_09,CD_10
345772,Cliente_345772,22,CD_05,CD_13
30768,Cliente_30768,4,CD_16,CD_20
871009,Cliente_871009,22,CD_10,CD_18
228393,Cliente_228393,19,CD_20,CD_10
607073,Cliente_607073,27,CD_20,CD_13
502088,Cliente_502088,17,CD_12,CD_14
126368,Cliente_126368,17,CD_19,CD_07
608294,Cliente_608294,29,CD_10,CD_08
168556,Cliente_168556,2,CD_00,CD_09
241748,Cliente_241748,1,CD_04,CD_01
335979,Cliente_335979,29,CD_00,CD_12
267167,Cliente_267167,10,CD_09,CD_18
31391,Cliente_31391,10,CD_02,CD_17
3470,Cliente_3470,12,CD_19,CD_04
535331,Cliente_535331,28,CD_18,CD_14
641823,Cliente_641823,27,CD_14,CD_20
95596,Cliente_95596,1,CD_07,CD_03
736207,Cliente_736207,20,CD_10,CD_06
649610,Cliente_649610,30,CD_05,CD_11
822929,Cliente_822929,2,CD_19,CD_02
315174,Cliente_315174,18,CD_07,CD_04
47699,Cliente_47699,7,CD_17,CD_08
785604,Cliente_785604,23,CD_17,CD_18
238078,Cliente_238078,22,CD_07,CD_12
205056,Cliente_205056,24,CD_19,CD_02
959220,Cliente_959220,11,CD_19,CD_03
770770,Cliente_770770,30,CD_15,CD_05
229266,Cliente_229266,29,CD_04,CD_18
353739,Cliente_353739,12,CD_02,CD_11
145005,Cliente_145005,27,CD_16,CD_10
672536,Cliente_672536,14,CD_01,CD_16
568470,Cliente_568470,17,CD_19,CD_16
237500,Cliente_237500,5,CD_05,CD_20
466008,Cliente_466008,6,CD_19,CD_14
418135,Cliente_418135,15,CD_00,CD_10
859075,Cliente_859075,5,CD_12,CD_08
626922,Cliente_626922,25,CD_14,CD_17
519544,Cliente_519544,17,CD_20,CD_12
614752,Cliente_614752,15,CD_03,CD_16
22905,Cliente_22905,21,CD_05,CD_16
689231,Cliente_689231,13,CD_11,CD_14
536275,Cliente_536275,7,CD_09,CD_12
662642,Cliente_662642,9,CD_01,CD_07
143426,Cliente_143426,9,CD_19,CD_16
845575,Cliente_845575,17,CD_15,CD_13
828687,Cliente_828687,7,CD_06,CD_12
861986,Cliente_861986,28,CD_11,CD_05
390453,Cliente_390453,12,CD_00,CD_03
205396,Cliente_205396,20,CD_00,CD_10
338919,Cliente_338919,16,CD_05,CD_11
999380,Cliente_999380,30,CD_20,CD_16
267585,Cliente_267585,14,CD_18,CD_01
385143,Cliente_385143,27,CD_09,CD_14
716962,Cliente_716962,4,CD_16,CD_05
885429,Cliente_885429,1,CD_00,CD_05
733610,Cliente_733610,29,CD_16,CD_11
688295,Cliente_688295,9,CD_03,CD_00
917052,Cliente_917052,4,CD_05,CD_07
659401,Cliente_659401,21,CD_08,CD_14
351741,Cliente_351741,13,CD_10,CD_00
474937,Cliente_474937,12,CD_14,CD_17
453266,Cliente_453266,4,CD_19,CD_02
259253,Cliente_259253,5,CD_17,CD_04
268197,Cliente_268197,27,CD_06,CD_14
410017,Cliente_410017,12,CD_04,CD_02
757857,Cliente_757857,29,CD_04,CD_06
23166,Cliente_23166,15,CD_12,CD_19
484337,Cliente_484337,16,CD_03,CD_06
97715,Cliente_97715,20,CD_03,CD_17
413444,Cliente_413444,20,CD_17,CD_07
781896,Cliente_781896,14,CD_18,CD_10
436427,Cliente_436427,26,CD_12,CD_10
34981,Cliente_34981,20,CD_13,CD_12
566393,Cliente_566393,14,CD_02,CD_05
54743,Cliente_54743,21,CD_02,CD_11
383106,Cliente_383106,23,CD_04,CD_19
154507,Cliente_154507,9,CD_00,CD_06
515356,Cliente_515356,19,CD_01,CD_14
218385,Cliente_218385,18,CD_13,CD_00
305408,Cliente_305408,26,CD_03,CD_06
810905,Cliente_810905,18,CD_05,CD_00
909673,Cliente_909673,20,CD_11,CD_16
578041,Cliente_578041,14,CD_11,CD_08
790163,Cliente_790163,11,CD_17,CD_02
640420,Cliente_640420,24,CD_19,CD_06
234941,Cliente_234941,12,CD_14,CD_05
377816,Cliente_377816,3,CD_03,CD_07
391180,Cliente_391180,15,CD_07,CD_04
496822,Cliente_496822,6,CD_13,CD_17
586547,Cliente_586547,3,CD_09,CD_10
626597,Cliente_626597,17,CD_12,CD_00
969803,Cliente_969803,3,CD_11,CD_13
46908,Cliente_46908,19,CD_11,CD_07
828928,Cliente_828928,10,CD_09,CD_01
323723,Cliente_323723,2,CD_09,CD_00
593367,Cliente_593367,20,CD_13,CD_07
36380,Cliente_36380,15,CD_00,CD_18
202415,Cliente_202415,3,CD_13,CD_01
653301,Cliente_653301,18,CD_19,CD_04
993986,Cliente_993986,29,CD_00,CD_03
597586,Cliente_597586,15,CD_06,CD_03
266210,Cliente_266210,20,CD_01,CD_15
170220,Cliente_170220,4,CD_13,CD_09
302078,Cliente_302078,23,CD_06,CD_17
485942,Cliente_485942,21,CD_17,CD_04
361860,Cliente_361860,26,CD_05,CD_08
606247,Cliente_606247,12,CD_20,CD_06
61945,Cliente_61945,28,CD_03,CD_13
219333,Cliente_219333,15,CD_05,CD_12
36054,Cliente_36054,17,CD_20,CD_19
632556,Cliente_632556,24,CD_01,CD_18
391692,Cliente_391692,8,CD_02,CD_17
460775,Cliente_460775,4,CD_18,CD_09
39021,Cliente_39021,11,CD_18,CD_09
81823,Cliente_81823,4,CD_07,CD_19
547644,Cliente_547644,3,CD_13,CD_05
195296,Cliente_195296,21,CD_09,CD_04
94195,Cliente_94195,6,CD_05,CD_02
740850,Cliente_740850,27,CD_04,CD_16
815960,Cliente_815960,7,CD_09,CD_04
96744,Cliente_96744,10,CD_14,CD_08
778458,Cliente_778458,24,CD_13,CD_15
835104,Cliente_835104,18,CD_00,CD_19
857683,Cliente_857683,17,CD_19,CD_15
915711,Cliente_915711,10,CD_06,CD_20
434503,Cliente_434503,7,CD_03,CD_18
186999,Cliente_186999,19,CD_19,CD_01
31460,Cliente_31460,23,CD_05,CD_08
359362,Cliente_359362,28,CD_17,CD_04
598530,Cliente_598530,4,CD_01,CD_09
898981,Cliente_898981,27,CD_10,CD_04
309474,Cliente_309474,30,CD_08,CD_20
875120,Cliente_875120,28,CD_03,CD_20
987505,Cliente_987505,12,CD_15,CD_02
122491,Cliente_122491,21,CD_17,CD_08
287993,Cliente_287993,16,CD_08,CD_11
845210,Cliente_845210,2,CD_14,CD_19
925266,Cliente_925266,9,CD_04,CD_12
622619,Cliente_622619,29,CD_00,CD_08
259128,Cliente_259128,18,CD_06,CD_02
231376,Cliente_231376,30,CD_13,CD_04
504502,Cliente_504502,11,CD_03,CD_08
61273,Cliente_61273,5,CD_05,CD_04
770858,Cliente_770858,22,CD_00,CD_04
949617,Cliente_949617,13,CD_19,CD_01
529203,Cliente_529203,17,CD_07,CD_02
270400,Cliente_270400,8,CD_19,CD_20
707561,Cliente_707561,28,CD_06,CD_03
66512,Cliente_66512,22,CD_10,CD_00
478488,Cliente_478488,23,CD_14,CD_16
790266,Cliente_790266,24,CD_12,CD_16
205689,Cliente_205689,26,CD_19,CD_10
609070,Cliente_609070,15,CD_09,CD_16
809853,Cliente_809853,8,CD_19,CD_14
706152,Cliente_706152,28,CD_08,CD_10
350338,Cliente_350338,9,CD_11,CD_01
734907,Cliente_734907,15,CD_11,CD_10
716378,Cliente_716378,10,CD_03,CD_13
526410,Cliente_526410,28,CD_14,CD_16
999371,Cliente_999371,28,CD_17,CD_06
657481,Cliente_657481,20,CD_07,CD_02
508746,Cliente_508746,1,CD_04,CD_19
736640,Cliente_736640,14,CD_05,CD_13
871358,Cliente_871358,1,CD_05,CD_15
383240,Cliente_383240,3,CD_11,CD_17
557315,Cliente_557315,27,CD_06,CD_08
211979,Cliente_211979,5,CD_00,CD_13
190435,Cliente_190435,11,CD_20,CD_04
725383,Cliente_725383,16,CD_17,CD_12
958750,Cliente_958750,29,CD_03,CD_04
447563,Cliente_447563,8,CD_19,CD_00
320611,Cliente_320611,26,CD_08,CD_00
760825,Cliente_760825,6,CD_08,CD_03
89492,Cliente_89492,2,CD_04,CD_10
555138,Cliente_555138,1,CD_16,CD_08
136966,Cliente_136966,16,CD_08,CD_06
113772,Cliente_113772,13,CD_01,CD_15
32766,Cliente_32766,23,CD_14,CD_02
753487,Cliente_753487,28,CD_19,CD_06
791732,Cliente_791732,22,CD_02,CD_04
392594,Cliente_392594,1,CD_12,CD_03
685139,Cliente_685139,6,CD_12,CD_19
729267,Cliente_729267,7,CD_17,CD_13
11702,Cliente_11702,16,CD_08,CD_09
879420,Cliente_879420,28,CD_10,CD_04
369260,Cliente_369260,6,CD_11,CD_01
428942,Cliente_428942,16,CD_10,CD_16
228661,Cliente_228661,12,CD_07,CD_08
181209,Cliente_181209,12,CD_08,CD_11
918851,Cliente_918851,8,CD_09,CD_04
334817,Cliente_334817,8,CD_00,CD_17
2873,Cliente_2873,5,CD_00,CD_13
167227,Cliente_167227,14,CD_02,CD_14
418863,Cliente_418863,11,CD_02,CD_19
920141,Cliente_920141,25,CD_11,CD_15
135979,Cliente_135979,4,CD_12,CD_08
905105,Cliente_905105,21,CD_10,CD_07
145192,Cliente_145192,25,CD_16,CD_10
222440,Cliente_222440,12,CD_03,CD_18
990530,Cliente_990530,8,CD_00,CD_02
932631,Cliente_932631,12,CD_14,CD_17
379997,Cliente_379997,15,CD_13,CD_15
655,Cliente_655,22,CD_05,CD_01
958201,Cliente_958201,9,CD_02,CD_20
462114,Cliente_462114,29,CD_14,CD_20
216405,Cliente_216405,1,CD_11,CD_05
563918,Cliente_563918,20,CD_11,CD_12
405630,Cliente_405630,20,CD_19,CD_09
406011,Cliente_406011,27,CD_14,CD_00
586247,Cliente_586247,16,CD_14,CD_07
749243,Cliente_749243,5,CD_04,CD_19
152785,Cliente_152785,12,CD_08,CD_12
784587,Cliente_784587,5,CD_12,CD_14
884162,Cliente_884162,17,CD_12,CD_03
143630,Cliente_143630,19,CD_08,CD_07
638799,Cliente_638799,2,CD_18,CD_00
858582,Cliente_858582,23,CD_00,CD_11
420724,Cliente_420724,7,CD_20,CD_06
183260,Cliente_183260,27,CD_03,CD_14
122359,Cliente_122359,29,CD_09,CD_10
302533,Cliente_302533,4,CD_16,CD_17
908842,Cliente_908842,25,CD_07,CD_02
624733,Cliente_624733,12,CD_01,CD_00
240104,Cliente_240104,11,CD_08,CD_05
716252,Cliente_716252,27,CD_11,CD_05
846165,Cliente_846165,13,CD_01,CD_16
187238,Cliente_187238,3,CD_03,CD_13
643616,Cliente_643616,26,CD_15,CD_12
90948,Cliente_90948,23,CD_20,CD_17
345411,Cliente_345411,29,CD_11,CD_09
152493,Cliente_152493,5,CD_02,CD_14
404606,Cliente_404606,28,CD_18,CD_06
495298,Cliente_495298,11,CD_11,CD_01
592737,Cliente_592737,3,CD_07,CD_14
110347,Cliente_110347,17,CD_04,CD_17
617984,Cliente_617984,24,CD_03,CD_07
529084,Cliente_529084,2,CD_16,CD_03
293310,Cliente_293310,4,CD_03,CD_11
993140,Cliente_993140,10,CD_12,CD_01
314117,Cliente_314117,26,CD_11,CD_04
871674,Cliente_871674,21,CD_16,CD_17
575050,Cliente_575050,17,CD_06,CD_10
681408,Cliente_681408,7,CD_04,CD_16
139211,Cliente_139211,12,CD_15,CD_01
254370,Cliente_254370,12,CD_03,CD_15
869778,Cliente_869778,22,CD_12,CD_00
614885,Cliente_614885,17,CD_08,CD_07
689649,Cliente_689649,30,CD_10,CD_20
951546,Cliente_951546,19,CD_11,CD_12
115397,Cliente_115397,21,CD_07,CD_10
465914,Cliente_465914,19,CD_11,CD_00
511732,Cliente_511732,3,CD_19,CD_12
541289,Cliente_541289,9,CD_16,CD_06
827569,Cliente_827569,22,CD_15,CD_03
567412,Cliente_567412,6,CD_04,CD_03
518389,Cliente_518389,14,CD_10,CD_19
452149,Cliente_452149,16,CD_13,CD_07
67845,Cliente_67845,16,CD_09,CD_17
345260,Cliente_345260,11,CD_05,CD_06
157872,Cliente_157872,10,CD_14,CD_12
977861,Cliente_977861,13,CD_01,CD_00
526223,Cliente_526223,11,CD_20,CD_06
803542,Cliente_803542,3,CD_06,CD_08
573125,Cliente_573125,21,CD_02,CD_05
214687,Cliente_214687,4,CD_15,CD_14
428415,Cliente_428415,3,CD_17,CD_07
890826,Cliente_890826,25,CD_15,CD_06
697843,Cliente_697843,6,CD_14,CD_04
828714,Cliente_828714,12,CD_08,CD_19
162210,Cliente_162210,28,CD_05,CD_18
799357,Cliente_799357,2,CD_13,CD_14
622551,Cliente_622551,11,CD_05,CD_19
947692,Cliente_947692,8,CD_02,CD_08
329767,Cliente_329767,5,CD_01,CD_06
923784,Cliente_923784,3,CD_15,CD_08
598448,Cliente_598448,14,CD_06,CD_19
262487,Cliente_262487,29,CD_15,CD_06
590156,Cliente_590156,15,CD_09,CD_12
910037,Cliente_910037,10,CD_20,CD_07
508209,Cliente_508209,11,CD_17,CD_13
2551,Cliente_2551,11,CD_05,CD_02
952618,Cliente_952618,17,CD_03,CD_13
368875,Cliente_368875,15,CD_11,CD_06
808190,Cliente_808190,22,CD_12,CD_11
756599,Cliente_756599,27,CD_09,CD_04
90130,Cliente_90130,30,CD_05,CD_10
275871,Cliente_275871,11,CD_13,CD_16
218304,Cliente_218304,12,CD_17,CD_13
969231,Cliente_969231,11,CD_12,CD_20
441332,Cliente_441332,17,CD_02,CD_00
628522,Cliente_628522,10,CD_19,CD_08
566232,Cliente_566232,19,CD_14,CD_06
141015,Cliente_141015,19,CD_19,CD_14
271521,Cliente_271521,14,CD_12,CD_16
535447,Cliente_535447,2,CD_10,CD_01
743278,Cliente_743278,28,CD_01,CD_00
91192,Cliente_91192,21,CD_07,CD_01
245643,Cliente_245643,16,CD_16,CD_14
379299,Cliente_379299,11,CD_02,CD_00
807013,Cliente_807013,18,CD_18,CD_02
864121,Cliente_864121,19,CD_04,CD_06
524,Cliente_524,27,CD_18,CD_20
743838,Cliente_743838,5,CD_14,CD_07
372840,Cliente_372840,9,CD_06,CD_12
377480,Cliente_377480,7,CD_20,CD_12
836028,Cliente_836028,22,CD_03,CD_00
381922,Cliente_381922,10,CD_01,CD_03
151349,Cliente_151349,2,CD_19,CD_02
156966,Cliente_156966,9,CD_02,CD_04
611990,Cliente_611990,27,CD_01,CD_07
194734,Cliente_194734,17,CD_00,CD_17
363420,Cliente_363420,6,CD_00,CD_09
651242,Cliente_651242,26,CD_06,CD_04
87100,Cliente_87100,20,CD_07,CD_12
133606,Cliente_133606,19,CD_04,CD_12
654248,Cliente_654248,13,CD_01,CD_17
113927,Cliente_113927,4,CD_17,CD_07
798409,Cliente_798409,14,CD_08,CD_06
480396,Cliente_480396,30,CD_09,CD_03
670403,Cliente_670403,5,CD_18,CD_06
837774,Cliente_837774,10,CD_10,CD_07
450165,Cliente_450165,18,CD_13,CD_07
644930,Cliente_644930,5,CD_10,CD_01
911032,Cliente_911032,10,CD_02,CD_07
147251,Cliente_147251,15,CD_12,CD_15
995805,Cliente_995805,26,CD_20,CD_03
913354,Cliente_913354,26,CD_00,CD_15
986161,Cliente_986161,23,CD_10,CD_06
456840,Cliente_456840,29,CD_11,CD_16
40891,Cliente_40891,2,CD_12,CD_15
364104,Cliente_364104,1,CD_10,CD_20
879583,Cliente_879583,11,CD_08,CD_15
762810,Cliente_762810,16,CD_02,CD_18
973173,Cliente_973173,21,CD_16,CD_13
562608,Cliente_562608,12,CD_16,CD_07
182727,Cliente_182727,29,CD_12,CD_17
117987,Cliente_117987,15,CD_12,CD_10
804908,Cliente_804908,1,CD_02,CD_13
980828,Cliente_980828,28,CD_19,CD_00
285423,Cliente_285423,25,CD_09,CD_17
521782,Cliente_521782,5,CD_01,CD_03
313227,Cliente_313227,24,CD_05,CD_18
186975,Cliente_186975,9,CD_04,CD_01
183343,Cliente_183343,9,CD_09,CD_14
408278,Cliente_408278,20,CD_03,CD_04
408187,Cliente_408187,8,CD_01,CD_09
104938,Cliente_104938,5,CD_06,CD_14
377665,Cliente_377665,14,CD_17,CD_01
393793,Cliente_393793,8,CD_09,CD_02
382724,Cliente_382724,20,CD_12,CD_11
992781,Cliente_992781,26,CD_12,CD_11
714875,Cliente_714875,14,CD_08,CD_09
307224,Cliente_307224,16,CD_18,CD_19
90126,Cliente_90126,26,CD_00,CD_10
273529,Cliente_273529,3,CD_00,CD_13
195928,Cliente_195928,14,CD_15,CD_18
264350,Cliente_264350,24,CD_12,CD_20
107034,Cliente_107034,2,CD_06,CD_13
632421,Cliente_632421,14,CD_06,CD_08
696505,Cliente_696505,29,CD_19,CD_10
520469,Cliente_520469,27,CD_13,CD_20
408329,Cliente_408329,18,CD_15,CD_10
552929,Cliente_552929,20,CD_17,CD_10
654059,Cliente_654059,27,CD_08,CD_10
641191,Cliente_641191,23,CD_04,CD_01
625931,Cliente_625931,9,CD_02,CD_01
754864,Cliente_754864,8,CD_19,CD_02
884060,Cliente_884060,27,CD_12,CD_04
582445,Cliente_582445,3,CD_12,CD_19
170654,Cliente_170654,10,CD_17,CD_15
486137,Cliente_486137,22,CD_01,CD_17
124697,Cliente_124697,5,CD_13,CD_15
335579,Cliente_335579,13,CD_17,CD_05
369633,Cliente_369633,17,CD_14,CD_07
825666,Cliente_825666,3,CD_12,CD_13
846673,Cliente_846673,10,CD_08,CD_17
345097,Cliente_345097,10,CD_14,CD_12
561938,Cliente_561938,26,CD_09,CD_11
887986,Cliente_887986,10,CD_17,CD_08
800275,Cliente_800275,13,CD_09,CD_05
87148,Cliente_87148,4,CD_13,CD_01
853839,Cliente_853839,27,CD_03,CD_17
900047,Cliente_900047,13,CD_08,CD_03
603468,Cliente_603468,13,CD_15,CD_14
633501,Cliente_633501,4,CD_03,CD_00
901464,Cliente_901464,21,CD_09,CD_02
727041,Cliente_727041,12,CD_20,CD_02
236172,Cliente_236172,23,CD_04,CD_15
92816,Cliente_92816,3,CD_09,CD_06
697867,Cliente_697867,23,CD_17,CD_14
489489,Cliente_489489,15,CD_11,CD_06
571554,Cliente_571554,22,CD_19,CD_00
365154,Cliente_365154,6,CD_08,CD_07
226911,Cliente_226911,23,CD_15,CD_01
809247,Cliente_809247,23,CD_00,CD_07
343583,Cliente_343583,5,CD_04,CD_03
442681,Cliente_442681,19,CD_00,CD_08
274655,Cliente_274655,2,CD_12,CD_19
973571,Cliente_973571,28,CD_03,CD_17
363609,Cliente_363609,21,CD_16,CD_09
633844,Cliente_633844,29,CD_05,CD_06
686285,Cliente_686285,12,CD_19,CD_11
938979,Cliente_938979,7,CD_07,CD_03
559612,Cliente_559612,27,CD_13,CD_04
344585,Cliente_344585,26,CD_15,CD_16
343037,Cliente_343037,27,CD_20,CD_03
17802,Cliente_17802,7,CD_05,CD_04
69679,Cliente_69679,22,CD_00,CD_10
837580,Cliente_837580,2,CD_20,CD_17
135280,Cliente_135280,10,CD_14,CD_06
266520,Cliente_266520,15,CD_14,CD_04
224773,Cliente_224773,8,CD_03,CD_01
506811,Cliente_506811,7,CD_03,CD_07
465203,Cliente_465203,19,CD_00,CD_20
917040,Cliente_917040,21,CD_09,CD_13
270596,Cliente_270596,14,CD_07,CD_02
621730,Cliente_621730,10,CD_17,CD_03
684910,Cliente_684910,13,CD_09,CD_04
529389,Cliente_529389,29,CD_01,CD_07
145372,Cliente_145372,8,CD_01,CD_20
952028,Cliente_952028,1,CD_19,CD_17
726373,Cliente_726373,18,CD_10,CD_04
985636,Cliente_985636,11,CD_08,CD_11
313512,Cliente_313512,26,CD_07,CD_08
940972,Cliente_940972,4,CD_19,CD_16
620403,Cliente_620403,11,CD_06,CD_12
101096,Cliente_101096,10,CD_16,CD_03
671699,Cliente_671699,13,CD_14,CD_17
389198,Cliente_389198,12,CD_17,CD_20
255853,Cliente_255853,17,CD_11,CD_09
589128,Cliente_589128,4,CD_04,CD_20
611799,Cliente_611799,28,CD_13,CD_07
239029,Cliente_239029,3,CD_19,CD_17
21383,Cliente_21383,7,CD_14,CD_08
488438,Cliente_488438,29,CD_15,CD_17
943128,Cliente_943128,14,CD_02,CD_10
129580,Cliente_129580,1,CD_14,CD_04
968388,Cliente_968388,13,CD_06,CD_10
837821,Cliente_837821,9,CD_16,CD_13
449002,Cliente_449002,29,CD_07,CD_20
427535,Cliente_427535,4,CD_06,CD_07
128009,Cliente_128009,2,CD_06,CD_20
2763,Cliente_2763,24,CD_15,CD_05
847811,Cliente_847811,24,CD_18,CD_20
532059,Cliente_532059,17,CD_01,CD_00
81115,Cliente_81115,4,CD_00,CD_19
213355,Cliente_213355,27,CD_17,CD_06
503414,Cliente_503414,16,CD_03,CD_12
480363,Cliente_480363,18,CD_04,CD_05
554397,Cliente_554397,3,CD_17,CD_14
454602,Cliente_454602,15,CD_19,CD_09
146617,Cliente_146617,12,CD_08,CD_06
386748,Cliente_386748,12,CD_20,CD_15
295637,Cliente_295637,5,CD_08,CD_02
248757,Cliente_248757,19,CD_01,CD_07
106912,Cliente_106912,24,CD_13,CD_18
49964,Cliente_49964,15,CD_13,CD_09
195495,Cliente_195495,11,CD_10,CD_12
158488,Cliente_158488,14,CD_00,CD_19
130270,Cliente_130270,1,CD_14,CD_08
335183,Cliente_335183,29,CD_07,CD_00
487081,Cliente_487081,22,CD_16,CD_20
182763,Cliente_182763,17,CD_05,CD_08
306934,Cliente_306934,24,CD_02,CD_18
238798,Cliente_238798,13,CD_10,CD_17
425681,Cliente_425681,8,CD_15,CD_05
535638,Cliente_535638,21,CD_19,CD_06
138782,Cliente_138782,18,CD_03,CD_00
675920,Cliente_675920,15,CD_16,CD_04
788054,Cliente_788054,8,CD_15,CD_09
539523,Cliente_539523,7,CD_02,CD_06
894161,Cliente_894161,23,CD_11,CD_18
111641,Cliente_111641,2,CD_04,CD_15
322761,Cliente_322761,16,CD_02,CD_14
704820,Cliente_704820,18,CD_19,CD_18
226308,Cliente_226308,25,CD_01,CD_02
490122,Cliente_490122,19,CD_12,CD_11
422710,Cliente_422710,3,CD_03,CD_15
867234,Cliente_867234,17,CD_20,CD_08
773125,Cliente_773125,21,CD_10,CD_05
653968,Cliente_653968,5,CD_17,CD_02
495440,Cliente_495440,1,CD_02,CD_09
740214,Cliente_740214,14,CD_19,CD_12
700893,Cliente_700893,20,CD_11,CD_02
464176,Cliente_464176,21,CD_02,CD_01
859513,Cliente_859513,9,CD_09,CD_04
777734,Cliente_777734,30,CD_00,CD_15
389498,Cliente_389498,20,CD_13,CD_19
238637,Cliente_238637,2,CD_01,CD_04
477505,Cliente_477505,29,CD_05,CD_15
741506,Cliente_741506,25,CD_15,CD_12
67257,Cliente_67257,29,CD_20,CD_03
630990,Cliente_630990,14,CD_20,CD_16
188759,Cliente_188759,5,CD_02,CD_09
16833,Cliente_16833,21,CD_09,CD_11
147609,Cliente_147609,15,CD_04,CD_06
143992,Cliente_143992,6,CD_01,CD_15
918281,Cliente_918281,27,CD_06,CD_04
7544,Cliente_7544,22,CD_10,CD_18
47801,Cliente_47801,22,CD_07,CD_17
259058,Cliente_259058,13,CD_04,CD_18
605958,Cliente_605958,27,CD_00,CD_13
526975,Cliente_526975,20,CD_11,CD_16
896727,Cliente_896727,17,CD_15,CD_01
509987,Cliente_509987,22,CD_20,CD_06
261725,Cliente_261725,25,CD_06,CD_11
265356,Cliente_265356,29,CD_20,CD_01
628754,Cliente_628754,4,CD_19,CD_02
914929,Cliente_914929,28,CD_18,CD_17
328940,Cliente_328940,15,CD_10,CD_05
876926,Cliente_876926,19,CD_02,CD_20
707998,Cliente_707998,19,CD_03,CD_14
248936,Cliente_248936,8,CD_02,CD_03
154721,Cliente_154721,19,CD_10,CD_04
249817,Cliente_249817,2,CD_20,CD_02
653673,Cliente_653673,4,CD_02,CD_08
631836,Cliente_631836,28,CD_00,CD_03
573226,Cliente_573226,14,CD_17,CD_18
907679,Cliente_907679,7,CD_17,CD_12
800330,Cliente_800330,13,CD_17,CD_15
156584,Cliente_156584,24,CD_08,CD_06
410474,Cliente_410474,28,CD_01,CD_17
363478,Cliente_363478,7,CD_15,CD_00
386862,Cliente_386862,10,CD_13,CD_10
407654,Cliente_407654,12,CD_08,CD_09
23105,Cliente_23105,18,CD_06,CD_07
682119,Cliente_682119,30,CD_06,CD_02
11237,Cliente_11237,27,CD_15,CD_01
590881,Cliente_590881,19,CD_17,CD_02
119032,Cliente_119032,15,CD_06,CD_13
366485,Cliente_366485,8,CD_04,CD_03
958768,Cliente_958768,24,CD_00,CD_16
677698,Cliente_677698,7,CD_07,CD_03
827488,Cliente_827488,22,CD_05,CD_04
756411,Cliente_756411,20,CD_04,CD_15
853939,Cliente_853939,4,CD_10,CD_12
425107,Cliente_425107,24,CD_14,CD_19
801965,Cliente_801965,20,CD_15,CD_08
323795,Cliente_323795,14,CD_01,CD_08
466671,Cliente_466671,9,CD_08,CD_07
983808,Cliente_983808,2,CD_16,CD_14
109170,Cliente_109170,19,CD_07,CD_10
598296,Cliente_598296,9,CD_13,CD_04
155976,Cliente_155976,30,CD_20,CD_14
514707,Cliente_514707,27,CD_17,CD_09
405471,Cliente_405471,29,CD_07,CD_19
805283,Cliente_805283,5,CD_12,CD_04
721919,Cliente_721919,3,CD_02,CD_09
143222,Cliente_143222,15,CD_14,CD_00
178633,Cliente_178633,24,CD_17,CD_05
435313,Cliente_435313,18,CD_10,CD_11
686392,Cliente_686392,17,CD_06,CD_12
532477,Cliente_532477,21,CD_05,CD_12
347228,Cliente_347228,12,CD_15,CD_09
284020,Cliente_284020,10,CD_17,CD_02
895042,Cliente_895042,16,CD_08,CD_15
127742,Cliente_127742,22,CD_17,CD_10
639404,Cliente_639404,1,CD_19,CD_11
413009,Cliente_413009,21,CD_17,CD_06
645827,Cliente_645827,17,CD_15,CD_06
657050,Cliente_657050,5,CD_02,CD_18
562179,Cliente_562179,9,CD_02,CD_07
920242,Cliente_920242,23,CD_04,CD_20
981367,Cliente_981367,8,CD_05,CD_14
927210,Cliente_927210,15,CD_16,CD_10
117121,Cliente_117121,5,CD_08,CD_18
887353,Cliente_887353,5,CD_06,CD_11
624843,Cliente_624843,13,CD_14,CD_04
527506,Cliente_527506,29,CD_20,CD_18
521972,Cliente_521972,9,CD_08,CD_04
812222,Cliente_812222,3,CD_15,CD_19
281098,Cliente_281098,19,CD_20,CD_15
280719,Cliente_280719,27,CD_18,CD_00
191943,Cliente_191943,2,CD_13,CD_08
743794,Cliente_743794,19,CD_13,CD_01
752052,Cliente_752052,4,CD_07,CD_06
81370,Cliente_81370,14,CD_05,CD_17
477562,Cliente_477562,15,CD_06,CD_18
710392,Cliente_710392,6,CD_03,CD_02
709349,Cliente_709349,26,CD_09,CD_16
184193,Cliente_184193,16,CD_15,CD_05
991073,Cliente_991073,11,CD_04,CD_17
452588,Cliente_452588,5,CD_14,CD_11
443775,Cliente_443775,7,CD_11,CD_08
994353,Cliente_994353,7,CD_00,CD_20
495472,Cliente_495472,13,CD_00,CD_13
136458,Cliente_136458,19,CD_19,CD_01
415176,Cliente_415176,17,CD_12,CD_00
745269,Cliente_745269,24,CD_19,CD_15
575868,Cliente_575868,2,CD_09,CD_12
504495,Cliente_504495,5,CD_12,CD_16
486884,Cliente_486884,7,CD_17,CD_01
759674,Cliente_759674,27,CD_00,CD_15
114791,Cliente_114791,3,CD_11,CD_12
150817,Cliente_150817,29,CD_17,CD_03
205348,Cliente_205348,3,CD_05,CD_13
522864,Cliente_522864,16,CD_20,CD_00
144474,Cliente_144474,1,CD_10,CD_20
108971,Cliente_108971,5,CD_11,CD_15
498968,Cliente_498968,7,CD_09,CD_17
608217,Cliente_608217,5,CD_04,CD_19
569640,Cliente_569640,17,CD_07,CD_20
488215,Cliente_488215,6,CD_13,CD_18
411022,Cliente_411022,8,CD_10,CD_05
570656,Cliente_570656,21,CD_19,CD_02
558730,Cliente_558730,2,CD_19,CD_18
788487,Cliente_788487,29,CD_00,CD_13
512531,Cliente_512531,17,CD_04,CD_18
324922,Cliente_324922,8,CD_19,CD_07
106139,Cliente_106139,3,CD_04,CD_09
559230,Cliente_559230,24,CD_15,CD_04
14159,Cliente_14159,2,CD_16,CD_12
3383,Cliente_3383,28,CD_01,CD_05
269142,Cliente_269142,18,CD_09,CD_13
135262,Cliente_135262,22,CD_17,CD_03
191459,Cliente_191459,15,CD_10,CD_19
700336,Cliente_700336,28,CD_15,CD_13
350470,Cliente_350470,30,CD_08,CD_06
825834,Cliente_825834,18,CD_20,CD_04
627869,Cliente_627869,24,CD_03,CD_09
361021,Cliente_361021,23,CD_15,CD_03
111146,Cliente_111146,17,CD_09,CD_16
576395,Cliente_576395,6,CD_18,CD_12
561959,Cliente_561959,30,CD_17,CD_19
321451,Cliente_321451,16,CD_12,CD_13
682736,Cliente_682736,14,CD_02,CD_16
333149,Cliente_333149,1,CD_09,CD_03
403177,Cliente_403177,12,CD_06,CD_00
866622,Cliente_866622,6,CD_09,CD_08
42233,Cliente_42233,2,CD_09,CD_20
965518,Cliente_965518,7,CD_04,CD_17
738505,Cliente_738505,25,CD_15,CD_05
389423,Cliente_389423,27,CD_14,CD_02
286595,Cliente_286595,2,CD_02,CD_14
955748,Cliente_955748,8,CD_02,CD_04
133779,Cliente_133779,19,CD_15,CD_08
397395,Cliente_397395,11,CD_12,CD_14
5993,Cliente_5993,6,CD_06,CD_16
839747,Cliente_839747,5,CD_17,CD_16
231861,Cliente_231861,4,CD_20,CD_15
552350,Cliente_552350,4,CD_11,CD_06
369961,Cliente_369961,13,CD_13,CD_01
487407,Cliente_487407,21,CD_06,CD_01
572346,Cliente_572346,3,CD_08,CD_18
890213,Cliente_890213,1,CD_03,CD_07
861656,Cliente_861656,5,CD_08,CD_13
755614,Cliente_755614,28,CD_15,CD_06
72765,Cliente_72765,29,CD_04,CD_18
672012,Cliente_672012,26,CD_04,CD_11
104539,Cliente_104539,8,CD_17,CD_18
255984,Cliente_255984,6,CD_19,CD_03
434588,Cliente_434588,17,CD_17,CD_01
812408,Cliente_812408,15,CD_00,CD_15
165569,Cliente_165569,27,CD_20,CD_00
746573,Cliente_746573,18,CD_03,CD_10
79850,Cliente_79850,25,CD_16,CD_17
494290,Cliente_494290,14,CD_01,CD_17
474991,Cliente_474991,28,CD_12,CD_07
342477,Cliente_342477,7,CD_17,CD_01
891996,Cliente_891996,23,CD_13,CD_16
854699,Cliente_854699,2,CD_01,CD_00
896081,Cliente_896081,27,CD_11,CD_05
966030,Cliente_966030,26,CD_13,CD_08
816557,Cliente_816557,30,CD_17,CD_16
738386,Cliente_738386,13,CD_05,CD_20
326566,Cliente_326566,21,CD_15,CD_18
14491,Cliente_14491,7,CD_06,CD_08
760350,Cliente_760350,18,CD_16,CD_13
810201,Cliente_810201,12,CD_06,CD_19
542956,Cliente_542956,21,CD_18,CD_20
202958,Cliente_202958,5,CD_18,CD_15
574957,Cliente_574957,8,CD_11,CD_07
430328,Cliente_430328,16,CD_20,CD_16
322396,Cliente_322396,16,CD_06,CD_20
855974,Cliente_855974,21,CD_04,CD_14
537181,Cliente_537181,26,CD_18,CD_20
7959,Cliente_7959,18,CD_05,CD_07
474523,Cliente_474523,28,CD_09,CD_06
796661,Cliente_796661,7,CD_07,CD_15
914473,Cliente_914473,17,CD_14,CD_09
823236,Cliente_823236,14,CD_00,CD_03
920846,Cliente_920846,2,CD_01,CD_17
371419,Cliente_371419,15,CD_02,CD_07
924928,Cliente_924928,22,CD_02,CD_10
66275,Cliente_66275,26,CD_20,CD_06
890028,Cliente_890028,29,CD_01,CD_09
725912,Cliente_725912,17,CD_01,CD_11
617388,Cliente_617388,2,CD_17,CD_07
758697,Cliente_758697,13,CD_14,CD_18
23163,Cliente_23163,27,CD_11,CD_03
894003,Cliente_894003,30,CD_08,CD_07
26997,Cliente_26997,20,CD_03,CD_17
481790,Cliente_481790,22,CD_09,CD_20
846113,Cliente_846113,11,CD_02,CD_17
34796,Cliente_34796,18,CD_07,CD_02
286697,Cliente_286697,13,CD_16,CD_11
576576,Cliente_576576,7,CD_14,CD_11
303802,Cliente_303802,16,CD_02,CD_16
250848,Cliente_250848,6,CD_07,CD_19
50434,Cliente_50434,19,CD_00,CD_06
141843,Cliente_141843,6,CD_14,CD_16
397298,Cliente_397298,9,CD_19,CD_14
932164,Cliente_932164,30,CD_09,CD_19
477180,Cliente_477180,15,CD_13,CD_11
222268,Cliente_222268,19,CD_12,CD_02
79829,Cliente_79829,2,CD_16,CD_01
382315,Cliente_382315,5,CD_16,CD_07
938676,Cliente_938676,25,CD_12,CD_05
251679,Cliente_251679,19,CD_15,CD_16
946321,Cliente_946321,27,CD_02,CD_17
589386,Cliente_589386,1,CD_17,CD_14
190630,Cliente_190630,18,CD_12,CD_14
99200,Cliente_99200,3,CD_07,CD_00
50865,Cliente_50865,23,CD_06,CD_00
694902,Cliente_694902,17,CD_14,CD_07
753647,Cliente_753647,17,CD_13,CD_20
93508,Cliente_93508,4,CD_16,CD_12
102626,Cliente_102626,3,CD_01,CD_03
690915,Cliente_690915,8,CD_16,CD_10
797388,Cliente_797388,2,CD_00,CD_11
95856,Cliente_95856,21,CD_01,CD_00
23857,Cliente_23857,28,CD_08,CD_02
484710,Cliente_484710,15,CD_01,CD_13
535768,Cliente_535768,7,CD_08,CD_04
541295,Cliente_541295,12,CD_04,CD_20
896989,Cliente_896989,9,CD_12,CD_07
700702,Cliente_700702,13,CD_08,CD_11
453660,Cliente_453660,4,CD_18,CD_17
185348,Cliente_185348,20,CD_10,CD_09
409486,Cliente_409486,16,CD_07,CD_17
950037,Cliente_950037,12,CD_07,CD_16
915003,Cliente_915003,28,CD_15,CD_18
411901,Cliente_411901,10,CD_18,CD_00
992031,Cliente_992031,4,CD_14,CD_10
663964,Cliente_663964,11,CD_01,CD_02
343870,Cliente_343870,10,CD_06,CD_15
162416,Cliente_162416,10,CD_05,CD_20
243490,Cliente_243490,15,CD_11,CD_10
385875,Cliente_385875,22,CD_17,CD_20
243774,Cliente_243774,11,CD_13,CD_12
855459,Cliente_855459,11,CD_15,CD_01
55024,Cliente_55024,27,CD_04,CD_12
625228,Cliente_625228,24,CD_18,CD_04
834113,Cliente_834113,28,CD_10,CD_00
947395,Cliente_947395,28,CD_02,CD_05
183585,Cliente_183585,9,CD_07,CD_01
776391,Cliente_776391,20,CD_12,CD_00
949613,Cliente_949613,8,CD_13,CD_20
763744,Cliente_763744,17,CD_20,CD_10
251243,Cliente_251243,26,CD_07,CD_01
96674,Cliente_96674,5,CD_13,CD_04
161098,Cliente_161098,28,CD_05,CD_02
475560,Cliente_475560,15,CD_16,CD_05
239269,Cliente_239269,3,CD_14,CD_12
220379,Cliente_220379,3,CD_17,CD_19
260414,Cliente_260414,14,CD_02,CD_14
687145,Cliente_687145,7,CD_19,CD_15
674820,Cliente_674820,7,CD_17,CD_09
929744,Cliente_929744,23,CD_02,CD_19
789647,Cliente_789647,28,CD_12,CD_13
400403,Cliente_400403,28,CD_08,CD_17
367649,Cliente_367649,29,CD_18,CD_02
419712,Cliente_419712,10,CD_07,CD_16
329188,Cliente_329188,1,CD_07,CD_09
293298,Cliente_293298,30,CD_16,CD_08
39600,Cliente_39600,6,CD_14,CD_10
295179,Cliente_295179,28,CD_20,CD_12
482947,Cliente_482947,28,CD_20,CD_08
623351,Cliente_623351,27,CD_10,CD_17
93320,Cliente_93320,13,CD_06,CD_15
148653,Cliente_148653,28,CD_07,CD_12
369939,Cliente_369939,2,CD_13,CD_19
656756,Cliente_656756,6,CD_06,CD_18
275130,Cliente_275130,1,CD_00,CD_09
576743,Cliente_576743,27,CD_07,CD_00
862367,Cliente_862367,30,CD_16,CD_10
303774,Cliente_303774,29,CD_19,CD_03
6033,Cliente_6033,4,CD_18,CD_17
374278,Cliente_374278,2,CD_00,CD_18
120482,Cliente_120482,14,CD_07,CD_03
772612,Cliente_772612,10,CD_20,CD_01
177142,Cliente_177142,13,CD_15,CD_10
738191,Cliente_738191,3,CD_20,CD_04
134825,Cliente_134825,8,CD_20,CD_17
494907,Cliente_494907,27,CD_14,CD_07
779986,Cliente_779986,17,CD_15,CD_09
353649,Cliente_353649,12,CD_07,CD_09
439233,Cliente_439233,25,CD_13,CD_10
90742,Cliente_90742,4,CD_12,CD_10
377409,Cliente_377409,5,CD_01,CD_20
813995,Cliente_813995,15,CD_06,CD_12
764373,Cliente_764373,22,CD_19,CD_09
939465,Cliente_939465,3,CD_15,CD_07
760892,Cliente_760892,10,CD_15,CD_04
165922,Cliente_165922,18,CD_19,CD_09
533742,Cliente_533742,6,CD_06,CD_15
415781,Cliente_415781,6,CD_00,CD_10
413214,Cliente_413214,12,CD_08,CD_12
449304,Cliente_449304,15,CD_17,CD_06
81592,Cliente_81592,8,CD_01,CD_18
578397,Cliente_578397,13,CD_18,CD_10
969762,Cliente_969762,3,CD_03,CD_09
151215,Cliente_151215,2,CD_19,CD_01
391804,Cliente_391804,28,CD_07,CD_08
515876,Cliente_515876,19,CD_01,CD_02
840993,Cliente_840993,3,CD_18,CD_14
694442,Cliente_694442,15,CD_13,CD_12
305062,Cliente_305062,27,CD_12,CD_06
451083,Cliente_451083,15,CD_19,CD_03
898648,Cliente_898648,15,CD_01,CD_13
921867,Cliente_921867,27,CD_20,CD_09
491014,Cliente_491014,6,CD_03,CD_12
751413,Cliente_751413,4,CD_13,CD_04
115309,Cliente_115309,24,CD_08,CD_11
891385,Cliente_891385,6,CD_09,CD_05
769002,Cliente_769002,7,CD_08,CD_00
763767,Cliente_763767,4,CD_08,CD_01
713124,Cliente_713124,7,CD_08,CD_01
359886,Cliente_359886,6,CD_17,CD_00
910454,Cliente_910454,11,CD_12,CD_04
1067,Cliente_1067,20,CD_19,CD_18
879704,Cliente_879704,18,CD_08,CD_17
706728,Cliente_706728,8,CD_11,CD_12
240977,Cliente_240977,12,CD_11,CD_12
670532,Cliente_670532,4,CD_16,CD_19
197231,Cliente_197231,8,CD_06,CD_17
558509,Cliente_558509,16,CD_09,CD_19
394188,Cliente_394188,14,CD_00,CD_08
557368,Cliente_557368,24,CD_08,CD_13
893768,Cliente_893768,19,CD_09,CD_12
861797,Cliente_861797,24,CD_16,CD_08
842067,Cliente_842067,28,CD_06,CD_18
327517,Cliente_327517,29,CD_02,CD_04
266081,Cliente_266081,3,CD_20,CD_12
647477,Cliente_647477,25,CD_03,CD_08
985909,Cliente_985909,16,CD_06,CD_01
819179,Cliente_819179,9,CD_15,CD_06
632921,Cliente_632921,16,CD_09,CD_07
942885,Cliente_942885,19,CD_01,CD_06
16546,Cliente_16546,4,CD_17,CD_13
180599,Cliente_180599,13,CD_08,CD_02
112814,Cliente_112814,1,CD_03,CD_02
931803,Cliente_931803,15,CD_20,CD_18
514022,Cliente_514022,20,CD_00,CD_10
876792,Cliente_876792,9,CD_08,CD_15
621630,Cliente_621630,26,CD_10,CD_04
398749,Cliente_398749,1,CD_11,CD_04
614002,Cliente_614002,11,CD_09,CD_14
353732,Cliente_353732,16,CD_11,CD_05
395721,Cliente_395721,21,CD_12,CD_01
234065,Cliente_234065,13,CD_14,CD_02
903827,Cliente_903827,28,CD_01,CD_11
869779,Cliente_869779,11,CD_06,CD_02
595948,Cliente_595948,24,CD_15,CD_19
908863,Cliente_908863,3,CD_01,CD_08
329912,Cliente_329912,18,CD_02,CD_10
57402,Cliente_57402,6,CD_07,CD_11
105639,Cliente_105639,6,CD_06,CD_18
274637,Cliente_274637,5,CD_16,CD_05
628784,Cliente_628784,26,CD_06,CD_18
721520,Cliente_721520,9,CD_04,CD_17
466775,Cliente_466775,3,CD_02,CD_03
582277,Cliente_582277,24,CD_00,CD_14
832045,Cliente_832045,26,CD_16,CD_15
691354,Cliente_691354,14,CD_19,CD_18
379381,Cliente_379381,15,CD_07,CD_06
201377,Cliente_201377,22,CD_01,CD_11
264312,Cliente_264312,22,CD_03,CD_10
289517,Cliente_289517,13,CD_05,CD_17
834321,Cliente_834321,23,CD_08,CD_14
460337,Cliente_460337,16,CD_04,CD_07
327580,Cliente_327580,6,CD_11,CD_05
994498,Cliente_994498,7,CD_02,CD_19
81783,Cliente_81783,6,CD_07,CD_19
825047,Cliente_825047,1,CD_04,CD_07
106372,Cliente_106372,4,CD_06,CD_14
22347,Cliente_22347,6,CD_05,CD_17
877093,Cliente_877093,19,CD_14,CD_18
479705,Cliente_479705,26,CD_16,CD_19
158940,Cliente_158940,1,CD_13,CD_06
228166,Cliente_228166,11,CD_19,CD_04
763559,Cliente_763559,25,CD_17,CD_13
390502,Cliente_390502,2,CD_09,CD_19
200689,Cliente_200689,19,CD_16,CD_10
339125,Cliente_339125,10,CD_10,CD_19
650233,Cliente_650233,17,CD_03,CD_11
850008,Cliente_850008,2,CD_19,CD_08
46169,Cliente_46169,3,CD_06,CD_11
822636,Cliente_822636,8,CD_06,CD_10
48580,Cliente_48580,17,CD_20,CD_15
912203,Cliente_912203,18,CD_11,CD_00
986183,Cliente_986183,30,CD_16,CD_08
107591,Cliente_107591,12,CD_07,CD_12
999177,Cliente_999177,21,CD_15,CD_16
770028,Cliente_770028,4,CD_02,CD_14
564108,Cliente_564108,4,CD_04,CD_01
965119,Cliente_965119,4,CD_19,CD_10
274859,Cliente_274859,10,CD_17,CD_09
433730,Cliente_433730,21,CD_14,CD_09
401948,Cliente_401948,23,CD_20,CD_03
666223,Cliente_666223,10,CD_15,CD_17
540269,Cliente_540269,26,CD_18,CD_19
629627,Cliente_629627,20,CD_11,CD_19
679561,Cliente_679561,4,CD_13,CD_02
94290,Cliente_94290,27,CD_11,CD_04
941170,Cliente_941170,4,CD_13,CD_17
367071,Cliente_367071,22,CD_09,CD_17
239414,Cliente_239414,27,CD_17,CD_19
114766,Cliente_114766,11,CD_10,CD_15
462720,Cliente_462720,30,CD_13,CD_05
605204,Cliente_605204,26,CD_19,CD_14
806186,Cliente_806186,2,CD_20,CD_08
231603,Cliente_231603,25,CD_12,CD_02
60931,Cliente_60931,3,CD_17,CD_00
520255,Cliente_520255,21,CD_20,CD_08
110449,Cliente_110449,22,CD_07,CD_16
898618,Cliente_898618,9,CD_17,CD_10
6567,Cliente_6567,6,CD_18,CD_12
342684,Cliente_342684,15,CD_02,CD_19
884396,Cliente_884396,23,CD_02,CD_13
71435,Cliente_71435,4,CD_10,CD_07
56411,Cliente_56411,16,CD_03,CD_15
325032,Cliente_325032,9,CD_07,CD_05
53511,Cliente_53511,14,CD_06,CD_18
788244,Cliente_788244,29,CD_08,CD_00
680978,Cliente_680978,7,CD_09,CD_14
603427,Cliente_603427,4,CD_15,CD_20
911343,Cliente_911343,29,CD_12,CD_03
832174,Cliente_832174,24,CD_20,CD_00
508499,Cliente_508499,18,CD_03,CD_02
40470,Cliente_40470,1,CD_17,CD_15
750556,Cliente_750556,3,CD_20,CD_11
2628,Cliente_2628,16,CD_07,CD_15
392528,Cliente_392528,16,CD_19,CD_20
543854,Cliente_543854,15,CD_04,CD_06
183843,Cliente_183843,6,CD_02,CD_16
560275,Cliente_560275,19,CD_09,CD_04
564399,Cliente_564399,26,CD_12,CD_01
988475,Cliente_988475,14,CD_15,CD_19
964346,Cliente_964346,1,CD_16,CD_11
994361,Cliente_994361,15,CD_20,CD_03
433654,Cliente_433654,12,CD_02,CD_17
705387,Cliente_705387,24,CD_09,CD_20
17914,Cliente_17914,7,CD_04,CD_14
713270,Cliente_713270,11,CD_02,CD_05
647764,Cliente_647764,29,CD_17,CD_06
926360,Cliente_926360,14,CD_06,CD_00
534838,Cliente_534838,29,CD_00,CD_16
940824,Cliente_940824,27,CD_08,CD_13
540550,Cliente_540550,4,CD_13,CD_04
700073,Cliente_700073,2,CD_17,CD_05
30506,Cliente_30506,23,CD_06,CD_00
584057,Cliente_584057,23,CD_02,CD_16
299754,Cliente_299754,21,CD_05,CD_04
305721,Cliente_305721,9,CD_03,CD_07
372590,Cliente_372590,23,CD_18,CD_01
914716,Cliente_914716,28,CD_03,CD_14
400387,Cliente_400387,3,CD_14,CD_02
253205,Cliente_253205,12,CD_08,CD_15
473046,Cliente_473046,30,CD_14,CD_01
955036,Cliente_955036,14,CD_20,CD_14
470966,Cliente_470966,5,CD_20,CD_15
748073,Cliente_748073,30,CD_13,CD_16
1721,Cliente_1721,2,CD_05,CD_17
367843,Cliente_367843,9,CD_13,CD_01
133230,Cliente_133230,6,CD_14,CD_10
781749,Cliente_781749,1,CD_03,CD_00
176026,Cliente_176026,21,CD_05,CD_19
784095,Cliente_784095,8,CD_12,CD_15
41124,Cliente_41124,15,CD_12,CD_15
748285,Cliente_748285,22,CD_17,CD_02
19567,Cliente_19567,25,CD_06,CD_10
923144,Cliente_923144,26,CD_05,CD_09
462360,Cliente_462360,5,CD_16,CD_10
10895,Cliente_10895,24,CD_04,CD_01
219701,Cliente_219701,4,CD_17,CD_07
951744,Cliente_951744,15,CD_13,CD_20
179029,Cliente_179029,17,CD_02,CD_18
684318,Cliente_684318,5,CD_06,CD_09
55876,Cliente_55876,24,CD_05,CD_11
885001,Cliente_885001,27,CD_13,CD_19
239301,Cliente_239301,25,CD_05,CD_00
140156,Cliente_140156,19,CD_10,CD_16
102488,Cliente_102488,22,CD_09,CD_03
229511,Cliente_229511,4,CD_07,CD_10
448755,Cliente_448755,11,CD_16,CD_00
124186,Cliente_124186,9,CD_19,CD_03
68235,Cliente_68235,20,CD_06,CD_04
910012,Cliente_910012,17,CD_01,CD_00
728778,Cliente_728778,3,CD_20,CD_13
435533,Cliente_435533,10,CD_09,CD_10
128983,Cliente_128983,16,CD_17,CD_06
572362,Cliente_572362,19,CD_20,CD_15
581971,Cliente_581971,29,CD_15,CD_13
87806,Cliente_87806,1,CD_00,CD_19
766696,Cliente_766696,11,CD_02,CD_00
859956,Cliente_859956,1,CD_07,CD_18
890513,Cliente_890513,23,CD_20,CD_08
790780,Cliente_790780,1,CD_11,CD_06
70997,Cliente_70997,13,CD_06,CD_17
237827,Cliente_237827,10,CD_09,CD_03
314264,Cliente_314264,10,CD_07,CD_18
803198,Cliente_803198,17,CD_02,CD_15
921130,Cliente_921130,11,CD_01,CD_02
901379,Cliente_901379,9,CD_05,CD_16
398058,Cliente_398058,13,CD_06,CD_09
430762,Cliente_430762,6,CD_20,CD_15
510590,Cliente_510590,29,CD_15,CD_00
35257,Cliente_35257,21,CD_13,CD_19
898006,Cliente_898006,21,CD_20,CD_09
349084,Cliente_349084,10,CD_07,CD_03
3112,Cliente_3112,8,CD_16,CD_11
435245,Cliente_435245,7,CD_15,CD_08
792249,Cliente_792249,28,CD_06,CD_00
690953,Cliente_690953,14,CD_20,CD_12
442875,Cliente_442875,8,CD_02,CD_16
678083,Cliente_678083,29,CD_20,CD_10
441843,Cliente_441843,28,CD_15,CD_02
296430,Cliente_296430,8,CD_09,CD_12
756735,Cliente_756735,2,CD_02,CD_10
9558,Cliente_9558,18,CD_13,CD_18
142752,Cliente_142752,1,CD_00,CD_14
598082,Cliente_598082,17,CD_14,CD_10
584689,Cliente_584689,10,CD_13,CD_20
369585,Cliente_369585,19,CD_05,CD_11
574695,Cliente_574695,4,CD_14,CD_06
280349,Cliente_280349,3,CD_16,CD_12
907041,Cliente_907041,13,CD_05,CD_07
578725,Cliente_578725,24,CD_20,CD_01
361772,Cliente_361772,26,CD_03,CD_15
759477,Cliente_759477,19,CD_18,CD_04
967827,Cliente_967827,30,CD_16,CD_11
330649,Cliente_330649,9,CD_16,CD_09
871282,Cliente_871282,21,CD_06,CD_01
528461,Cliente_528461,6,CD_03,CD_06
418549,Cliente_418549,2,CD_15,CD_19
363218,Cliente_363218,19,CD_02,CD_07
27462,Cliente_27462,3,CD_07,CD_00
897953,Cliente_897953,25,CD_03,CD_05
196012,Cliente_196012,9,CD_09,CD_08
822168,Cliente_822168,30,CD_07,CD_19
255337,Cliente_255337,21,CD_11,CD_05
549830,Cliente_549830,21,CD_07,CD_04
569632,Cliente_569632,1,CD_10,CD_11
394511,Cliente_394511,1,CD_07,CD_00
834854,Cliente_834854,1,CD_11,CD_12
796674,Cliente_796674,8,CD_04,CD_11
303266,Cliente_303266,26,CD_13,CD_00
394992,Cliente_394992,30,CD_08,CD_06
613726,Cliente_613726,19,CD_01,CD_07
696556,Cliente_696556,20,CD_01,CD_20
803270,Cliente_803270,24,CD_15,CD_19
762121,Cliente_762121,3,CD_17,CD_15
703526,Cliente_703526,4,CD_17,CD_10
695391,Cliente_695391,8,CD_08,CD_11
652399,Cliente_652399,15,CD_08,CD_14
972166,Cliente_972166,14,CD_11,CD_20
911986,Cliente_911986,2,CD_19,CD_09
863321,Cliente_863321,29,CD_20,CD_10
682531,Cliente_682531,26,CD_14,CD_20
732084,Cliente_732084,14,CD_09,CD_14
473239,Cliente_473239,7,CD_19,CD_16
490806,Cliente_490806,27,CD_04,CD_14
474309,Cliente_474309,20,CD_16,CD_00
341311,Cliente_341311,27,CD_02,CD_09
332809,Cliente_332809,27,CD_06,CD_15
190962,Cliente_190962,7,CD_20,CD_11
552284,Cliente_552284,24,CD_10,CD_01
876532,Cliente_876532,11,CD_01,CD_02
323036,Cliente_323036,16,CD_02,CD_09
130411,Cliente_130411,30,CD_10,CD_16
301386,Cliente_301386,6,CD_01,CD_08
282943,Cliente_282943,5,CD_06,CD_09
919174,Cliente_919174,10,CD_09,CD_19
293147,Cliente_293147,21,CD_13,CD_10
90197,Cliente_90197,12,CD_19,CD_15
588076,Cliente_588076,8,CD_04,CD_10
751771,Cliente_751771,7,CD_20,CD_14
141537,Cliente_141537,5,CD_18,CD_19
15841,Cliente_15841,7,CD_01,CD_02
776105,Cliente_776105,16,CD_10,CD_14
405519,Cliente_405519,20,CD_08,CD_19
631,Cliente_631,11,CD_06,CD_19
556274,Cliente_556274,24,CD_12,CD_11
247809,Cliente_247809,16,CD_14,CD_01
742135,Cliente_742135,5,CD_12,CD_04
493756,Cliente_493756,28,CD_12,CD_05
875309,Cliente_875309,24,CD_11,CD_01
145953,Cliente_145953,3,CD_02,CD_14
117383,Cliente_117383,18,CD_18,CD_00
809963,Cliente_809963,25,CD_10,CD_04
382807,Cliente_382807,25,CD_02,CD_16
533206,Cliente_533206,9,CD_06,CD_14
635156,Cliente_635156,22,CD_07,CD_20
938529,Cliente_938529,14,CD_02,CD_05
168020,Cliente_168020,4,CD_13,CD_20
836620,Cliente_836620,16,CD_12,CD_15
772562,Cliente_772562,3,CD_13,CD_14
614938,Cliente_614938,8,CD_08,CD_13
330217,Cliente_330217,27,CD_12,CD_03
476944,Cliente_476944,22,CD_09,CD_19
6038,Cliente_6038,19,CD_20,CD_04
666036,Cliente_666036,10,CD_11,CD_03
272057,Cliente_272057,29,CD_18,CD_20
805902,Cliente_805902,19,CD_16,CD_13
867092,Cliente_867092,18,CD_04,CD_05
109801,Cliente_109801,25,CD_02,CD_05
983306,Cliente_983306,21,CD_19,CD_02
18450,Cliente_18450,18,CD_02,CD_08
864929,Cliente_864929,19,CD_09,CD_08
857496,Cliente_857496,6,CD_04,CD_20
475008,Cliente_475008,16,CD_20,CD_15
701834,Cliente_701834,14,CD_03,CD_00
60849,Cliente_60849,15,CD_07,CD_13
926140,Cliente_926140,20,CD_04,CD_12
780703,Cliente_780703,4,CD_08,CD_15
469889,Cliente_469889,21,CD_18,CD_11
244569,Cliente_244569,21,CD_07,CD_19
423857,Cliente_423857,29,CD_13,CD_12
263117,Cliente_263117,8,CD_08,CD_11
406373,Cliente_406373,11,CD_18,CD_03
409044,Cliente_409044,16,CD_06,CD_12
338951,Cliente_338951,5,CD_15,CD_12
97609,Cliente_97609,20,CD_13,CD_07
679514,Cliente_679514,20,CD_08,CD_11
794622,Cliente_794622,25,CD_16,CD_20
852254,Cliente_852254,6,CD_12,CD_10
278395,Cliente_278395,20,CD_15,CD_16
129551,Cliente_129551,2,CD_18,CD_10
250114,Cliente_250114,29,CD_18,CD_10
328582,Cliente_328582,28,CD_17,CD_19
246415,Cliente_246415,8,CD_10,CD_13
749810,Cliente_749810,19,CD_20,CD_05
207769,Cliente_207769,8,CD_05,CD_13
717857,Cliente_717857,2,CD_08,CD_04
279952,Cliente_279952,26,CD_01,CD_18
432246,Cliente_432246,5,CD_08,CD_03
386591,Cliente_386591,11,CD_13,CD_15
752625,Cliente_752625,1,CD_00,CD_05
348897,Cliente_348897,30,CD_08,CD_12
589360,Cliente_589360,13,CD_09,CD_17
556503,Cliente_556503,2,CD_16,CD_17
560725,Cliente_560725,17,CD_09,CD_17
319884,Cliente_319884,21,CD_16,CD_12
798868,Cliente_798868,2,CD_04,CD_17
463979,Cliente_463979,24,CD_20,CD_11
7819,Cliente_7819,4,CD_19,CD_07
891220,Cliente_891220,29,CD_03,CD_18
869020,Cliente_869020,30,CD_06,CD_14
965149,Cliente_965149,14,CD_15,CD_17
146614,Cliente_146614,1,CD_12,CD_19
173196,Cliente_173196,17,CD_07,CD_04
927792,Cliente_927792,30,CD_01,CD_12
651512,Cliente_651512,11,CD_10,CD_11
729218,Cliente_729218,18,CD_01,CD_17
785011,Cliente_785011,11,CD_04,CD_06
849792,Cliente_849792,19,CD_08,CD_20
616000,Cliente_616000,16,CD_19,CD_16
803155,Cliente_803155,19,CD_18,CD_01
594080,Cliente_594080,22,CD_13,CD_02
363510,Cliente_363510,18,CD_17,CD_16
214932,Cliente_214932,5,CD_00,CD_19
888132,Cliente_888132,18,CD_05,CD_06
729505,Cliente_729505,1,CD_18,CD_09
557306,Cliente_557306,2,CD_14,CD_04
320911,Cliente_320911,26,CD_16,CD_08
244216,Cliente_244216,8,CD_00,CD_09
247781,Cliente_247781,15,CD_04,CD_20
484800,Cliente_484800,30,CD_13,CD_06
596911,Cliente_596911,9,CD_13,CD_03
979445,Cliente_979445,17,CD_14,CD_09
917816,Cliente_917816,13,CD_06,CD_09
633373,Cliente_633373,5,CD_12,CD_20
958863,Cliente_958863,15,CD_00,CD_18
507999,Cliente_507999,14,CD_08,CD_17
255494,Cliente_255494,1,CD_06,CD_16
629701,Cliente_629701,27,CD_11,CD_05
926381,Cliente_926381,19,CD_00,CD_05
18619,Cliente_18619,13,CD_06,CD_03
177883,Cliente_177883,29,CD_05,CD_14
382861,Cliente_382861,20,CD_15,CD_12
353061,Cliente_353061,6,CD_18,CD_17
404268,Cliente_404268,27,CD_02,CD_08
302117,Cliente_302117,3,CD_15,CD_07
701162,Cliente_701162,28,CD_16,CD_03
637108,Cliente_637108,22,CD_15,CD_08
66168,Cliente_66168,27,CD_10,CD_16
327023,Cliente_327023,30,CD_06,CD_13
597935,Cliente_597935,12,CD_18,CD_10
547445,Cliente_547445,15,CD_07,CD_19
817732,Cliente_817732,20,CD_13,CD_03
264358,Cliente_264358,5,CD_18,CD_14
358609,Cliente_358609,7,CD_14,CD_02
89637,Cliente_89637,12,CD_14,CD_19
919442,Cliente_919442,16,CD_06,CD_19
215895,Cliente_215895,4,CD_07,CD_06
31781,Cliente_31781,28,CD_12,CD_06
804962,Cliente_804962,9,CD_06,CD_19
721481,Cliente_721481,23,CD_00,CD_18
106926,Cliente_106926,19,CD_18,CD_12
936415,Cliente_936415,17,CD_20,CD_17
185126,Cliente_185126,27,CD_14,CD_17
13996,Cliente_13996,3,CD_01,CD_14
428728,Cliente_428728,3,CD_05,CD_07
295380,Cliente_295380,21,CD_11,CD_07
854160,Cliente_854160,26,CD_20,CD_12
336352,Cliente_336352,13,CD_08,CD_06
175072,Cliente_175072,29,CD_14,CD_01
139960,Cliente_139960,25,CD_00,CD_09
392731,Cliente_392731,3,CD_13,CD_02
825449,Cliente_825449,9,CD_12,CD_02
669045,Cliente_669045,7,CD_00,CD_18
173856,Cliente_173856,17,CD_19,CD_04
132836,Cliente_132836,4,CD_06,CD_02
374253,Cliente_374253,26,CD_06,CD_01
723425,Cliente_723425,5,CD_18,CD_19
966785,Cliente_966785,8,CD_00,CD_11
350631,Cliente_350631,14,CD_04,CD_19
258927,Cliente_258927,20,CD_19,CD_06
252595,Cliente_252595,26,CD_02,CD_17
136942,Cliente_136942,11,CD_05,CD_17
698242,Cliente_698242,5,CD_16,CD_05
394708,Cliente_394708,4,CD_12,CD_06
808469,Cliente_808469,14,CD_20,CD_09
856284,Cliente_856284,15,CD_07,CD_15
396975,Cliente_396975,10,CD_19,CD_09
989921,Cliente_989921,13,CD_17,CD_05
449301,Cliente_449301,11,CD_01,CD_18
112416,Cliente_112416,3,CD_20,CD_03
199757,Cliente_199757,16,CD_14,CD_01
114554,Cliente_114554,18,CD_16,CD_12
868255,Cliente_868255,16,CD_17,CD_16
228015,Cliente_228015,12,CD_05,CD_04
609046,Cliente_609046,13,CD_16,CD_13
661923,Cliente_661923,29,CD_00,CD_12
703488,Cliente_703488,4,CD_18,CD_09
708380,Cliente_708380,7,CD_14,CD_05
583529,Cliente_583529,9,CD_03,CD_11
928961,Cliente_928961,16,CD_11,CD_02
373240,Cliente_373240,30,CD_01,CD_02
447517,Cliente_447517,24,CD_07,CD_09
221165,Cliente_221165,21,CD_09,CD_18
179940,Cliente_179940,16,CD_04,CD_10
975418,Cliente_975418,27,CD_17,CD_20
418080,Cliente_418080,15,CD_08,CD_15
550746,Cliente_550746,16,CD_15,CD_16
212340,Cliente_212340,19,CD_18,CD_14
206370,Cliente_206370,11,CD_10,CD_06
637048,Cliente_637048,17,CD_12,CD_00
572930,Cliente_572930,29,CD_10,CD_03
229809,Cliente_229809,30,CD_20,CD_14
915226,Cliente_915226,1,CD_19,CD_01
663824,Cliente_663824,10,CD_08,CD_09
88063,Cliente_88063,10,CD_12,CD_07
547609,Cliente_547609,10,CD_19,CD_13
668515,Cliente_668515,6,CD_01,CD_07
368873,Cliente_368873,26,CD_18,CD_02
257810,Cliente_257810,12,CD_04,CD_07
670670,Cliente_670670,29,CD_19,CD_00
438891,Cliente_438891,17,CD_14,CD_17
247367,Cliente_247367,8,CD_13,CD_10
307488,Cliente_307488,1,CD_12,CD_03
975047,Cliente_975047,1,CD_06,CD_08
147379,Cliente_147379,11,CD_01,CD_07
879538,Cliente_879538,22,CD_11,CD_07
592763,Cliente_592763,3,CD_20,CD_19
570462,Cliente_570462,3,CD_19,CD_00
535068,Cliente_535068,19,CD_18,CD_16
61907,Cliente_61907,18,CD_17,CD_10
805202,Cliente_805202,11,CD_02,CD_07
972171,Cliente_972171,24,CD_06,CD_11
663526,Cliente_663526,27,CD_20,CD_09
943346,Cliente_943346,9,CD_17,CD_08
899254,Cliente_899254,23,CD_10,CD_17
278374,Cliente_278374,15,CD_01,CD_07
363761,Cliente_363761,30,CD_18,CD_16
186295,Cliente_186295,28,CD_04,CD_17
978328,Cliente_978328,28,CD_13,CD_06
73960,Cliente_73960,8,CD_17,CD_08
367941,Cliente_367941,24,CD_15,CD_17
144245,Cliente_144245,4,CD_14,CD_08
394526,Cliente_394526,14,CD_17,CD_03
580436,Cliente_580436,12,CD_12,CD_20
466462,Cliente_466462,8,CD_04,CD_12
358055,Cliente_358055,30,CD_10,CD_15
643781,Cliente_643781,9,CD_14,CD_18
993787,Cliente_993787,11,CD_03,CD_20
511831,Cliente_511831,1,CD_07,CD_18
330094,Cliente_330094,5,CD_09,CD_07
780825,Cliente_780825,18,CD_03,CD_08
486672,Cliente_486672,21,CD_03,CD_15
287648,Cliente_287648,17,CD_11,CD_15
92812,Cliente_92812,26,CD_05,CD_03
996734,Cliente_996734,26,CD_11,CD_19
688552,Cliente_688552,21,CD_04,CD_11
220604,Cliente_220604,11,CD_10,CD_11
239620,Cliente_239620,3,CD_12,CD_20
637726,Cliente_637726,16,CD_04,CD_02
972760,Cliente_972760,22,CD_11,CD_05
260452,Cliente_260452,30,CD_09,CD_03
642168,Cliente_642168,5,CD_10,CD_16
531525,Cliente_531525,19,CD_19,CD_03
713873,Cliente_713873,27,CD_13,CD_18
782963,Cliente_782963,8,CD_18,CD_13
947691,Cliente_947691,3,CD_11,CD_02
340059,Cliente_340059,14,CD_02,CD_20
288422,Cliente_288422,18,CD_15,CD_07
638692,Cliente_638692,18,CD_09,CD_12
895871,Cliente_895871,15,CD_09,CD_15
756717,Cliente_756717,3,CD_12,CD_06
670858,Cliente_670858,20,CD_00,CD_07
170128,Cliente_170128,13,CD_04,CD_10
732150,Cliente_732150,9,CD_12,CD_15
528163,Cliente_528163,13,CD_18,CD_14
882766,Cliente_882766,19,CD_19,CD_16
452660,Cliente_452660,9,CD_20,CD_01
584820,Cliente_584820,19,CD_15,CD_20
380618,Cliente_380618,10,CD_01,CD_16
921702,Cliente_921702,25,CD_05,CD_08
486723,Cliente_486723,9,CD_14,CD_06
456518,Cliente_456518,9,CD_01,CD_17
155837,Cliente_155837,4,CD_08,CD_04
455026,Cliente_455026,26,CD_11,CD_18
985626,Cliente_985626,14,CD_15,CD_04
79539,Cliente_79539,4,CD_15,CD_07
128766,Cliente_128766,16,CD_19,CD_12
762059,Cliente_762059,23,CD_09,CD_00
516675,Cliente_516675,1,CD_13,CD_12
599698,Cliente_599698,22,CD_12,CD_19
698543,Cliente_698543,4,CD_04,CD_01
697673,Cliente_697673,12,CD_04,CD_06
289608,Cliente_289608,21,CD_03,CD_05
573159,Cliente_573159,20,CD_14,CD_20
714912,Cliente_714912,20,CD_09,CD_07
308266,Cliente_308266,24,CD_13,CD_06
168327,Cliente_168327,6,CD_18,CD_12
500265,Cliente_500265,2,CD_12,CD_01
132337,Cliente_132337,11,CD_01,CD_13
245458,Cliente_245458,12,CD_18,CD_02
20756,Cliente_20756,30,CD_17,CD_19
543989,Cliente_543989,26,CD_17,CD_05
27882,Cliente_27882,14,CD_03,CD_05
140995,Cliente_140995,24,CD_20,CD_04
51820,Cliente_51820,25,CD_15,CD_14
291087,Cliente_291087,12,CD_02,CD_12
634519,Cliente_634519,10,CD_00,CD_09
971408,Cliente_971408,26,CD_16,CD_19
152234,Cliente_152234,1,CD_15,CD_16
177500,Cliente_177500,23,CD_07,CD_06
797286,Cliente_797286,14,CD_20,CD_02
599854,Cliente_599854,29,CD_16,CD_13
338956,Cliente_338956,18,CD_00,CD_05
498465,Cliente_498465,19,CD_05,CD_07
696034,Cliente_696034,4,CD_06,CD_01
935411,Cliente_935411,18,CD_00,CD_02
851246,Cliente_851246,5,CD_12,CD_15
605122,Cliente_605122,7,CD_04,CD_12
452728,Cliente_452728,26,CD_11,CD_13
974673,Cliente_974673,13,CD_05,CD_06
388620,Cliente_388620,19,CD_03,CD_18
674948,Cliente_674948,16,CD_11,CD_15
551925,Cliente_551925,8,CD_13,CD_04
581151,Cliente_581151,15,CD_20,CD_14
469251,Cliente_469251,6,CD_16,CD_19
372746,Cliente_372746,1,CD_14,CD_08
514245,Cliente_514245,4,CD_07,CD_17
656527,Cliente_656527,30,CD_10,CD_17
907983,Cliente_907983,9,CD_18,CD_15
982298,Cliente_982298,2,CD_10,CD_19
748021,Cliente_748021,19,CD_09,CD_10
530040,Cliente_530040,20,CD_12,CD_13
232461,Cliente_232461,20,CD_16,CD_00
714392,Cliente_714392,9,CD_03,CD_11
375217,Cliente_375217,12,CD_10,CD_08
863756,Cliente_863756,8,CD_16,CD_04
778362,Cliente_778362,24,CD_03,CD_19
29512,Cliente_29512,5,CD_05,CD_12
84165,Cliente_84165,14,CD_02,CD_13
994658,Cliente_994658,21,CD_06,CD_12
24049,Cliente_24049,19,CD_07,CD_08
357328,Cliente_357328,25,CD_15,CD_20
194207,Cliente_194207,14,CD_03,CD_13
112876,Cliente_112876,2,CD_19,CD_12
680176,Cliente_680176,4,CD_06,CD_07
309427,Cliente_309427,8,CD_00,CD_06
242954,Cliente_242954,30,CD_08,CD_01
95425,Cliente_95425,5,CD_11,CD_18
287315,Cliente_287315,19,CD_20,CD_16
509270,Cliente_509270,28,CD_05,CD_07
826868,Cliente_826868,4,CD_07,CD_10
430931,Cliente_430931,29,CD_08,CD_20
258838,Cliente_258838,3,CD_17,CD_04
943037,Cliente_943037,6,CD_09,CD_00
42024,Cliente_42024,23,CD_12,CD_13
534905,Cliente_534905,2,CD_20,CD_15
20566,Cliente_20566,24,CD_05,CD_15
246222,Cliente_246222,9,CD_06,CD_02
252307,Cliente_252307,29,CD_04,CD_06
674772,Cliente_674772,1,CD_20,CD_04
292691,Cliente_292691,15,CD_14,CD_08
546823,Cliente_546823,22,CD_16,CD_14
750413,Cliente_750413,25,CD_08,CD_10
588857,Cliente_588857,27,CD_17,CD_02
874675,Cliente_874675,11,CD_00,CD_01
390187,Cliente_390187,8,CD_06,CD_09
520634,Cliente_520634,6,CD_15,CD_07
712471,Cliente_712471,21,CD_17,CD_10
590770,Cliente_590770,5,CD_00,CD_01
757616,Cliente_757616,6,CD_18,CD_01
198852,Cliente_198852,16,CD_16,CD_14
807654,Cliente_807654,8,CD_20,CD_04
253747,Cliente_253747,15,CD_00,CD_09
398177,Cliente_398177,15,CD_01,CD_20
115485,Cliente_115485,19,CD_17,CD_13
149315,Cliente_149315,30,CD_06,CD_13
992825,Cliente_992825,29,CD_16,CD_05
810985,Cliente_810985,9,CD_16,CD_17
613977,Cliente_613977,5,CD_03,CD_05
810024,Cliente_810024,9,CD_02,CD_13
480551,Cliente_480551,1,CD_01,CD_17
977425,Cliente_977425,3,CD_10,CD_08
678441,Cliente_678441,21,CD_13,CD_14
443951,Cliente_443951,3,CD_18,CD_20
988286,Cliente_988286,29,CD_16,CD_12
739589,Cliente_739589,3,CD_03,CD_16
921247,Cliente_921247,12,CD_16,CD_02
315922,Cliente_315922,24,CD_07,CD_04
32609,Cliente_32609,20,CD_11,CD_03
579991,Cliente_579991,8,CD_09,CD_19
161758,Cliente_161758,16,CD_11,CD_17
30591,Cliente_30591,12,CD_16,CD_06
615062,Cliente_615062,23,CD_03,CD_04
665001,Cliente_665001,20,CD_12,CD_01
548157,Cliente_548157,5,CD_16,CD_11
783537,Cliente_783537,4,CD_18,CD_19
234245,Cliente_234245,11,CD_10,CD_16
944682,Cliente_944682,26,CD_20,CD_01
956488,Cliente_956488,8,CD_00,CD_14
726587,Cliente_726587,29,CD_05,CD_03
401799,Cliente_401799,13,CD_11,CD_06
463512,Cliente_463512,5,CD_00,CD_07
224244,Cliente_224244,6,CD_13,CD_20
276735,Cliente_276735,15,CD_14,CD_16
476266,Cliente_476266,9,CD_15,CD_10
954682,Cliente_954682,8,CD_06,CD_14
124400,Cliente_124400,26,CD_00,CD_14
595098,Cliente_595098,12,CD_02,CD_18
98422,Cliente_98422,14,CD_01,CD_02
99198,Cliente_99198,14,CD_19,CD_06
350613,Cliente_350613,13,CD_01,CD_02
329448,Cliente_329448,25,CD_10,CD_05
669406,Cliente_669406,23,CD_02,CD_03
122148,Cliente_122148,28,CD_19,CD_09
698921,Cliente_698921,3,CD_01,CD_13
64853,Cliente_64853,6,CD_04,CD_02
392433,Cliente_392433,8,CD_14,CD_06
838182,Cliente_838182,7,CD_14,CD_15
369374,Cliente_369374,25,CD_03,CD_17
137184,Cliente_137184,15,CD_06,CD_05
14041,Cliente_14041,12,CD_13,CD_17
957748,Cliente_957748,7,CD_00,CD_11
54443,Cliente_54443,3,CD_07,CD_11
848034,Cliente_848034,11,CD_09,CD_18
626912,Cliente_626912,14,CD_16,CD_11
822570,Cliente_822570,26,CD_03,CD_11
922174,Cliente_922174,14,CD_16,CD_17
798254,Cliente_798254,30,CD_19,CD_09
506204,Cliente_506204,8,CD_20,CD_03
361387,Cliente_361387,9,CD_16,CD_17
78403,Cliente_78403,5,CD_08,CD_00
324691,Cliente_324691,22,CD_06,CD_02
759945,Cliente_759945,27,CD_06,CD_12
629660,Cliente_629660,11,CD_18,CD_14
752390,Cliente_752390,22,CD_07,CD_20
516304,Cliente_516304,10,CD_02,CD_04
244229,Cliente_244229,10,CD_05,CD_11
169160,Cliente_169160,16,CD_02,CD_19
647106,Cliente_647106,13,CD_09,CD_07
194443,Cliente_194443,27,CD_09,CD_06
721241,Cliente_721241,14,CD_00,CD_19
326612,Cliente_326612,14,CD_02,CD_04
217923,Cliente_217923,26,CD_13,CD_02
770374,Cliente_770374,6,CD_16,CD_03
863193,Cliente_863193,23,CD_10,CD_04
143356,Cliente_143356,4,CD_08,CD_10
138505,Cliente_138505,23,CD_18,CD_14
848876,Cliente_848876,30,CD_18,CD_03
182131,Cliente_182131,19,CD_18,CD_02
110378,Cliente_110378,29,CD_11,CD_14
121764,Cliente_121764,22,CD_01,CD_15
311707,Cliente_311707,7,CD_16,CD_18
447343,Cliente_447343,25,CD_03,CD_18
714954,Cliente_714954,21,CD_13,CD_19
65957,Cliente_65957,29,CD_07,CD_03
101795,Cliente_101795,9,CD_19,CD_01
947867,Cliente_947867,21,CD_07,CD_14
523507,Cliente_523507,8,CD_11,CD_19
773479,Cliente_773479,28,CD_15,CD_01
179177,Cliente_179177,21,CD_03,CD_10
553059,Cliente_553059,24,CD_16,CD_09
280792,Cliente_280792,18,CD_13,CD_02
93992,Cliente_93992,15,CD_06,CD_10
73394,Cliente_73394,15,CD_13,CD_04
966612,Cliente_966612,3,CD_01,CD_13
997011,Cliente_997011,13,CD_19,CD_12
559253,Cliente_559253,27,CD_16,CD_00
798595,Cliente_798595,13,CD_13,CD_05
451591,Cliente_451591,28,CD_05,CD_01
634361,Cliente_634361,17,CD_15,CD_05
43898,Cliente_43898,20,CD_04,CD_17
182193,Cliente_182193,26,CD_00,CD_05
465248,Cliente_465248,21,CD_11,CD_16
208802,Cliente_208802,13,CD_01,CD_04
817795,Cliente_817795,4,CD_15,CD_01
999285,Cliente_999285,8,CD_20,CD_07
795383,Cliente_795383,15,CD_20,CD_07
577358,Cliente_577358,10,CD_11,CD_00
450384,Cliente_450384,4,CD_06,CD_13
748528,Cliente_748528,6,CD_17,CD_15
711372,Cliente_711372,13,CD_14,CD_00
909795,Cliente_909795,8,CD_07,CD_05
561380,Cliente_561380,6,CD_13,CD_09
230241,Cliente_230241,1,CD_08,CD_01
583523,Cliente_583523,28,CD_15,CD_17
978775,Cliente_978775,3,CD_07,CD_12
104549,Cliente_104549,29,CD_03,CD_06
128353,Cliente_128353,19,CD_08,CD_07
467290,Cliente_467290,2,CD_13,CD_11
932048,Cliente_932048,17,CD_11,CD_06
907972,Cliente_907972,6,CD_03,CD_14
311975,Cliente_311975,15,CD_01,CD_20
297076,Cliente_297076,22,CD_14,CD_17
454425,Cliente_454425,6,CD_19,CD_09
24848,Cliente_24848,13,CD_03,CD_16
132109,Cliente_132109,2,CD_05,CD_16
822416,Cliente_822416,7,CD_01,CD_18
404186,Cliente_404186,18,CD_19,CD_04
262204,Cliente_262204,28,CD_07,CD_01
788170,Cliente_788170,18,CD_01,CD_02
219631,Cliente_219631,23,CD_12,CD_10
567322,Cliente_567322,3,CD_05,CD_06
898198,Cliente_898198,26,CD_13,CD_01
303544,Cliente_303544,8,CD_15,CD_11
691825,Cliente_691825,8,CD_14,CD_17
667780,Cliente_667780,8,CD_10,CD_19
787345,Cliente_787345,8,CD_19,CD_04
716495,Cliente_716495,18,CD_04,CD_15
586968,Cliente_586968,24,CD_03,CD_01
511966,Cliente_511966,17,CD_02,CD_04
916923,Cliente_916923,9,CD_10,CD_09
61799,Cliente_61799,8,CD_12,CD_06
859843,Cliente_859843,26,CD_19,CD_20
474578,Cliente_474578,14,CD_08,CD_17
545031,Cliente_545031,6,CD_20,CD_15
425848,Cliente_425848,25,CD_00,CD_20
509170,Cliente_509170,1,CD_01,CD_16
331367,Cliente_331367,13,CD_20,CD_05
150531,Cliente_150531,24,CD_20,CD_19
327004,Cliente_327004,14,CD_15,CD_02
361288,Cliente_361288,9,CD_03,CD_10
355016,Cliente_355016,14,CD_04,CD_06
772833,Cliente_772833,4,CD_20,CD_09
543883,Cliente_543883,25,CD_14,CD_05
540803,Cliente_540803,6,CD_05,CD_14
486971,Cliente_486971,6,CD_03,CD_06
229938,Cliente_229938,7,CD_02,CD_03
417886,Cliente_417886,17,CD_03,CD_15
323204,Cliente_323204,13,CD_19,CD_05
275946,Cliente_275946,23,CD_02,CD_01
861541,Cliente_861541,12,CD_06,CD_16
749196,Cliente_749196,28,CD_00,CD_07
517069,Cliente_517069,5,CD_18,CD_19
523293,Cliente_523293,30,CD_17,CD_09
536907,Cliente_536907,13,CD_16,CD_19
479534,Cliente_479534,30,CD_00,CD_09
681853,Cliente_681853,17,CD_18,CD_17
714941,Cliente_714941,13,CD_17,CD_10
741269,Cliente_741269,23,CD_04,CD_13
63315,Cliente_63315,16,CD_04,CD_20
340363,Cliente_340363,12,CD_05,CD_03
343113,Cliente_343113,19,CD_07,CD_00
590231,Cliente_590231,13,CD_15,CD_20
140238,Cliente_140238,27,CD_09,CD_19
394812,Cliente_394812,24,CD_04,CD_07
257072,Cliente_257072,4,CD_07,CD_10
291364,Cliente_291364,16,CD_04,CD_06
783368,Cliente_783368,6,CD_02,CD_11
186471,Cliente_186471,25,CD_08,CD_20
201016,Cliente_201016,25,CD_19,CD_08
522179,Cliente_522179,11,CD_02,CD_08
42158,Cliente_42158,16,CD_16,CD_04
637988,Cliente_637988,28,CD_06,CD_20
484961,Cliente_484961,17,CD_07,CD_00
596508,Cliente_596508,25,CD_04,CD_05
856528,Cliente_856528,13,CD_17,CD_00
204713,Cliente_204713,29,CD_06,CD_08
728840,Cliente_728840,23,CD_08,CD_02
370291,Cliente_370291,24,CD_19,CD_04
447580,Cliente_447580,29,CD_18,CD_08
456076,Cliente_456076,17,CD_20,CD_10
637228,Cliente_637228,24,CD_04,CD_13
795248,Cliente_795248,26,CD_11,CD_20
93216,Cliente_93216,28,CD_00,CD_14
844293,Cliente_844293,14,CD_13,CD_05
802796,Cliente_802796,27,CD_13,CD_18
369561,Cliente_369561,15,CD_04,CD_13
664972,Cliente_664972,9,CD_19,CD_07
684777,Cliente_684777,17,CD_08,CD_17
33606,Cliente_33606,23,CD_12,CD_16
843862,Cliente_843862,10,CD_17,CD_15
860076,Cliente_860076,3,CD_19,CD_06
491375,Cliente_491375,2,CD_12,CD_07
504857,Cliente_504857,23,CD_10,CD_15
829931,Cliente_829931,8,CD_14,CD_04
122993,Cliente_122993,1,CD_05,CD_07
981677,Cliente_981677,26,CD_01,CD_11
619171,Cliente_619171,9,CD_08,CD_20
190208,Cliente_190208,5,CD_01,CD_12
899560,Cliente_899560,20,CD_09,CD_13
284507,Cliente_284507,9,CD_06,CD_13
683267,Cliente_683267,16,CD_16,CD_15
270300,Cliente_270300,2,CD_11,CD_20
665472,Cliente_665472,24,CD_20,CD_05
661390,Cliente_661390,18,CD_05,CD_10
379766,Cliente_379766,16,CD_15,CD_01
306980,Cliente_306980,8,CD_12,CD_02
473799,Cliente_473799,6,CD_04,CD_09
728509,Cliente_728509,5,CD_05,CD_01
949213,Cliente_949213,24,CD_07,CD_14
462880,Cliente_462880,17,CD_17,CD_03
557932,Cliente_557932,19,CD_06,CD_14
232767,Cliente_232767,21,CD_09,CD_05
450037,Cliente_450037,28,CD_08,CD_18
587957,Cliente_587957,9,CD_15,CD_11
345662,Cliente_345662,7,CD_09,CD_14
881354,Cliente_881354,18,CD_19,CD_16
73500,Cliente_73500,17,CD_20,CD_19
874987,Cliente_874987,28,CD_08,CD_16
104107,Cliente_104107,19,CD_16,CD_08
105346,Cliente_105346,26,CD_08,CD_12
490097,Cliente_490097,15,CD_08,CD_13
560643,Cliente_560643,30,CD_02,CD_10
699586,Cliente_699586,15,CD_02,CD_16
434741,Cliente_434741,19,CD_15,CD_05
805186,Cliente_805186,20,CD_09,CD_10
942698,Cliente_942698,14,CD_18,CD_20
480051,Cliente_480051,25,CD_10,CD_00
673581,Cliente_673581,6,CD_06,CD_11
981288,Cliente_981288,16,CD_02,CD_00
4849,Cliente_4849,2,CD_01,CD_11
713580,Cliente_713580,22,CD_10,CD_04
540299,Cliente_540299,14,CD_12,CD_09
77672,Cliente_77672,13,CD_16,CD_20
602053,Cliente_602053,29,CD_02,CD_11
446365,Cliente_446365,8,CD_10,CD_08
619558,Cliente_619558,26,CD_09,CD_19
821286,Cliente_821286,24,CD_09,CD_03
815279,Cliente_815279,8,CD_16,CD_18
871609,Cliente_871609,24,CD_13,CD_07
575898,Cliente_575898,9,CD_20,CD_17
811172,Cliente_811172,5,CD_20,CD_13
714331,Cliente_714331,20,CD_01,CD_07
751185,Cliente_751185,24,CD_09,CD_00
460704,Cliente_460704,18,CD_16,CD_03
16516,Cliente_16516,21,CD_08,CD_03
259539,Cliente_259539,10,CD_05,CD_03
731993,Cliente_731993,29,CD_19,CD_00
772500,Cliente_772500,27,CD_16,CD_06
630281,Cliente_630281,16,CD_03,CD_00
238977,Cliente_238977,30,CD_12,CD_06
38051,Cliente_38051,26,CD_02,CD_03
953711,Cliente_953711,16,CD_18,CD_00
137900,Cliente_137900,27,CD_10,CD_08
996355,Cliente_996355,18,CD_16,CD_14
719480,Cliente_719480,4,CD_08,CD_11
543306,Cliente_543306,29,CD_15,CD_14
926948,Cliente_926948,23,CD_00,CD_09
356366,Cliente_356366,4,CD_17,CD_19
286905,Cliente_286905,1,CD_07,CD_06
154680,Cliente_154680,14,CD_13,CD_14
158862,Cliente_158862,15,CD_15,CD_00
703394,Cliente_703394,3,CD_10,CD_14
864783,Cliente_864783,9,CD_15,CD_10
428504,Cliente_428504,20,CD_18,CD_02
120185,Cliente_120185,22,CD_20,CD_16
126040,Cliente_126040,12,CD_05,CD_10
621658,Cliente_621658,25,CD_05,CD_07
508498,Cliente_508498,29,CD_06,CD_10
472661,Cliente_472661,27,CD_19,CD_11
218921,Cliente_218921,26,CD_18,CD_14
948316,Cliente_948316,27,CD_12,CD_01
713904,Cliente_713904,26,CD_11,CD_06
237138,Cliente_237138,9,CD_09,CD_10
879837,Cliente_879837,13,CD_10,CD_05
21215,Cliente_21215,6,CD_03,CD_20
869503,Cliente_869503,28,CD_03,CD_01
150988,Cliente_150988,3,CD_12,CD_17
438801,Cliente_438801,27,CD_05,CD_16
225154,Cliente_225154,20,CD_12,CD_11
744772,Cliente_744772,2,CD_19,CD_07
78465,Cliente_78465,17,CD_01,CD_07
728550,Cliente_728550,20,CD_06,CD_11
860613,Cliente_860613,12,CD_16,CD_00
68771,Cliente_68771,28,CD_16,CD_02
207024,Cliente_207024,13,CD_03,CD_09
230050,Cliente_230050,22,CD_08,CD_05
555949,Cliente_555949,25,CD_07,CD_08
962657,Cliente_962657,21,CD_01,CD_07
913951,Cliente_913951,14,CD_20,CD_15
143033,Cliente_143033,6,CD_18,CD_11
159782,Cliente_159782,17,CD_20,CD_03
453918,Cliente_453918,24,CD_20,CD_15
640152,Cliente_640152,14,CD_07,CD_10
62430,Cliente_62430,8,CD_14,CD_20
36745,Cliente_36745,6,CD_06,CD_10
306015,Cliente_306015,24,CD_12,CD_10
861381,Cliente_861381,3,CD_01,CD_18
296482,Cliente_296482,1,CD_01,CD_11
45907,Cliente_45907,25,CD_19,CD_09
30916,Cliente_30916,6,CD_15,CD_18
483380,Cliente_483380,28,CD_12,CD_01
710777,Cliente_710777,9,CD_05,CD_09
164681,Cliente_164681,27,CD_02,CD_03
712947,Cliente_712947,26,CD_19,CD_01
380037,Cliente_380037,6,CD_19,CD_04
92375,Cliente_92375,15,CD_10,CD_20
630785,Cliente_630785,20,CD_12,CD_20
984044,Cliente_984044,20,CD_12,CD_20
86150,Cliente_86150,5,CD_00,CD_05
116111,Cliente_116111,25,CD_11,CD_18
593808,Cliente_593808,21,CD_19,CD_11
618220,Cliente_618220,19,CD_01,CD_08
21967,Cliente_21967,2,CD_20,CD_06
129347,Cliente_129347,18,CD_18,CD_15
304417,Cliente_304417,21,CD_13,CD_06
730724,Cliente_730724,8,CD_18,CD_13
870937,Cliente_870937,2,CD_15,CD_19
72371,Cliente_72371,10,CD_12,CD_06
685627,Cliente_685627,27,CD_19,CD_20
151268,Cliente_151268,21,CD_02,CD_16
971452,Cliente_971452,3,CD_05,CD_18
580031,Cliente_580031,27,CD_09,CD_20
940870,Cliente_940870,26,CD_19,CD_14
73948,Cliente_73948,1,CD_17,CD_02
369841,Cliente_369841,20,CD_01,CD_03
351976,Cliente_351976,28,CD_17,CD_07
776651,Cliente_776651,1,CD_01,CD_13
172254,Cliente_172254,14,CD_18,CD_20
335441,Cliente_335441,1,CD_05,CD_12
333327,Cliente_333327,15,CD_06,CD_03
508787,Cliente_508787,28,CD_08,CD_18
306138,Cliente_306138,16,CD_08,CD_18
74899,Cliente_74899,27,CD_13,CD_19
39283,Cliente_39283,13,CD_15,CD_02
348742,Cliente_348742,8,CD_10,CD_05
760543,Cliente_760543,25,CD_09,CD_10
926737,Cliente_926737,16,CD_11,CD_13
3363,Cliente_3363,30,CD_06,CD_16
598656,Cliente_598656,20,CD_09,CD_16
309380,Cliente_309380,25,CD_07,CD_17
504318,Cliente_504318,26,CD_10,CD_18
336887,Cliente_336887,12,CD_16,CD_11
32644,Cliente_32644,24,CD_17,CD_08
5291,Cliente_5291,21,CD_12,CD_13
252464,Cliente_252464,2,CD_05,CD_17
740155,Cliente_740155,29,CD_18,CD_01
628327,Cliente_628327,11,CD_02,CD_03
840233,Cliente_840233,24,CD_19,CD_15
427349,Cliente_427349,5,CD_03,CD_10
800881,Cliente_800881,3,CD_03,CD_13
777484,Cliente_777484,21,CD_09,CD_11
187286,Cliente_187286,24,CD_01,CD_10
480478,Cliente_480478,10,CD_16,CD_05
319288,Cliente_319288,14,CD_07,CD_10
480761,Cliente_480761,6,CD_00,CD_02
321759,Cliente_321759,8,CD_19,CD_10
160718,Cliente_160718,14,CD_12,CD_09
112245,Cliente_112245,17,CD_14,CD_07
66767,Cliente_66767,24,CD_06,CD_17
748192,Cliente_748192,29,CD_02,CD_00
426529,Cliente_426529,16,CD_05,CD_12
343882,Cliente_343882,4,CD_14,CD_12
383247,Cliente_383247,17,CD_13,CD_02
452039,Cliente_452039,25,CD_18,CD_12
979978,Cliente_979978,6,CD_15,CD_19
930087,Cliente_930087,25,CD_10,CD_07
718136,Cliente_718136,16,CD_14,CD_11
236945,Cliente_236945,29,CD_08,CD_15
342930,Cliente_342930,19,CD_06,CD_19
964892,Cliente_964892,12,CD_16,CD_00
103968,Cliente_103968,29,CD_07,CD_05
277587,Cliente_277587,17,CD_03,CD_04
594110,Cliente_594110,4,CD_17,CD_04
525361,Cliente_525361,6,CD_08,CD_13
509335,Cliente_509335,13,CD_15,CD_12
961509,Cliente_961509,18,CD_18,CD_00
326381,Cliente_326381,6,CD_17,CD_04
335951,Cliente_335951,20,CD_20,CD_10
916366,Cliente_916366,7,CD_10,CD_09
185024,Cliente_185024,3,CD_14,CD_09
60639,Cliente_60639,8,CD_05,CD_19
765054,Cliente_765054,14,CD_15,CD_07
721429,Cliente_721429,4,CD_08,CD_11
655037,Cliente_655037,27,CD_15,CD_11
987511,Cliente_987511,2,CD_05,CD_06
550118,Cliente_550118,30,CD_19,CD_11
653789,Cliente_653789,13,CD_16,CD_10
167955,Cliente_167955,28,CD_16,CD_06
522419,Cliente_522419,14,CD_07,CD_06
773328,Cliente_773328,8,CD_10,CD_02
213558,Cliente_213558,1,CD_19,CD_07
535707,Cliente_535707,28,CD_03,CD_10
143541,Cliente_143541,15,CD_08,CD_06
938597,Cliente_938597,11,CD_10,CD_08
50257,Cliente_50257,29,CD_12,CD_18
830607,Cliente_830607,25,CD_17,CD_12
271292,Cliente_271292,4,CD_06,CD_16
60845,Cliente_60845,26,CD_11,CD_07
25149,Cliente_25149,22,CD_13,CD_14
975366,Cliente_975366,12,CD_11,CD_04
367979,Cliente_367979,21,CD_05,CD_10
778385,Cliente_778385,5,CD_09,CD_19
604141,Cliente_604141,10,CD_17,CD_16
444664,Cliente_444664,26,CD_20,CD_09
987008,Cliente_987008,4,CD_03,CD_05
657560,Cliente_657560,4,CD_19,CD_04
33520,Cliente_33520,23,CD_14,CD_01
846399,Cliente_846399,26,CD_06,CD_11
561308,Cliente_561308,28,CD_15,CD_13
154860,Cliente_154860,16,CD_16,CD_15
367030,Cliente_367030,14,CD_00,CD_18
988947,Cliente_988947,18,CD_00,CD_15
271361,Cliente_271361,12,CD_18,CD_13
168815,Cliente_168815,26,CD_02,CD_10
158972,Cliente_158972,27,CD_02,CD_20
642573,Cliente_642573,2,CD_07,CD_02
757902,Cliente_757902,2,CD_01,CD_14
435248,Cliente_435248,25,CD_08,CD_05
939020,Cliente_939020,28,CD_19,CD_20
636721,Cliente_636721,18,CD_16,CD_08
403148,Cliente_403148,30,CD_19,CD_12
728307,Cliente_728307,21,CD_13,CD_06
871502,Cliente_871502,25,CD_14,CD_17
344290,Cliente_344290,27,CD_07,CD_14
766587,Cliente_766587,13,CD_12,CD_07
757110,Cliente_757110,1,CD_10,CD_14
914728,Cliente_914728,20,CD_00,CD_15
396463,Cliente_396463,13,CD_11,CD_18
263699,Cliente_263699,28,CD_16,CD_10
840343,Cliente_840343,12,CD_17,CD_03
331618,Cliente_331618,3,CD_17,CD_13
720325,Cliente_720325,22,CD_01,CD_15
573289,Cliente_573289,21,CD_05,CD_07
712662,Cliente_712662,27,CD_03,CD_17
864781,Cliente_864781,22,CD_20,CD_08
617528,Cliente_617528,22,CD_08,CD_02
706375,Cliente_706375,20,CD_07,CD_06
517967,Cliente_517967,30,CD_10,CD_19
119731,Cliente_119731,2,CD_16,CD_02
704549,Cliente_704549,5,CD_02,CD_07
116109,Cliente_116109,18,CD_02,CD_05
924930,Cliente_924930,7,CD_08,CD_14
107573,Cliente_107573,28,CD_08,CD_17
174221,Cliente_174221,11,CD_01,CD_12
762451,Cliente_762451,23,CD_10,CD_17
803596,Cliente_803596,16,CD_10,CD_15
186430,Cliente_186430,10,CD_08,CD_16
327261,Cliente_327261,2,CD_07,CD_18
694214,Cliente_694214,17,CD_03,CD_17
310357,Cliente_310357,25,CD_03,CD_13
745863,Cliente_745863,28,CD_17,CD_15
445360,Cliente_445360,17,CD_13,CD_19
340839,Cliente_340839,14,CD_09,CD_01
857216,Cliente_857216,19,CD_14,CD_13
746808,Cliente_746808,23,CD_10,CD_18
650893,Cliente_650893,28,CD_10,CD_13
427945,Cliente_427945,27,CD_01,CD_08
226809,Cliente_226809,18,CD_07,CD_02
476445,Cliente_476445,3,CD_02,CD_20
6840,Cliente_6840,30,CD_06,CD_04
221990,Cliente_221990,28,CD_16,CD_15
78605,Cliente_78605,16,CD_08,CD_10
72461,Cliente_72461,4,CD_14,CD_03
890833,Cliente_890833,10,CD_11,CD_07
536647,Cliente_536647,12,CD_15,CD_17
983340,Cliente_983340,22,CD_10,CD_16
997925,Cliente_997925,23,CD_01,CD_18
746829,Cliente_746829,18,CD_12,CD_18
995900,Cliente_995900,14,CD_17,CD_12
558412,Cliente_558412,22,CD_12,CD_16
354070,Cliente_354070,12,CD_01,CD_17
797026,Cliente_797026,5,CD_16,CD_00
17647,Cliente_17647,9,CD_06,CD_03
774032,Cliente_774032,26,CD_15,CD_18
4976,Cliente_4976,2,CD_16,CD_08
771766,Cliente_771766,22,CD_14,CD_08
706755,Cliente_706755,21,CD_08,CD_00
410712,Cliente_410712,28,CD_16,CD_19
544277,Cliente_544277,18,CD_00,CD_01
798173,Cliente_798173,28,CD_01,CD_07
640926,Cliente_640926,23,CD_19,CD_12
662889,Cliente_662889,8,CD_00,CD_07
999886,Cliente_999886,7,CD_13,CD_18
561761,Cliente_561761,5,CD_02,CD_05
499550,Cliente_499550,18,CD_12,CD_18
646819,Cliente_646819,2,CD_13,CD_11
75342,Cliente_75342,27,CD_00,CD_13
504243,Cliente_504243,13,CD_13,CD_07
296634,Cliente_296634,2,CD_11,CD_17
87636,Cliente_87636,5,CD_16,CD_02
114328,Cliente_114328,27,CD_20,CD_15
325310,Cliente_325310,23,CD_20,CD_01
210870,Cliente_210870,23,CD_09,CD_01
830822,Cliente_830822,26,CD_07,CD_16
28799,Cliente_28799,24,CD_06,CD_03
437818,Cliente_437818,8,CD_19,CD_02
914165,Cliente_914165,7,CD_13,CD_18
330084,Cliente_330084,6,CD_20,CD_09
493704,Cliente_493704,18,CD_19,CD_12
959907,Cliente_959907,5,CD_17,CD_06
442348,Cliente_442348,11,CD_00,CD_06
596778,Cliente_596778,6,CD_17,CD_01
949323,Cliente_949323,6,CD_02,CD_11
53102,Cliente_53102,14,CD_00,CD_13
385547,Cliente_385547,17,CD_07,CD_01
324736,Cliente_324736,27,CD_16,CD_08
529529,Cliente_529529,20,CD_19,CD_13
346746,Cliente_346746,20,CD_17,CD_08
428748,Cliente_428748,23,CD_16,CD_15
519298,Cliente_519298,21,CD_05,CD_09
530214,Cliente_530214,18,CD_04,CD_20
551109,Cliente_551109,16,CD_03,CD_08
306708,Cliente_306708,5,CD_01,CD_19
490942,Cliente_490942,27,CD_02,CD_00
750795,Cliente_750795,18,CD_03,CD_00
960814,Cliente_960814,5,CD_08,CD_01
807275,Cliente_807275,10,CD_15,CD_03
879139,Cliente_879139,14,CD_18,CD_05
627261,Cliente_627261,27,CD_20,CD_19
393523,Cliente_393523,8,CD_01,CD_19
990710,Cliente_990710,7,CD_03,CD_08
128447,Cliente_128447,29,CD_02,CD_19
962400,Cliente_962400,22,CD_18,CD_14
225337,Cliente_225337,5,CD_11,CD_09
511076,Cliente_511076,3,CD_04,CD_11
549173,Cliente_549173,23,CD_02,CD_05
889958,Cliente_889958,10,CD_02,CD_20
410452,Cliente_410452,21,CD_15,CD_03
488032,Cliente_488032,28,CD_08,CD_01
255286,Cliente_255286,13,CD_09,CD_03
665642,Cliente_665642,17,CD_19,CD_16
490622,Cliente_490622,18,CD_15,CD_02
160832,Cliente_160832,26,CD_06,CD_09
535184,Cliente_535184,5,CD_18,CD_07
991936,Cliente_991936,1,CD_05,CD_13
304404,Cliente_304404,6,CD_06,CD_15
571816,Cliente_571816,14,CD_00,CD_07
883057,Cliente_883057,26,CD_05,CD_08
531547,Cliente_531547,28,CD_15,CD_07
880594,Cliente_880594,22,CD_13,CD_15
382685,Cliente_382685,9,CD_12,CD_20
29476,Cliente_29476,15,CD_00,CD_10
45842,Cliente_45842,13,CD_02,CD_15
359957,Cliente_359957,24,CD_06,CD_02
93122,Cliente_93122,8,CD_06,CD_08
727894,Cliente_727894,25,CD_04,CD_03
802520,Cliente_802520,23,CD_03,CD_15
910490,Cliente_910490,3,CD_20,CD_00
633246,Cliente_633246,26,CD_04,CD_10
305812,Cliente_305812,4,CD_10,CD_06
817153,Cliente_817153,17,CD_05,CD_10
101884,Cliente_101884,15,CD_14,CD_09
206035,Cliente_206035,13,CD_04,CD_07
867914,Cliente_867914,7,CD_11,CD_15
277543,Cliente_277543,11,CD_12,CD_20
629196,Cliente_629196,8,CD_18,CD_00
451386,Cliente_451386,28,CD_08,CD_14
799499,Cliente_799499,2,CD_11,CD_01
275618,Cliente_275618,26,CD_06,CD_00
439810,Cliente_439810,15,CD_00,CD_03
304841,Cliente_304841,23,CD_06,CD_12
366157,Cliente_366157,23,CD_09,CD_00
440210,Cliente_440210,18,CD_04,CD_02
962788,Cliente_962788,2,CD_15,CD_10
554007,Cliente_554007,27,CD_07,CD_16
751767,Cliente_751767,22,CD_07,CD_11
274955,Cliente_274955,13,CD_14,CD_10
613029,Cliente_613029,25,CD_14,CD_13
218286,Cliente_218286,23,CD_06,CD_05
542647,Cliente_542647,19,CD_15,CD_10
391886,Cliente_391886,25,CD_10,CD_08
145440,Cliente_145440,29,CD_06,CD_11
525496,Cliente_525496,22,CD_08,CD_01
173478,Cliente_173478,27,CD_01,CD_15
175866,Cliente_175866,11,CD_03,CD_02
581167,Cliente_581167,12,CD_17,CD_12
158950,Cliente_158950,13,CD_08,CD_03
594453,Cliente_594453,21,CD_03,CD_08
189441,Cliente_189441,30,CD_20,CD_03
43761,Cliente_43761,5,CD_07,CD_20
19583,Cliente_19583,17,CD_14,CD_12
82107,Cliente_82107,7,CD_04,CD_08
377953,Cliente_377953,6,CD_05,CD_16
895663,Cliente_895663,10,CD_11,CD_20
10885,Cliente_10885,9,CD_01,CD_04
963983,Cliente_963983,5,CD_04,CD_09
717827,Cliente_717827,4,CD_14,CD_19
652177,Cliente_652177,13,CD_02,CD_18
322932,Cliente_322932,7,CD_11,CD_15
586666,Cliente_586666,17,CD_01,CD_18
662400,Cliente_662400,15,CD_10,CD_16
322503,Cliente_322503,24,CD_02,CD_20
964451,Cliente_964451,9,CD_15,CD_13
954241,Cliente_954241,2,CD_01,CD_13
365992,Cliente_365992,19,CD_01,CD_07
341161,Cliente_341161,8,CD_05,CD_20
781105,Cliente_781105,15,CD_10,CD_09
645501,Cliente_645501,7,CD_02,CD_10
779628,Cliente_779628,21,CD_08,CD_03
745840,Cliente_745840,2,CD_13,CD_01
340318,Cliente_340318,11,CD_20,CD_04
173542,Cliente_173542,11,CD_12,CD_05
160540,Cliente_160540,12,CD_01,CD_16
974324,Cliente_974324,6,CD_13,CD_11
988109,Cliente_988109,2,CD_16,CD_00
279780,Cliente_279780,20,CD_05,CD_17
476137,Cliente_476137,10,CD_16,CD_06
324953,Cliente_324953,28,CD_11,CD_20
292801,Cliente_292801,6,CD_19,CD_15
358408,Cliente_358408,26,CD_10,CD_18
59406,Cliente_59406,21,CD_20,CD_05
267538,Cliente_267538,16,CD_01,CD_18
978070,Cliente_978070,30,CD_08,CD_17
942511,Cliente_942511,16,CD_12,CD_06
782059,Cliente_782059,16,CD_17,CD_04
144286,Cliente_144286,12,CD_12,CD_11
652811,Cliente_652811,24,CD_03,CD_16
61356,Cliente_61356,3,CD_12,CD_13
434655,Cliente_434655,26,CD_10,CD_20
100845,Cliente_100845,25,CD_02,CD_12
98935,Cliente_98935,27,CD_04,CD_19
296831,Cliente_296831,9,CD_20,CD_16
946832,Cliente_946832,23,CD_13,CD_11
135243,Cliente_135243,11,CD_01,CD_00
517968,Cliente_517968,23,CD_14,CD_01
677701,Cliente_677701,28,CD_06,CD_08
214662,Cliente_214662,25,CD_04,CD_16
419945,Cliente_419945,3,CD_07,CD_14
796460,Cliente_796460,28,CD_10,CD_11
731454,Cliente_731454,5,CD_10,CD_03
1702,Cliente_1702,1,CD_16,CD_14
779540,Cliente_779540,20,CD_14,CD_15
397315,Cliente_397315,14,CD_18,CD_00
820999,Cliente_820999,29,CD_02,CD_15
170488,Cliente_170488,22,CD_13,CD_18
736571,Cliente_736571,23,CD_09,CD_01
505514,Cliente_505514,11,CD_04,CD_07
3167,Cliente_3167,23,CD_02,CD_16
926306,Cliente_926306,18,CD_16,CD_06
219564,Cliente_219564,20,CD_19,CD_03
483608,Cliente_483608,11,CD_18,CD_00
745765,Cliente_745765,21,CD_12,CD_14
159504,Cliente_159504,12,CD_12,CD_06
195768,Cliente_195768,26,CD_18,CD_09
637186,Cliente_637186,14,CD_02,CD_04
907696,Cliente_907696,23,CD_07,CD_04
42748,Cliente_42748,12,CD_17,CD_19
398424,Cliente_398424,15,CD_03,CD_07
375184,Cliente_375184,20,CD_16,CD_14
699020,Cliente_699020,20,CD_07,CD_16
789425,Cliente_789425,19,CD_13,CD_04
729128,Cliente_729128,19,CD_09,CD_06
835766,Cliente_835766,3,CD_15,CD_07
267018,Cliente_267018,3,CD_18,CD_10
301398,Cliente_301398,27,CD_08,CD_20
198293,Cliente_198293,11,CD_05,CD_18
223658,Cliente_223658,23,CD_13,CD_14
974057,Cliente_974057,29,CD_13,CD_19
931695,Cliente_931695,25,CD_10,CD_01
871979,Cliente_871979,16,CD_01,CD_08
286656,Cliente_286656,19,CD_05,CD_10
500739,Cliente_500739,19,CD_02,CD_14
439071,Cliente_439071,1,CD_07,CD_10
453912,Cliente_453912,20,CD_20,CD_09
839283,Cliente_839283,18,CD_17,CD_15
856559,Cliente_856559,19,CD_07,CD_03
846758,Cliente_846758,1,CD_13,CD_19
410438,Cliente_410438,8,CD_03,CD_02
23829,Cliente_23829,13,CD_15,CD_03
785162,Cliente_785162,3,CD_16,CD_04
863745,Cliente_863745,23,CD_18,CD_00
495816,Cliente_495816,4,CD_13,CD_06
798422,Cliente_798422,4,CD_08,CD_05
197275,Cliente_197275,3,CD_05,CD_18
408627,Cliente_408627,29,CD_08,CD_15
338100,Cliente_338100,6,CD_16,CD_15
555686,Cliente_555686,22,CD_01,CD_11
207570,Cliente_207570,12,CD_16,CD_05
403763,Cliente_403763,24,CD_17,CD_14
626442,Cliente_626442,28,CD_06,CD_09
922637,Cliente_922637,14,CD_06,CD_03
239295,Cliente_239295,8,CD_02,CD_03
511131,Cliente_511131,17,CD_11,CD_18
27818,Cliente_27818,26,CD_02,CD_16
72116,Cliente_72116,3,CD_05,CD_00
152275,Cliente_152275,14,CD_09,CD_13
588898,Cliente_588898,26,CD_05,CD_20
250389,Cliente_250389,11,CD_13,CD_16
128611,Cliente_128611,18,CD_00,CD_09
362461,Cliente_362461,5,CD_03,CD_04
814690,Cliente_814690,20,CD_01,CD_20
87467,Cliente_87467,7,CD_07,CD_14
240578,Cliente_240578,3,CD_11,CD_10
465552,Cliente_465552,14,CD_14,CD_03
532819,Cliente_532819,22,CD_17,CD_14
455470,Cliente_455470,2,CD_17,CD_07
910106,Cliente_910106,1,CD_01,CD_06
951227,Cliente_951227,9,CD_19,CD_10
270029,Cliente_270029,4,CD_01,CD_00
767997,Cliente_767997,5,CD_05,CD_01
459924,Cliente_459924,26,CD_11,CD_20
105742,Cliente_105742,3,CD_16,CD_05
300617,Cliente_300617,24,CD_08,CD_20
179225,Cliente_179225,30,CD_17,CD_12
421368,Cliente_421368,5,CD_19,CD_17
809883,Cliente_809883,23,CD_18,CD_16
627167,Cliente_627167,13,CD_12,CD_00
614149,Cliente_614149,11,CD_16,CD_03
897065,Cliente_897065,17,CD_06,CD_14
788870,Cliente_788870,4,CD_08,CD_00
85452,Cliente_85452,5,CD_10,CD_07
415193,Cliente_415193,10,CD_04,CD_13
965828,Cliente_965828,17,CD_07,CD_19
123398,Cliente_123398,16,CD_11,CD_19
582484,Cliente_582484,17,CD_18,CD_05
169953,Cliente_169953,17,CD_09,CD_15
947993,Cliente_947993,27,CD_02,CD_18
60404,Cliente_60404,13,CD_04,CD_17
201783,Cliente_201783,24,CD_10,CD_12
274574,Cliente_274574,5,CD_03,CD_14
258769,Cliente_258769,11,CD_14,CD_04
890409,Cliente_890409,25,CD_12,CD_08
645580,Cliente_645580,27,CD_00,CD_19
31267,Cliente_31267,12,CD_12,CD_01
615245,Cliente_615245,30,CD_18,CD_00
543613,Cliente_543613,12,CD_09,CD_15
388735,Cliente_388735,4,CD_10,CD_02
812760,Cliente_812760,30,CD_19,CD_02
740810,Cliente_740810,1,CD_19,CD_08
205110,Cliente_205110,21,CD_11,CD_06
453916,Cliente_453916,23,CD_08,CD_14
622014,Cliente_622014,30,CD_11,CD_12
728740,Cliente_728740,30,CD_06,CD_05
208568,Cliente_208568,25,CD_02,CD_07
193297,Cliente_193297,17,CD_10,CD_07
158413,Cliente_158413,19,CD_05,CD_04
186327,Cliente_186327,16,CD_07,CD_09
582792,Cliente_582792,9,CD_07,CD_10
229929,Cliente_229929,25,CD_07,CD_12
563735,Cliente_563735,1,CD_01,CD_16
709951,Cliente_709951,17,CD_12,CD_19
79753,Cliente_79753,9,CD_12,CD_19
995154,Cliente_995154,28,CD_11,CD_08
374673,Cliente_374673,24,CD_12,CD_11
831451,Cliente_831451,23,CD_08,CD_03
97217,Cliente_97217,16,CD_12,CD_03
470551,Cliente_470551,15,CD_16,CD_14
570064,Cliente_570064,28,CD_16,CD_08
11397,Cliente_11397,10,CD_17,CD_13
479765,Cliente_479765,27,CD_00,CD_08
309169,Cliente_309169,9,CD_11,CD_19
634965,Cliente_634965,16,CD_05,CD_17
824839,Cliente_824839,10,CD_01,CD_11
611216,Cliente_611216,2,CD_12,CD_04
91416,Cliente_91416,30,CD_14,CD_15
831325,Cliente_831325,25,CD_19,CD_17
935824,Cliente_935824,11,CD_15,CD_05
453644,Cliente_453644,19,CD_00,CD_11
176691,Cliente_176691,24,CD_07,CD_08
1383,Cliente_1383,22,CD_19,CD_15
273570,Cliente_273570,3,CD_11,CD_18
309747,Cliente_309747,9,CD_17,CD_05
536086,Cliente_536086,30,CD_07,CD_03
247470,Cliente_247470,7,CD_17,CD_19
39009,Cliente_39009,26,CD_13,CD_10
844752,Cliente_844752,24,CD_07,CD_03
354034,Cliente_354034,5,CD_16,CD_15
718028,Cliente_718028,28,CD_00,CD_18
260303,Cliente_260303,5,CD_12,CD_06
40342,Cliente_40342,8,CD_02,CD_07
524020,Cliente_524020,26,CD_17,CD_09
750029,Cliente_750029,27,CD_10,CD_12
440564,Cliente_440564,24,CD_17,CD_05
12144,Cliente_12144,9,CD_07,CD_05
363087,Cliente_363087,9,CD_11,CD_00
665812,Cliente_665812,1,CD_11,CD_16
29451,Cliente_29451,21,CD_08,CD_15
126014,Cliente_126014,15,CD_12,CD_09
48320,Cliente_48320,6,CD_13,CD_00
117862,Cliente_117862,16,CD_20,CD_03
313622,Cliente_313622,24,CD_03,CD_00
547959,Cliente_547959,17,CD_17,CD_12
105416,Cliente_105416,26,CD_13,CD_03
382348,Cliente_382348,3,CD_05,CD_01
308259,Cliente_308259,8,CD_06,CD_16
875829,Cliente_875829,7,CD_09,CD_02
571015,Cliente_571015,8,CD_06,CD_01
306991,Cliente_306991,24,CD_08,CD_10
885284,Cliente_885284,24,CD_19,CD_03
753135,Cliente_753135,22,CD_13,CD_09
23038,Cliente_23038,30,CD_12,CD_05
779735,Cliente_779735,18,CD_12,CD_01
883370,Cliente_883370,29,CD_08,CD_04
588991,Cliente_588991,10,CD_15,CD_04
790094,Cliente_790094,7,CD_10,CD_20
788717,Cliente_788717,3,CD_18,CD_10
347364,Cliente_347364,7,CD_10,CD_09
477596,Cliente_477596,26,CD_12,CD_03
225974,Cliente_225974,30,CD_13,CD_00
569721,Cliente_569721,8,CD_16,CD_05
55075,Cliente_55075,12,CD_02,CD_06
536352,Cliente_536352,7,CD_04,CD_15
911192,Cliente_911192,25,CD_04,CD_03
528355,Cliente_528355,2,CD_01,CD_08
948952,Cliente_948952,12,CD_20,CD_19
654467,Cliente_654467,9,CD_08,CD_04
500596,Cliente_500596,3,CD_08,CD_14
266164,Cliente_266164,10,CD_17,CD_19
797587,Cliente_797587,10,CD_15,CD_04
514574,Cliente_514574,11,CD_01,CD_18
211487,Cliente_211487,15,CD_18,CD_04
713185,Cliente_713185,17,CD_00,CD_03
682456,Cliente_682456,8,CD_01,CD_18
395101,Cliente_395101,19,CD_16,CD_11
534086,Cliente_534086,1,CD_09,CD_04
852340,Cliente_852340,24,CD_02,CD_17
711352,Cliente_711352,11,CD_14,CD_09
893026,Cliente_893026,9,CD_01,CD_19
453288,Cliente_453288,7,CD_18,CD_20
864688,Cliente_864688,24,CD_15,CD_20
860602,Cliente_860602,27,CD_18,CD_03
619400,Cliente_619400,22,CD_11,CD_10
550372,Cliente_550372,3,CD_01,CD_10
327649,Cliente_327649,19,CD_13,CD_11
134730,Cliente_134730,12,CD_03,CD_08
724747,Cliente_724747,4,CD_00,CD_06
54675,Cliente_54675,23,CD_15,CD_20
68053,Cliente_68053,2,CD_05,CD_19
947498,Cliente_947498,11,CD_00,CD_14
40657,Cliente_40657,23,CD_14,CD_11
363670,Cliente_363670,6,CD_12,CD_09
513872,Cliente_513872,7,CD_05,CD_10
64003,Cliente_64003,26,CD_02,CD_07
296876,Cliente_296876,6,CD_16,CD_17
412421,Cliente_412421,2,CD_19,CD_11
146712,Cliente_146712,12,CD_20,CD_03
563957,Cliente_563957,5,CD_02,CD_05
914765,Cliente_914765,11,CD_16,CD_14
198966,Cliente_198966,12,CD_15,CD_09
907002,Cliente_907002,18,CD_19,CD_15
260444,Cliente_260444,20,CD_02,CD_08
428008,Cliente_428008,1,CD_04,CD_00
296566,Cliente_296566,12,CD_16,CD_19
344699,Cliente_344699,14,CD_10,CD_09
187019,Cliente_187019,14,CD_05,CD_13
147503,Cliente_147503,10,CD_04,CD_00
612958,Cliente_612958,29,CD_15,CD_14
599772,Cliente_599772,2,CD_08,CD_02
742700,Cliente_742700,21,CD_19,CD_20
460339,Cliente_460339,7,CD_03,CD_15
72939,Cliente_72939,25,CD_08,CD_04
265536,Cliente_265536,7,CD_01,CD_08
346123,Cliente_346123,20,CD_15,CD_16
169960,Cliente_169960,7,CD_09,CD_04
497654,Cliente_497654,10,CD_09,CD_19
872426,Cliente_872426,11,CD_03,CD_07
179344,Cliente_179344,27,CD_16,CD_13
729376,Cliente_729376,22,CD_05,CD_06
134777,Cliente_134777,9,CD_10,CD_08
470012,Cliente_470012,24,CD_02,CD_14
325128,Cliente_325128,26,CD_17,CD_03
699469,Cliente_699469,28,CD_13,CD_16
933199,Cliente_933199,14,CD_04,CD_13
456825,Cliente_456825,1,CD_18,CD_11
91867,Cliente_91867,3,CD_08,CD_16
53570,Cliente_53570,5,CD_19,CD_14
919219,Cliente_919219,29,CD_04,CD_16
972803,Cliente_972803,7,CD_06,CD_20
328614,Cliente_328614,30,CD_18,CD_04
121109,Cliente_121109,28,CD_17,CD_04
666403,Cliente_666403,23,CD_20,CD_14
542824,Cliente_542824,1,CD_20,CD_02
114937,Cliente_114937,8,CD_17,CD_03
882102,Cliente_882102,26,CD_18,CD_09
705985,Cliente_705985,30,CD_20,CD_06
349705,Cliente_349705,23,CD_18,CD_11
172996,Cliente_172996,22,CD_10,CD_09
293371,Cliente_293371,14,CD_00,CD_17
505791,Cliente_505791,27,CD_08,CD_03
489209,Cliente_489209,7,CD_02,CD_03
848159,Cliente_848159,4,CD_19,CD_08
289859,Cliente_289859,9,CD_08,CD_11
843525,Cliente_843525,16,CD_07,CD_09
485865,Cliente_485865,6,CD_06,CD_07
660483,Cliente_660483,9,CD_16,CD_13
266447,Cliente_266447,10,CD_12,CD_05
458269,Cliente_458269,15,CD_06,CD_04
937769,Cliente_937769,9,CD_17,CD_19
763273,Cliente_763273,27,CD_05,CD_08
608063,Cliente_608063,29,CD_05,CD_02
156078,Cliente_156078,12,CD_05,CD_01
480106,Cliente_480106,3,CD_09,CD_12
538792,Cliente_538792,25,CD_19,CD_15
866196,Cliente_866196,19,CD_00,CD_02
169602,Cliente_169602,13,CD_02,CD_13
846268,Cliente_846268,23,CD_18,CD_12
131962,Cliente_131962,5,CD_01,CD_00
803503,Cliente_803503,4,CD_00,CD_02
33792,Cliente_33792,8,CD_07,CD_13
127759,Cliente_127759,26,CD_03,CD_06
626486,Cliente_626486,10,CD_17,CD_14
443792,Cliente_443792,26,CD_10,CD_17
608177,Cliente_608177,19,CD_07,CD_06
655925,Cliente_655925,17,CD_19,CD_12
209846,Cliente_209846,8,CD_18,CD_14
861975,Cliente_861975,2,CD_11,CD_02
569725,Cliente_569725,5,CD_17,CD_03
178078,Cliente_178078,29,CD_13,CD_17
773425,Cliente_773425,26,CD_18,CD_19
920133,Cliente_920133,16,CD_05,CD_15
896473,Cliente_896473,27,CD_17,CD_03
501915,Cliente_501915,4,CD_14,CD_09
784069,Cliente_784069,18,CD_20,CD_05
20776,Cliente_20776,14,CD_12,CD_16
2375,Cliente_2375,22,CD_07,CD_11
773694,Cliente_773694,11,CD_03,CD_19
54928,Cliente_54928,25,CD_19,CD_18
280395,Cliente_280395,19,CD_06,CD_05
672538,Cliente_672538,11,CD_10,CD_16
33895,Cliente_33895,6,CD_12,CD_07
327082,Cliente_327082,9,CD_01,CD_04
789075,Cliente_789075,8,CD_02,CD_17
741776,Cliente_741776,9,CD_16,CD_00
822843,Cliente_822843,9,CD_13,CD_00
592164,Cliente_592164,6,CD_00,CD_08
354038,Cliente_354038,6,CD_19,CD_13
65800,Cliente_65800,22,CD_11,CD_06
712002,Cliente_712002,7,CD_08,CD_01
670570,Cliente_670570,9,CD_05,CD_09
920394,Cliente_920394,7,CD_18,CD_07
887680,Cliente_887680,27,CD_14,CD_09
757538,Cliente_757538,2,CD_06,CD_13
556171,Cliente_556171,12,CD_03,CD_14
713671,Cliente_713671,29,CD_19,CD_00
821143,Cliente_821143,13,CD_19,CD_12
457953,Cliente_457953,25,CD_06,CD_03
435639,Cliente_435639,29,CD_07,CD_19
166658,Cliente_166658,23,CD_20,CD_18
753034,Cliente_753034,27,CD_20,CD_04
734117,Cliente_734117,8,CD_01,CD_10
90939,Cliente_90939,30,CD_06,CD_16
195377,Cliente_195377,1,CD_16,CD_20
936314,Cliente_936314,9,CD_20,CD_02
386358,Cliente_386358,9,CD_10,CD_13
73257,Cliente_73257,28,CD_17,CD_00
322470,Cliente_322470,4,CD_00,CD_16
385622,Cliente_385622,28,CD_10,CD_17
970855,Cliente_970855,7,CD_01,CD_11
154145,Cliente_154145,22,CD_13,CD_01
535175,Cliente_535175,29,CD_14,CD_02
493014,Cliente_493014,9,CD_02,CD_01
181848,Cliente_181848,8,CD_09,CD_04
374588,Cliente_374588,30,CD_13,CD_07
251966,Cliente_251966,11,CD_16,CD_15
674874,Cliente_674874,5,CD_10,CD_11
552202,Cliente_552202,9,CD_18,CD_07
845211,Cliente_845211,14,CD_04,CD_09
177261,Cliente_177261,22,CD_00,CD_16
598630,Cliente_598630,26,CD_14,CD_09
45012,Cliente_45012,23,CD_18,CD_04
209534,Cliente_209534,6,CD_15,CD_10
547877,Cliente_547877,11,CD_06,CD_08
178396,Cliente_178396,25,CD_08,CD_05
795969,Cliente_795969,23,CD_06,CD_01
602199,Cliente_602199,28,CD_08,CD_04
583233,Cliente_583233,17,CD_04,CD_06
218845,Cliente_218845,20,CD_00,CD_10
609595,Cliente_609595,14,CD_08,CD_16
350329,Cliente_350329,28,CD_05,CD_19
408893,Cliente_408893,1,CD_04,CD_09
358925,Cliente_358925,2,CD_02,CD_14
354830,Cliente_354830,18,CD_01,CD_04
92183,Cliente_92183,16,CD_04,CD_09
370417,Cliente_370417,6,CD_12,CD_14
132909,Cliente_132909,19,CD_20,CD_12
392994,Cliente_392994,5,CD_15,CD_16
370271,Cliente_370271,23,CD_17,CD_12
928324,Cliente_928324,2,CD_11,CD_09
472926,Cliente_472926,23,CD_19,CD_09
452624,Cliente_452624,15,CD_18,CD_02
334048,Cliente_334048,21,CD_02,CD_08
259051,Cliente_259051,1,CD_20,CD_00
629689,Cliente_629689,30,CD_01,CD_14
78955,Cliente_78955,20,CD_19,CD_12
460881,Cliente_460881,12,CD_06,CD_05
616600,Cliente_616600,2,CD_14,CD_06
447968,Cliente_447968,29,CD_00,CD_12
897132,Cliente_897132,30,CD_03,CD_14
308275,Cliente_308275,17,CD_19,CD_02
911443,Cliente_911443,27,CD_01,CD_12
485541,Cliente_485541,5,CD_04,CD_03
989856,Cliente_989856,16,CD_09,CD_06
868633,Cliente_868633,26,CD_02,CD_17
294862,Cliente_294862,24,CD_12,CD_05
540030,Cliente_540030,29,CD_08,CD_03
493420,Cliente_493420,27,CD_04,CD_06
878730,Cliente_878730,7,CD_13,CD_04
834243,Cliente_834243,14,CD_09,CD_17
329189,Cliente_329189,2,CD_11,CD_20
150058,Cliente_150058,28,CD_17,CD_09
539476,Cliente_539476,24,CD_04,CD_18
523222,Cliente_523222,11,CD_06,CD_11
52132,Cliente_52132,1,CD_00,CD_14
447686,Cliente_447686,4,CD_15,CD_17
131372,Cliente_131372,14,CD_04,CD_09
730676,Cliente_730676,21,CD_17,CD_05
926343,Cliente_926343,11,CD_11,CD_12
980866,Cliente_980866,17,CD_16,CD_17
639876,Cliente_639876,16,CD_11,CD_04
290973,Cliente_290973,3,CD_02,CD_19
797642,Cliente_797642,23,CD_17,CD_14
112031,Cliente_112031,20,CD_17,CD_19
244281,Cliente_244281,16,CD_04,CD_20
800514,Cliente_800514,13,CD_01,CD_05
641623,Cliente_641623,1,CD_18,CD_15
261347,Cliente_261347,6,CD_13,CD_18
811613,Cliente_811613,26,CD_13,CD_05
480764,Cliente_480764,3,CD_15,CD_16
870824,Cliente_870824,7,CD_02,CD_03
342061,Cliente_342061,1,CD_17,CD_15
264123,Cliente_264123,6,CD_13,CD_01
262167,Cliente_262167,1,CD_14,CD_19
898786,Cliente_898786,5,CD_16,CD_00
56516,Cliente_56516,19,CD_04,CD_08
227893,Cliente_227893,9,CD_13,CD_01
447464,Cliente_447464,5,CD_14,CD_20
91476,Cliente_91476,7,CD_05,CD_17
645472,Cliente_645472,6,CD_00,CD_03
76842,Cliente_76842,27,CD_01,CD_09
903156,Cliente_903156,8,CD_07,CD_09
957163,Cliente_957163,10,CD_19,CD_08
866709,Cliente_866709,5,CD_01,CD_11
925335,Cliente_925335,23,CD_03,CD_06
164321,Cliente_164321,30,CD_02,CD_06
40567,Cliente_40567,18,CD_00,CD_14
164444,Cliente_164444,26,CD_07,CD_01
805209,Cliente_805209,30,CD_10,CD_02
348458,Cliente_348458,5,CD_06,CD_18
530860,Cliente_530860,12,CD_17,CD_00
935794,Cliente_935794,29,CD_08,CD_16
785472,Cliente_785472,5,CD_04,CD_08
184819,Cliente_184819,6,CD_04,CD_09
18366,Cliente_18366,28,CD_08,CD_13
191502,Cliente_191502,9,CD_11,CD_08
880847,Cliente_880847,18,CD_20,CD_16
257224,Cliente_257224,17,CD_20,CD_15
675746,Cliente_675746,18,CD_06,CD_04
69382,Cliente_69382,21,CD_09,CD_06
202787,Cliente_202787,15,CD_09,CD_06
817999,Cliente_817999,15,CD_06,CD_20
352965,Cliente_352965,30,CD_09,CD_05
792205,Cliente_792205,12,CD_01,CD_13
283001,Cliente_283001,9,CD_14,CD_03
732755,Cliente_732755,3,CD_16,CD_17
496122,Cliente_496122,1,CD_15,CD_19
741812,Cliente_741812,13,CD_01,CD_19
307579,Cliente_307579,15,CD_08,CD_07
51706,Cliente_51706,11,CD_01,CD_10
677730,Cliente_677730,17,CD_14,CD_08
336730,Cliente_336730,23,CD_10,CD_13
558611,Cliente_558611,9,CD_08,CD_10
830265,Cliente_830265,14,CD_03,CD_06
52357,Cliente_52357,15,CD_03,CD_07
293935,Cliente_293935,6,CD_02,CD_14
839617,Cliente_839617,15,CD_12,CD_15
394183,Cliente_394183,17,CD_05,CD_13
206819,Cliente_206819,6,CD_02,CD_19
297469,Cliente_297469,15,CD_17,CD_16
588951,Cliente_588951,9,CD_03,CD_17
61438,Cliente_61438,11,CD_02,CD_18
398684,Cliente_398684,7,CD_18,CD_19
885419,Cliente_885419,24,CD_00,CD_10
686340,Cliente_686340,30,CD_11,CD_04
856149,Cliente_856149,25,CD_15,CD_16
142065,Cliente_142065,24,CD_05,CD_03
783106,Cliente_783106,30,CD_04,CD_16
368153,Cliente_368153,20,CD_01,CD_08
762790,Cliente_762790,14,CD_05,CD_14
534019,Cliente_534019,25,CD_15,CD_06
392741,Cliente_392741,12,CD_12,CD_09
858925,Cliente_858925,27,CD_09,CD_13
709307,Cliente_709307,11,CD_16,CD_15
74942,Cliente_74942,15,CD_00,CD_15
193011,Cliente_193011,6,CD_10,CD_02
601358,Cliente_601358,24,CD_20,CD_18
826346,Cliente_826346,17,CD_18,CD_09
887087,Cliente_887087,7,CD_19,CD_14
771928,Cliente_771928,21,CD_16,CD_17
281110,Cliente_281110,10,CD_09,CD_04
711508,Cliente_711508,1,CD_19,CD_15
810454,Cliente_810454,28,CD_10,CD_04
434427,Cliente_434427,12,CD_06,CD_15
408545,Cliente_408545,20,CD_19,CD_16
426663,Cliente_426663,25,CD_03,CD_11
452685,Cliente_452685,21,CD_17,CD_11
274360,Cliente_274360,20,CD_16,CD_14
921363,Cliente_921363,19,CD_18,CD_07
101903,Cliente_101903,24,CD_20,CD_13
281034,Cliente_281034,10,CD_14,CD_02
577357,Cliente_577357,28,CD_07,CD_20
557616,Cliente_557616,15,CD_01,CD_02
157400,Cliente_157400,1,CD_12,CD_08
106593,Cliente_106593,23,CD_01,CD_07
784662,Cliente_784662,25,CD_15,CD_10
64349,Cliente_64349,22,CD_18,CD_20
695216,Cliente_695216,24,CD_15,CD_16
990982,Cliente_990982,22,CD_01,CD_10
239568,Cliente_239568,19,CD_02,CD_13
813535,Cliente_813535,30,CD_12,CD_19
443106,Cliente_443106,4,CD_10,CD_19
626189,Cliente_626189,28,CD_10,CD_08
596886,Cliente_596886,16,CD_01,CD_13
240153,Cliente_240153,10,CD_20,CD_17
944860,Cliente_944860,14,CD_17,CD_01
750444,Cliente_750444,17,CD_00,CD_02
932286,Cliente_932286,4,CD_14,CD_04
413961,Cliente_413961,24,CD_12,CD_03
842947,Cliente_842947,18,CD_14,CD_06
24464,Cliente_24464,30,CD_11,CD_13
930663,Cliente_930663,6,CD_10,CD_05
322826,Cliente_322826,2,CD_14,CD_10
439905,Cliente_439905,9,CD_05,CD_09
871410,Cliente_871410,27,CD_14,CD_04
864640,Cliente_864640,11,CD_16,CD_18
5501,Cliente_5501,16,CD_07,CD_12
92460,Cliente_92460,19,CD_08,CD_10
735576,Cliente_735576,30,CD_11,CD_06
496234,Cliente_496234,8,CD_01,CD_17
122603,Cliente_122603,9,CD_14,CD_02
936343,Cliente_936343,22,CD_14,CD_04
633306,Cliente_633306,20,CD_10,CD_16
791146,Cliente_791146,17,CD_12,CD_01
113856,Cliente_113856,29,CD_06,CD_05
276212,Cliente_276212,29,CD_18,CD_20
124916,Cliente_124916,6,CD_09,CD_10
153094,Cliente_153094,3,CD_11,CD_16
60501,Cliente_60501,24,CD_17,CD_04
150518,Cliente_150518,16,CD_13,CD_17
143517,Cliente_143517,29,CD_18,CD_04
829475,Cliente_829475,12,CD_09,CD_11
359935,Cliente_359935,26,CD_04,CD_06
860563,Cliente_860563,15,CD_11,CD_14
523811,Cliente_523811,8,CD_03,CD_12
672480,Cliente_672480,24,CD_20,CD_10
163234,Cliente_163234,12,CD_18,CD_02
338549,Cliente_338549,20,CD_18,CD_10
746186,Cliente_746186,9,CD_19,CD_15
111183,Cliente_111183,25,CD_16,CD_07
203801,Cliente_203801,5,CD_03,CD_10
430716,Cliente_430716,25,CD_10,CD_18
727165,Cliente_727165,13,CD_01,CD_14
134367,Cliente_134367,25,CD_01,CD_12
766681,Cliente_766681,28,CD_04,CD_17
17513,Cliente_17513,10,CD_10,CD_08
64706,Cliente_64706,22,CD_11,CD_16
951137,Cliente_951137,6,CD_04,CD_15
690110,Cliente_690110,1,CD_12,CD_05
534237,Cliente_534237,9,CD_02,CD_07
955942,Cliente_955942,6,CD_13,CD_12
481332,Cliente_481332,24,CD_00,CD_11
515003,Cliente_515003,6,CD_19,CD_17
264142,Cliente_264142,14,CD_04,CD_02
355081,Cliente_355081,21,CD_13,CD_03
55995,Cliente_55995,7,CD_11,CD_17
15727,Cliente_15727,30,CD_04,CD_09
12630,Cliente_12630,11,CD_00,CD_03
989586,Cliente_989586,2,CD_04,CD_18
455457,Cliente_455457,2,CD_12,CD_16
864740,Cliente_864740,14,CD_09,CD_04
38219,Cliente_38219,4,CD_03,CD_16
406047,Cliente_406047,12,CD_02,CD_04
2412,Cliente_2412,24,CD_14,CD_01
419145,Cliente_419145,28,CD_02,CD_05
578886,Cliente_578886,22,CD_01,CD_12
328048,Cliente_328048,12,CD_14,CD_03
817411,Cliente_817411,3,CD_03,CD_19
361133,Cliente_361133,20,CD_13,CD_10
144251,Cliente_144251,1,CD_06,CD_17
961826,Cliente_961826,30,CD_01,CD_02
799468,Cliente_799468,7,CD_06,CD_13
925822,Cliente_925822,1,CD_18,CD_16
194050,Cliente_194050,18,CD_08,CD_10
234357,Cliente_234357,29,CD_16,CD_13
425422,Cliente_425422,12,CD_19,CD_00
647690,Cliente_647690,14,CD_10,CD_14
803729,Cliente_803729,15,CD_01,CD_14
839302,Cliente_839302,22,CD_00,CD_11
571440,Cliente_571440,15,CD_10,CD_05
365120,Cliente_365120,4,CD_20,CD_15
534334,Cliente_534334,15,CD_20,CD_07
752916,Cliente_752916,16,CD_19,CD_12
515255,Cliente_515255,30,CD_18,CD_06
250094,Cliente_250094,11,CD_06,CD_02
522432,Cliente_522432,18,CD_15,CD_00
229630,Cliente_229630,5,CD_10,CD_09
449898,Cliente_449898,4,CD_02,CD_08
795331,Cliente_795331,8,CD_04,CD_08
650926,Cliente_650926,14,CD_11,CD_13
157955,Cliente_157955,9,CD_11,CD_16
670961,Cliente_670961,23,CD_06,CD_10
463950,Cliente_463950,13,CD_10,CD_20
238206,Cliente_238206,16,CD_00,CD_08
953407,Cliente_953407,22,CD_04,CD_12
797392,Cliente_797392,27,CD_12,CD_05
963196,Cliente_963196,26,CD_19,CD_02
266567,Cliente_266567,25,CD_14,CD_05
545523,Cliente_545523,29,CD_16,CD_01
60527,Cliente_60527,28,CD_10,CD_05
399837,Cliente_399837,25,CD_20,CD_11
910911,Cliente_910911,16,CD_07,CD_13
697597,Cliente_697597,20,CD_18,CD_04
148693,Cliente_148693,30,CD_02,CD_09
791647,Cliente_791647,15,CD_02,CD_14
966972,Cliente_966972,17,CD_01,CD_08
605211,Cliente_605211,23,CD_13,CD_08
645543,Cliente_645543,1,CD_12,CD_03
869009,Cliente_869009,7,CD_01,CD_13
427189,Cliente_427189,14,CD_12,CD_03
270379,Cliente_270379,10,CD_16,CD_07
29677,Cliente_29677,16,CD_13,CD_20
709920,Cliente_709920,8,CD_12,CD_03
447169,Cliente_447169,12,CD_02,CD_00
371885,Cliente_371885,20,CD_00,CD_13
466444,Cliente_466444,26,CD_05,CD_03
589916,Cliente_589916,21,CD_03,CD_16
496470,Cliente_496470,1,CD_18,CD_05
255998,Cliente_255998,23,CD_02,CD_12
559180,Cliente_559180,21,CD_04,CD_07
11890,Cliente_11890,10,CD_03,CD_12
652682,Cliente_652682,16,CD_18,CD_05
91742,Cliente_91742,15,CD_20,CD_18
617208,Cliente_617208,13,CD_07,CD_09
328699,Cliente_328699,30,CD_17,CD_02
811514,Cliente_811514,27,CD_09,CD_11
632119,Cliente_632119,9,CD_12,CD_18
320338,Cliente_320338,20,CD_18,CD_01
792714,Cliente_792714,16,CD_01,CD_12
119586,Cliente_119586,2,CD_01,CD_04
363106,Cliente_363106,15,CD_00,CD_11
740788,Cliente_740788,23,CD_00,CD_16
323311,Cliente_323311,11,CD_17,CD_14
263410,Cliente_263410,24,CD_14,CD_05
219110,Cliente_219110,28,CD_14,CD_18
80677,Cliente_80677,15,CD_02,CD_06
980281,Cliente_980281,24,CD_04,CD_13
324668,Cliente_324668,1,CD_05,CD_01
994911,Cliente_994911,12,CD_09,CD_08
516871,Cliente_516871,3,CD_01,CD_10
207762,Cliente_207762,25,CD_09,CD_00
526008,Cliente_526008,13,CD_05,CD_19
963724,Cliente_963724,8,CD_05,CD_03
64352,Cliente_64352,23,CD_20,CD_06
10888,Cliente_10888,6,CD_02,CD_13
926392,Cliente_926392,24,CD_09,CD_07
219271,Cliente_219271,14,CD_17,CD_19
105300,Cliente_105300,21,CD_07,CD_14
67655,Cliente_67655,14,CD_16,CD_08
188849,Cliente_188849,11,CD_12,CD_13
528845,Cliente_528845,2,CD_10,CD_07
745768,Cliente_745768,25,CD_19,CD_09
21340,Cliente_21340,20,CD_04,CD_16
17912,Cliente_17912,2,CD_17,CD_14
254204,Cliente_254204,26,CD_04,CD_05
418239,Cliente_418239,24,CD_05,CD_08
4275,Cliente_4275,14,CD_07,CD_10
826177,Cliente_826177,23,CD_19,CD_14
310222,Cliente_310222,24,CD_00,CD_16
430623,Cliente_430623,14,CD_15,CD_17
968793,Cliente_968793,10,CD_06,CD_14
903713,Cliente_903713,3,CD_19,CD_17
845538,Cliente_845538,23,CD_10,CD_05
243181,Cliente_243181,30,CD_14,CD_05
938106,Cliente_938106,14,CD_20,CD_03
555084,Cliente_555084,16,CD_00,CD_12
568001,Cliente_568001,25,CD_17,CD_11
939281,Cliente_939281,19,CD_11,CD_10
422210,Cliente_422210,2,CD_01,CD_02
98823,Cliente_98823,19,CD_02,CD_05
560274,Cliente_560274,9,CD_15,CD_08
858935,Cliente_858935,29,CD_01,CD_16
651778,Cliente_651778,3,CD_05,CD_10
594935,Cliente_594935,4,CD_11,CD_13
300031,Cliente_300031,26,CD_09,CD_03
384688,Cliente_384688,29,CD_01,CD_13
589774,Cliente_589774,25,CD_03,CD_20
164126,Cliente_164126,28,CD_04,CD_03
699247,Cliente_699247,2,CD_16,CD_05
654566,Cliente_654566,21,CD_15,CD_07
589348,Cliente_589348,26,CD_01,CD_00
478199,Cliente_478199,3,CD_14,CD_09
276622,Cliente_276622,3,CD_09,CD_13
965098,Cliente_965098,6,CD_12,CD_18
942011,Cliente_942011,24,CD_15,CD_06
353958,Cliente_353958,7,CD_02,CD_12
973224,Cliente_973224,29,CD_00,CD_16
154772,Cliente_154772,11,CD_19,CD_12
778616,Cliente_778616,28,CD_01,CD_19
523486,Cliente_523486,20,CD_14,CD_13
869678,Cliente_869678,24,CD_05,CD_14
557105,Cliente_557105,30,CD_16,CD_09
496752,Cliente_496752,3,CD_20,CD_13
894330,Cliente_894330,30,CD_04,CD_20
442821,Cliente_442821,26,CD_01,CD_13
83308,Cliente_83308,10,CD_19,CD_14
699991,Cliente_699991,18,CD_13,CD_03
55353,Cliente_55353,10,CD_12,CD_07
401842,Cliente_401842,29,CD_18,CD_09
105364,Cliente_105364,7,CD_18,CD_00
38978,Cliente_38978,8,CD_03,CD_08
871220,Cliente_871220,14,CD_13,CD_09
116504,Cliente_116504,6,CD_04,CD_08
643411,Cliente_643411,28,CD_09,CD_13
91237,Cliente_91237,1,CD_16,CD_14
151467,Cliente_151467,9,CD_15,CD_04
412413,Cliente_412413,7,CD_05,CD_15
33911,Cliente_33911,2,CD_05,CD_20
37078,Cliente_37078,23,CD_15,CD_01
783992,Cliente_783992,13,CD_10,CD_16
998469,Cliente_998469,8,CD_03,CD_00
14617,Cliente_14617,16,CD_07,CD_05
658011,Cliente_658011,22,CD_02,CD_07
453136,Cliente_453136,17,CD_05,CD_18
467875,Cliente_467875,11,CD_04,CD_08
296463,Cliente_296463,30,CD_06,CD_11
530862,Cliente_530862,19,CD_12,CD_11
360121,Cliente_360121,5,CD_08,CD_01
11583,Cliente_11583,13,CD_12,CD_01
663089,Cliente_663089,27,CD_10,CD_05
418522,Cliente_418522,23,CD_01,CD_02
669547,Cliente_669547,26,CD_11,CD_19
257524,Cliente_257524,23,CD_16,CD_15
138031,Cliente_138031,19,CD_12,CD_19
415287,Cliente_415287,14,CD_02,CD_09
899990,Cliente_899990,2,CD_18,CD_20
556859,Cliente_556859,9,CD_10,CD_14
126538,Cliente_126538,20,CD_00,CD_07
381136,Cliente_381136,2,CD_11,CD_17
543536,Cliente_543536,22,CD_12,CD_20
158639,Cliente_158639,1,CD_13,CD_20
710590,Cliente_710590,23,CD_04,CD_01
396251,Cliente_396251,9,CD_19,CD_16
2116,Cliente_2116,6,CD_00,CD_13
375926,Cliente_375926,24,CD_12,CD_08
18208,Cliente_18208,4,CD_01,CD_07
917289,Cliente_917289,4,CD_18,CD_20
295131,Cliente_295131,24,CD_09,CD_16
181802,Cliente_181802,13,CD_12,CD_00
410021,Cliente_410021,4,CD_00,CD_09
956472,Cliente_956472,6,CD_16,CD_05
168859,Cliente_168859,14,CD_14,CD_01
199899,Cliente_199899,9,CD_00,CD_18
55427,Cliente_55427,26,CD_13,CD_10
941927,Cliente_941927,8,CD_00,CD_05
230604,Cliente_230604,11,CD_12,CD_10
708151,Cliente_708151,11,CD_08,CD_20
218321,Cliente_218321,27,CD_17,CD_08
517875,Cliente_517875,18,CD_14,CD_09
396180,Cliente_396180,1,CD_14,CD_09
545356,Cliente_545356,5,CD_14,CD_18
979767,Cliente_979767,26,CD_03,CD_14
347942,Cliente_347942,21,CD_06,CD_20
118156,Cliente_118156,21,CD_13,CD_10
507513,Cliente_507513,4,CD_09,CD_02
645951,Cliente_645951,12,CD_08,CD_11
20917,Cliente_20917,25,CD_05,CD_19
197528,Cliente_197528,5,CD_01,CD_05
821131,Cliente_821131,20,CD_12,CD_00
351487,Cliente_351487,23,CD_04,CD_06
217389,Cliente_217389,7,CD_01,CD_12
254912,Cliente_254912,10,CD_16,CD_17
468497,Cliente_468497,24,CD_05,CD_16
63562,Cliente_63562,18,CD_07,CD_13
294251,Cliente_294251,24,CD_13,CD_18
295147,Cliente_295147,14,CD_12,CD_15
728950,Cliente_728950,9,CD_17,CD_00
16597,Cliente_16597,23,CD_06,CD_11
928684,Cliente_928684,19,CD_17,CD_03
438172,Cliente_438172,17,CD_09,CD_15
120649,Cliente_120649,25,CD_00,CD_17
819638,Cliente_819638,17,CD_20,CD_01
108491,Cliente_108491,10,CD_14,CD_07
885113,Cliente_885113,27,CD_06,CD_16
636596,Cliente_636596,8,CD_10,CD_13
6175,Cliente_6175,5,CD_15,CD_12
428614,Cliente_428614,2,CD_10,CD_07
147396,Cliente_147396,21,CD_00,CD_17
694789,Cliente_694789,5,CD_14,CD_18
852646,Cliente_852646,10,CD_13,CD_10
49502,Cliente_49502,13,CD_14,CD_08
516724,Cliente_516724,1,CD_20,CD_02
397502,Cliente_397502,3,CD_11,CD_10
545133,Cliente_545133,2,CD_06,CD_16
889933,Cliente_889933,28,CD_11,CD_03
240443,Cliente_240443,6,CD_16,CD_19
159300,Cliente_159300,2,CD_13,CD_09
187356,Cliente_187356,14,CD_16,CD_19
180664,Cliente_180664,12,CD_03,CD_11
206589,Cliente_206589,11,CD_19,CD_00
568182,Cliente_568182,15,CD_08,CD_09
613555,Cliente_613555,4,CD_10,CD_19
465261,Cliente_465261,17,CD_10,CD_00
884310,Cliente_884310,1,CD_19,CD_04
374989,Cliente_374989,10,CD_12,CD_07
182459,Cliente_182459,3,CD_15,CD_11
183361,Cliente_183361,12,CD_15,CD_19
381959,Cliente_381959,12,CD_07,CD_05
98853,Cliente_98853,29,CD_07,CD_00
337575,Cliente_337575,2,CD_13,CD_07
472768,Cliente_472768,14,CD_18,CD_07
523663,Cliente_523663,23,CD_15,CD_05
144006,Cliente_144006,29,CD_20,CD_06
580093,Cliente_580093,17,CD_11,CD_04
747538,Cliente_747538,24,CD_02,CD_00
497722,Cliente_497722,18,CD_04,CD_11
872169,Cliente_872169,7,CD_13,CD_12
82458,Cliente_82458,18,CD_18,CD_06
861627,Cliente_861627,8,CD_06,CD_19
115704,Cliente_115704,6,CD_04,CD_11
626403,Cliente_626403,16,CD_05,CD_14
265405,Cliente_265405,2,CD_15,CD_17
5582,Cliente_5582,16,CD_12,CD_20
17195,Cliente_17195,19,CD_07,CD_19
285241,Cliente_285241,3,CD_12,CD_03
446673,Cliente_446673,18,CD_09,CD_19
57659,Cliente_57659,5,CD_04,CD_09
799968,Cliente_799968,3,CD_19,CD_18
902406,Cliente_902406,9,CD_20,CD_02
681626,Cliente_681626,24,CD_01,CD_06
262045,Cliente_262045,21,CD_06,CD_13
321632,Cliente_321632,9,CD_14,CD_16
389597,Cliente_389597,1,CD_07,CD_13
825655,Cliente_825655,24,CD_06,CD_01
482033,Cliente_482033,3,CD_19,CD_08
87513,Cliente_87513,21,CD_10,CD_14
40202,Cliente_40202,14,CD_20,CD_07
654363,Cliente_654363,1,CD_10,CD_03
835432,Cliente_835432,14,CD_11,CD_08
431675,Cliente_431675,10,CD_09,CD_02
577046,Cliente_577046,12,CD_03,CD_00
168351,Cliente_168351,20,CD_03,CD_18
774376,Cliente_774376,13,CD_13,CD_01
361242,Cliente_361242,23,CD_20,CD_10
214079,Cliente_214079,6,CD_05,CD_07
530025,Cliente_530025,1,CD_05,CD_18
735489,Cliente_735489,14,CD_15,CD_20
971119,Cliente_971119,10,CD_07,CD_13
226403,Cliente_226403,24,CD_15,CD_04
723839,Cliente_723839,20,CD_07,CD_17
230625,Cliente_230625,14,CD_20,CD_00
750608,Cliente_750608,23,CD_03,CD_02
628738,Cliente_628738,27,CD_18,CD_17
605703,Cliente_605703,28,CD_10,CD_08
414614,Cliente_414614,7,CD_07,CD_11
861042,Cliente_861042,23,CD_20,CD_05
163705,Cliente_163705,6,CD_14,CD_06
405897,Cliente_405897,23,CD_02,CD_20
827855,Cliente_827855,17,CD_11,CD_12
307246,Cliente_307246,25,CD_07,CD_14
804168,Cliente_804168,26,CD_15,CD_17
622059,Cliente_622059,14,CD_05,CD_00
146203,Cliente_146203,20,CD_13,CD_10
796536,Cliente_796536,23,CD_01,CD_16
557324,Cliente_557324,30,CD_06,CD_01
436787,Cliente_436787,9,CD_00,CD_10
870439,Cliente_870439,7,CD_02,CD_10
957649,Cliente_957649,12,CD_08,CD_20
861334,Cliente_861334,20,CD_05,CD_00
591803,Cliente_591803,8,CD_07,CD_02
676955,Cliente_676955,28,CD_10,CD_06
344833,Cliente_344833,13,CD_10,CD_07
870138,Cliente_870138,6,CD_19,CD_13
746697,Cliente_746697,4,CD_17,CD_15
67340,Cliente_67340,15,CD_08,CD_17
523945,Cliente_523945,9,CD_17,CD_09
226150,Cliente_226150,21,CD_06,CD_05
695976,Cliente_695976,27,CD_06,CD_17
814663,Cliente_814663,11,CD_13,CD_08
252426,Cliente_252426,6,CD_10,CD_17
554372,Cliente_554372,28,CD_15,CD_00
208522,Cliente_208522,3,CD_20,CD_09
385359,Cliente_385359,16,CD_07,CD_02
601695,Cliente_601695,5,CD_20,CD_17
325300,Cliente_325300,22,CD_12,CD_02
25656,Cliente_25656,24,CD_01,CD_03
341208,Cliente_341208,8,CD_09,CD_19
866433,Cliente_866433,28,CD_16,CD_09
961722,Cliente_961722,16,CD_20,CD_04
625886,Cliente_625886,14,CD_16,CD_04
498996,Cliente_498996,24,CD_05,CD_14
819181,Cliente_819181,16,CD_03,CD_14
643001,Cliente_643001,8,CD_07,CD_17
726022,Cliente_726022,2,CD_01,CD_05
988886,Cliente_988886,13,CD_05,CD_03
955579,Cliente_955579,6,CD_04,CD_01
890738,Cliente_890738,24,CD_06,CD_02
307290,Cliente_307290,2,CD_02,CD_18
241679,Cliente_241679,26,CD_10,CD_09
564008,Cliente_564008,10,CD_14,CD_06
989001,Cliente_989001,3,CD_06,CD_01
955429,Cliente_955429,27,CD_12,CD_02
37331,Cliente_37331,14,CD_20,CD_19
814796,Cliente_814796,12,CD_07,CD_01
784575,Cliente_784575,23,CD_03,CD_02
723729,Cliente_723729,24,CD_00,CD_05
624884,Cliente_624884,19,CD_10,CD_17
738915,Cliente_738915,9,CD_20,CD_14
47799,Cliente_47799,9,CD_12,CD_08
17129,Cliente_17129,14,CD_08,CD_06
918821,Cliente_918821,24,CD_03,CD_16
967751,Cliente_967751,7,CD_15,CD_00
805172,Cliente_805172,28,CD_00,CD_01
291544,Cliente_291544,11,CD_11,CD_20
7479,Cliente_7479,6,CD_10,CD_13
231218,Cliente_231218,22,CD_12,CD_13
605721,Cliente_605721,7,CD_04,CD_11
481319,Cliente_481319,30,CD_02,CD_20
851166,Cliente_851166,15,CD_00,CD_08
358464,Cliente_358464,7,CD_19,CD_10
612519,Cliente_612519,9,CD_17,CD_16
272577,Cliente_272577,1,CD_20,CD_03
500268,Cliente_500268,16,CD_02,CD_17
422122,Cliente_422122,16,CD_14,CD_13
125057,Cliente_125057,7,CD_00,CD_14
975282,Cliente_975282,23,CD_08,CD_01
387411,Cliente_387411,11,CD_01,CD_00
643019,Cliente_643019,25,CD_02,CD_08
74474,Cliente_74474,26,CD_03,CD_05
853603,Cliente_853603,16,CD_16,CD_03
125543,Cliente_125543,9,CD_05,CD_11
921758,Cliente_921758,12,CD_01,CD_08
832260,Cliente_832260,9,CD_12,CD_01
409247,Cliente_409247,16,CD_11,CD_03
264408,Cliente_264408,13,CD_12,CD_08
225085,Cliente_225085,4,CD_07,CD_11
394258,Cliente_394258,20,CD_19,CD_06
957520,Cliente_957520,11,CD_07,CD_14
309947,Cliente_309947,13,CD_15,CD_06
180579,Cliente_180579,30,CD_20,CD_03
284023,Cliente_284023,24,CD_12,CD_08
804928,Cliente_804928,5,CD_04,CD_06
266306,Cliente_266306,29,CD_03,CD_11
71402,Cliente_71402,10,CD_09,CD_11
390515,Cliente_390515,15,CD_09,CD_14
652060,Cliente_652060,7,CD_06,CD_19
99646,Cliente_99646,23,CD_16,CD_12
620812,Cliente_620812,20,CD_07,CD_16
832940,Cliente_832940,17,CD_09,CD_04
756012,Cliente_756012,10,CD_03,CD_04
903266,Cliente_903266,10,CD_00,CD_12
516147,Cliente_516147,29,CD_16,CD_03
571315,Cliente_571315,11,CD_02,CD_13
431869,Cliente_431869,1,CD_16,CD_14
500710,Cliente_500710,26,CD_12,CD_15
160230,Cliente_160230,19,CD_07,CD_10
998243,Cliente_998243,28,CD_00,CD_15
25576,Cliente_25576,22,CD_05,CD_06
149364,Cliente_149364,21,CD_12,CD_20
768879,Cliente_768879,21,CD_09,CD_17
684024,Cliente_684024,13,CD_03,CD_04
77401,Cliente_77401,20,CD_11,CD_03
733020,Cliente_733020,4,CD_04,CD_11
4215,Cliente_4215,12,CD_17,CD_16
437474,Cliente_437474,19,CD_08,CD_13
849673,Cliente_849673,18,CD_09,CD_03
920989,Cliente_920989,7,CD_20,CD_13
302213,Cliente_302213,25,CD_15,CD_12
953331,Cliente_953331,30,CD_14,CD_00
253969,Cliente_253969,4,CD_01,CD_12
831129,Cliente_831129,12,CD_04,CD_18
378628,Cliente_378628,27,CD_10,CD_03
750682,Cliente_750682,25,CD_13,CD_14
943848,Cliente_943848,18,CD_18,CD_09
591248,Cliente_591248,4,CD_04,CD_13
795066,Cliente_795066,28,CD_13,CD_04
20329,Cliente_20329,4,CD_00,CD_03
671528,Cliente_671528,5,CD_03,CD_07
118626,Cliente_118626,14,CD_16,CD_04
756113,Cliente_756113,14,CD_04,CD_03
220623,Cliente_220623,12,CD_01,CD_06
351304,Cliente_351304,25,CD_10,CD_07
588881,Cliente_588881,15,CD_10,CD_16
277393,Cliente_277393,27,CD_07,CD_11
714013,Cliente_714013,7,CD_11,CD_16
470498,Cliente_470498,12,CD_16,CD_12
805499,Cliente_805499,2,CD_13,CD_07
506467,Cliente_506467,27,CD_03,CD_05
950821,Cliente_950821,3,CD_14,CD_17
425781,Cliente_425781,4,CD_12,CD_00
376752,Cliente_376752,28,CD_19,CD_03
483930,Cliente_483930,14,CD_09,CD_06
78723,Cliente_78723,7,CD_20,CD_15
954194,Cliente_954194,20,CD_18,CD_03
187053,Cliente_187053,23,CD_05,CD_08
646992,Cliente_646992,30,CD_19,CD_14
286061,Cliente_286061,17,CD_05,CD_02
382573,Cliente_382573,11,CD_10,CD_01
599061,Cliente_599061,7,CD_06,CD_04
296068,Cliente_296068,26,CD_02,CD_03
986328,Cliente_986328,25,CD_06,CD_19
254513,Cliente_254513,6,CD_00,CD_05
45965,Cliente_45965,19,CD_09,CD_03
776914,Cliente_776914,26,CD_20,CD_08
991339,Cliente_991339,2,CD_14,CD_05
482954,Cliente_482954,23,CD_05,CD_00
540363,Cliente_540363,23,CD_00,CD_12
572153,Cliente_572153,6,CD_07,CD_14
247785,Cliente_247785,17,CD_08,CD_12
974660,Cliente_974660,13,CD_19,CD_03
815011,Cliente_815011,3,CD_18,CD_04
789789,Cliente_789789,29,CD_15,CD_04
307705,Cliente_307705,15,CD_04,CD_15
816231,Cliente_816231,28,CD_12,CD_09
136610,Cliente_136610,18,CD_03,CD_00
322947,Cliente_322947,19,CD_20,CD_09
373042,Cliente_373042,5,CD_15,CD_09
210122,Cliente_210122,22,CD_11,CD_16
33993,Cliente_33993,24,CD_01,CD_11
722288,Cliente_722288,25,CD_07,CD_20
152317,Cliente_152317,27,CD_14,CD_05
438019,Cliente_438019,11,CD_12,CD_15
439395,Cliente_439395,16,CD_04,CD_00
610025,Cliente_610025,7,CD_01,CD_06
102853,Cliente_102853,4,CD_13,CD_00
769713,Cliente_769713,29,CD_00,CD_20
38472,Cliente_38472,24,CD_01,CD_18
74280,Cliente_74280,5,CD_02,CD_10
88132,Cliente_88132,25,CD_19,CD_09
835990,Cliente_835990,24,CD_06,CD_15
949772,Cliente_949772,11,CD_16,CD_00
326971,Cliente_326971,25,CD_05,CD_13
73634,Cliente_73634,30,CD_08,CD_19
806601,Cliente_806601,19,CD_05,CD_16
333996,Cliente_333996,25,CD_15,CD_12
82009,Cliente_82009,7,CD_06,CD_10
548773,Cliente_548773,8,CD_12,CD_15
87187,Cliente_87187,12,CD_13,CD_18
290384,Cliente_290384,15,CD_04,CD_01
501269,Cliente_501269,2,CD_02,CD_06
401583,Cliente_401583,13,CD_03,CD_06
883010,Cliente_883010,22,CD_06,CD_00
916220,Cliente_916220,8,CD_04,CD_15
925144,Cliente_925144,24,CD_12,CD_10
618150,Cliente_618150,21,CD_16,CD_19
659516,Cliente_659516,30,CD_14,CD_07
653303,Cliente_653303,12,CD_04,CD_02
341643,Cliente_341643,29,CD_17,CD_07
729947,Cliente_729947,28,CD_11,CD_08
448491,Cliente_448491,7,CD_06,CD_17
125421,Cliente_125421,26,CD_20,CD_06
376695,Cliente_376695,29,CD_16,CD_18
28758,Cliente_28758,20,CD_09,CD_06
792828,Cliente_792828,5,CD_06,CD_13
471572,Cliente_471572,20,CD_18,CD_12
170167,Cliente_170167,11,CD_07,CD_17
959734,Cliente_959734,28,CD_04,CD_07
391703,Cliente_391703,3,CD_06,CD_18
696862,Cliente_696862,1,CD_04,CD_00
350144,Cliente_350144,5,CD_17,CD_05
226493,Cliente_226493,26,CD_18,CD_01
148422,Cliente_148422,24,CD_11,CD_07
214873,Cliente_214873,25,CD_10,CD_12
642158,Cliente_642158,28,CD_13,CD_20
224073,Cliente_224073,28,CD_06,CD_05
446576,Cliente_446576,28,CD_01,CD_02
783863,Cliente_783863,30,CD_08,CD_10
911799,Cliente_911799,16,CD_10,CD_03
939549,Cliente_939549,19,CD_20,CD_05
685598,Cliente_685598,1,CD_07,CD_03
711176,Cliente_711176,7,CD_09,CD_05
670516,Cliente_670516,11,CD_02,CD_10
782872,Cliente_782872,23,CD_15,CD_05
115769,Cliente_115769,5,CD_11,CD_04
616381,Cliente_616381,29,CD_13,CD_09
807518,Cliente_807518,30,CD_19,CD_02
564475,Cliente_564475,2,CD_09,CD_05
981769,Cliente_981769,14,CD_06,CD_02
110758,Cliente_110758,30,CD_07,CD_18
155854,Cliente_155854,16,CD_00,CD_04
183782,Cliente_183782,23,CD_13,CD_16
567350,Cliente_567350,11,CD_15,CD_16
425460,Cliente_425460,20,CD_11,CD_20
404347,Cliente_404347,21,CD_01,CD_17
431003,Cliente_431003,20,CD_00,CD_13
244873,Cliente_244873,23,CD_03,CD_08
87799,Cliente_87799,30,CD_01,CD_12
247423,Cliente_247423,14,CD_05,CD_07
280504,Cliente_280504,22,CD_12,CD_14
864107,Cliente_864107,14,CD_07,CD_19
517920,Cliente_517920,19,CD_09,CD_16
804305,Cliente_804305,17,CD_13,CD_16
492928,Cliente_492928,18,CD_03,CD_20
842212,Cliente_842212,10,CD_04,CD_02
416558,Cliente_416558,28,CD_06,CD_16
342321,Cliente_342321,8,CD_19,CD_10
528599,Cliente_528599,24,CD_20,CD_05
814921,Cliente_814921,23,CD_13,CD_04
719802,Cliente_719802,1,CD_20,CD_00
604533,Cliente_604533,6,CD_12,CD_08
406142,Cliente_406142,1,CD_03,CD_16
709864,Cliente_709864,12,CD_14,CD_05
310323,Cliente_310323,13,CD_20,CD_05
321183,Cliente_321183,10,CD_07,CD_17
670481,Cliente_670481,12,CD_07,CD_11
743777,Cliente_743777,15,CD_05,CD_08
357630,Cliente_357630,24,CD_16,CD_01
20671,Cliente_20671,25,CD_12,CD_16
772806,Cliente_772806,14,CD_04,CD_14
780115,Cliente_780115,29,CD_06,CD_04
876579,Cliente_876579,14,CD_18,CD_02
498498,Cliente_498498,10,CD_14,CD_16
607348,Cliente_607348,23,CD_20,CD_10
81468,Cliente_81468,23,CD_02,CD_03
126215,Cliente_126215,14,CD_19,CD_13
906936,Cliente_906936,3,CD_09,CD_13
602577,Cliente_602577,25,CD_05,CD_06
918138,Cliente_918138,27,CD_16,CD_06
665777,Cliente_665777,30,CD_09,CD_04
909903,Cliente_909903,13,CD_02,CD_13
100915,Cliente_100915,19,CD_08,CD_11
328141,Cliente_328141,5,CD_20,CD_14
837449,Cliente_837449,5,CD_11,CD_10
582357,Cliente_582357,24,CD_03,CD_10
13457,Cliente_13457,3,CD_15,CD_13
263827,Cliente_263827,29,CD_05,CD_03
879251,Cliente_879251,1,CD_12,CD_00
74234,Cliente_74234,30,CD_06,CD_01
123297,Cliente_123297,4,CD_13,CD_00
472333,Cliente_472333,10,CD_13,CD_03
793445,Cliente_793445,16,CD_14,CD_09
157420,Cliente_157420,21,CD_00,CD_09
889743,Cliente_889743,19,CD_10,CD_14
79079,Cliente_79079,14,CD_13,CD_06
760430,Cliente_760430,12,CD_02,CD_13
729318,Cliente_729318,18,CD_20,CD_10
862002,Cliente_862002,1,CD_03,CD_12
754542,Cliente_754542,23,CD_09,CD_02
193507,Cliente_193507,12,CD_07,CD_02
842077,Cliente_842077,12,CD_16,CD_18
236395,Cliente_236395,29,CD_09,CD_04
530611,Cliente_530611,8,CD_09,CD_03
645295,Cliente_645295,12,CD_13,CD_04
853960,Cliente_853960,20,CD_17,CD_03
468621,Cliente_468621,2,CD_16,CD_08
832656,Cliente_832656,13,CD_06,CD_00
462877,Cliente_462877,7,CD_00,CD_03
743512,Cliente_743512,20,CD_04,CD_15
350450,Cliente_350450,20,CD_02,CD_17
384967,Cliente_384967,9,CD_03,CD_15
353304,Cliente_353304,1,CD_02,CD_08
566368,Cliente_566368,15,CD_04,CD_03
470421,Cliente_470421,28,CD_19,CD_15
728714,Cliente_728714,1,CD_03,CD_16
753392,Cliente_753392,10,CD_18,CD_20
682717,Cliente_682717,21,CD_03,CD_00
911503,Cliente_911503,21,CD_17,CD_04
911696,Cliente_911696,6,CD_00,CD_13
669795,Cliente_669795,25,CD_05,CD_09
266330,Cliente_266330,26,CD_13,CD_06
950469,Cliente_950469,3,CD_07,CD_19
203140,Cliente_203140,17,CD_13,CD_18
712510,Cliente_712510,11,CD_10,CD_00
78058,Cliente_78058,20,CD_02,CD_09
411914,Cliente_411914,3,CD_11,CD_17
449721,Cliente_449721,4,CD_16,CD_17
212327,Cliente_212327,5,CD_14,CD_08
778011,Cliente_778011,1,CD_07,CD_13
923282,Cliente_923282,17,CD_08,CD_06
21541,Cliente_21541,29,CD_17,CD_11
810834,Cliente_810834,21,CD_11,CD_16
714916,Cliente_714916,1,CD_08,CD_19
660611,Cliente_660611,2,CD_10,CD_08
530243,Cliente_530243,29,CD_19,CD_11
852303,Cliente_852303,16,CD_02,CD_07
951501,Cliente_951501,19,CD_12,CD_02
518760,Cliente_518760,27,CD_13,CD_19
9905,Cliente_9905,20,CD_14,CD_17
162016,Cliente_162016,6,CD_12,CD_14
254649,Cliente_254649,21,CD_05,CD_04
433994,Cliente_433994,14,CD_18,CD_13
445200,Cliente_445200,26,CD_17,CD_10
870202,Cliente_870202,2,CD_06,CD_03
30917,Cliente_30917,2,CD_05,CD_18
602182,Cliente_602182,17,CD_04,CD_19
973062,Cliente_973062,14,CD_12,CD_03
884039,Cliente_884039,22,CD_15,CD_19
132389,Cliente_132389,22,CD_00,CD_11
937432,Cliente_937432,19,CD_04,CD_16
2774,Cliente_2774,9,CD_05,CD_09
694997,Cliente_694997,16,CD_15,CD_06
645550,Cliente_645550,2,CD_13,CD_15
716189,Cliente_716189,14,CD_14,CD_15
843237,Cliente_843237,13,CD_16,CD_18
362641,Cliente_362641,20,CD_17,CD_11
1812,Cliente_1812,17,CD_06,CD_11
261138,Cliente_261138,24,CD_05,CD_19
715896,Cliente_715896,11,CD_18,CD_11
724165,Cliente_724165,11,CD_00,CD_01
126508,Cliente_126508,20,CD_09,CD_15
672722,Cliente_672722,14,CD_19,CD_06
637042,Cliente_637042,5,CD_02,CD_08
913184,Cliente_913184,18,CD_07,CD_10
505899,Cliente_505899,23,CD_11,CD_03
610907,Cliente_610907,1,CD_00,CD_09
778841,Cliente_778841,7,CD_05,CD_03
50990,Cliente_50990,5,CD_15,CD_00
511332,Cliente_511332,7,CD_18,CD_00
229641,Cliente_229641,19,CD_13,CD_19
436497,Cliente_436497,15,CD_20,CD_15
968347,Cliente_968347,12,CD_02,CD_10
830860,Cliente_830860,4,CD_08,CD_03
917272,Cliente_917272,5,CD_18,CD_00
18143,Cliente_18143,25,CD_14,CD_18
915699,Cliente_915699,24,CD_19,CD_01
991160,Cliente_991160,4,CD_03,CD_01
556389,Cliente_556389,13,CD_06,CD_11
181415,Cliente_181415,14,CD_09,CD_07
123300,Cliente_123300,20,CD_13,CD_03
659996,Cliente_659996,4,CD_20,CD_12
403820,Cliente_403820,24,CD_07,CD_16
216621,Cliente_216621,18,CD_20,CD_06
165689,Cliente_165689,25,CD_15,CD_16
904845,Cliente_904845,7,CD_07,CD_10
471242,Cliente_471242,10,CD_10,CD_03
862422,Cliente_862422,25,CD_18,CD_13
995487,Cliente_995487,22,CD_16,CD_03
290688,Cliente_290688,9,CD_00,CD_05
893496,Cliente_893496,14,CD_04,CD_03
596374,Cliente_596374,14,CD_04,CD_19
935317,Cliente_935317,25,CD_10,CD_17
392540,Cliente_392540,2,CD_10,CD_17
143299,Cliente_143299,25,CD_03,CD_15
590990,Cliente_590990,7,CD_05,CD_11
746886,Cliente_746886,7,CD_11,CD_19
811702,Cliente_811702,30,CD_03,CD_17
766143,Cliente_766143,30,CD_01,CD_14
293080,Cliente_293080,7,CD_19,CD_16
368486,Cliente_368486,7,CD_13,CD_08
784564,Cliente_784564,28,CD_07,CD_17
581263,Cliente_581263,2,CD_18,CD_13
296961,Cliente_296961,25,CD_11,CD_15
206312,Cliente_206312,17,CD_05,CD_01
699506,Cliente_699506,16,CD_16,CD_06
873527,Cliente_873527,29,CD_05,CD_06
507890,Cliente_507890,16,CD_10,CD_20
144669,Cliente_144669,22,CD_05,CD_09
110569,Cliente_110569,13,CD_07,CD_12
895895,Cliente_895895,3,CD_03,CD_20
738998,Cliente_738998,19,CD_05,CD_15
492345,Cliente_492345,26,CD_01,CD_13
126324,Cliente_126324,29,CD_20,CD_19
543219,Cliente_543219,16,CD_03,CD_20
298871,Cliente_298871,6,CD_08,CD_10
889806,Cliente_889806,10,CD_12,CD_07
262786,Cliente_262786,1,CD_08,CD_09
482626,Cliente_482626,30,CD_00,CD_10
516413,Cliente_516413,1,CD_18,CD_11
778040,Cliente_778040,30,CD_00,CD_16
500543,Cliente_500543,9,CD_16,CD_14
455609,Cliente_455609,30,CD_18,CD_08
188758,Cliente_188758,26,CD_05,CD_18
200100,Cliente_200100,29,CD_20,CD_07
325505,Cliente_325505,11,CD_09,CD_19
281387,Cliente_281387,28,CD_12,CD_19
301043,Cliente_301043,12,CD_04,CD_15
71377,Cliente_71377,23,CD_20,CD_05
761872,Cliente_761872,29,CD_10,CD_13
287722,Cliente_287722,1,CD_12,CD_06
307054,Cliente_307054,18,CD_12,CD_02
378269,Cliente_378269,24,CD_02,CD_12
618069,Cliente_618069,24,CD_05,CD_19
953317,Cliente_953317,18,CD_16,CD_13
720319,Cliente_720319,7,CD_04,CD_19
585419,Cliente_585419,17,CD_16,CD_18
733400,Cliente_733400,22,CD_18,CD_07
360173,Cliente_360173,25,CD_06,CD_20
918462,Cliente_918462,30,CD_00,CD_06
420730,Cliente_420730,2,CD_16,CD_00
504577,Cliente_504577,3,CD_09,CD_10
30195,Cliente_30195,9,CD_16,CD_02
813998,Cliente_813998,22,CD_19,CD_12
664213,Cliente_664213,9,CD_01,CD_00
588274,Cliente_588274,26,CD_03,CD_00
907331,Cliente_907331,27,CD_06,CD_11
48561,Cliente_48561,3,CD_14,CD_05
268925,Cliente_268925,6,CD_11,CD_03
440969,Cliente_440969,30,CD_06,CD_02
848897,Cliente_848897,8,CD_18,CD_09
971383,Cliente_971383,2,CD_19,CD_08
552424,Cliente_552424,18,CD_08,CD_02
30777,Cliente_30777,24,CD_07,CD_15
459974,Cliente_459974,4,CD_03,CD_07
271353,Cliente_271353,6,CD_19,CD_12
998320,Cliente_998320,30,CD_03,CD_14
230653,Cliente_230653,24,CD_17,CD_06
467014,Cliente_467014,29,CD_00,CD_05
528333,Cliente_528333,22,CD_07,CD_17
514059,Cliente_514059,11,CD_04,CD_19
775541,Cliente_775541,24,CD_10,CD_09
999072,Cliente_999072,8,CD_07,CD_05
230272,Cliente_230272,6,CD_17,CD_07
653772,Cliente_653772,1,CD_13,CD_16
890814,Cliente_890814,10,CD_08,CD_11
940470,Cliente_940470,16,CD_11,CD_09
995518,Cliente_995518,17,CD_12,CD_10
637191,Cliente_637191,2,CD_04,CD_12
722100,Cliente_722100,6,CD_07,CD_19
494057,Cliente_494057,17,CD_00,CD_03
128329,Cliente_128329,21,CD_06,CD_15
16748,Cliente_16748,26,CD_06,CD_01
51708,Cliente_51708,6,CD_11,CD_09
980271,Cliente_980271,9,CD_16,CD_15
336289,Cliente_336289,17,CD_08,CD_05
450765,Cliente_450765,5,CD_10,CD_00
524712,Cliente_524712,14,CD_05,CD_20
171034,Cliente_171034,21,CD_01,CD_13
564249,Cliente_564249,14,CD_07,CD_11
34468,Cliente_34468,15,CD_17,CD_13
918554,Cliente_918554,18,CD_10,CD_16
561268,Cliente_561268,8,CD_13,CD_06
439973,Cliente_439973,22,CD_18,CD_10
466765,Cliente_466765,18,CD_09,CD_17
991533,Cliente_991533,3,CD_04,CD_09
348229,Cliente_348229,23,CD_13,CD_07
319223,Cliente_319223,19,CD_17,CD_08
758120,Cliente_758120,14,CD_19,CD_16
530206,Cliente_530206,14,CD_16,CD_09
221876,Cliente_221876,26,CD_06,CD_03
901606,Cliente_901606,14,CD_01,CD_08
783948,Cliente_783948,25,CD_04,CD_10
96548,Cliente_96548,13,CD_00,CD_19
188326,Cliente_188326,19,CD_08,CD_16
548381,Cliente_548381,8,CD_05,CD_01
502736,Cliente_502736,25,CD_12,CD_00
851290,Cliente_851290,14,CD_16,CD_02
934153,Cliente_934153,30,CD_08,CD_09
529930,Cliente_529930,12,CD_05,CD_19
108402,Cliente_108402,12,CD_11,CD_15
434091,Cliente_434091,15,CD_17,CD_18
572281,Cliente_572281,20,CD_07,CD_09
294440,Cliente_294440,29,CD_02,CD_17
684052,Cliente_684052,24,CD_01,CD_14
178389,Cliente_178389,21,CD_06,CD_17
572165,Cliente_572165,15,CD_01,CD_12
246702,Cliente_246702,13,CD_07,CD_03
89045,Cliente_89045,19,CD_18,CD_06
838493,Cliente_838493,18,CD_12,CD_01
618778,Cliente_618778,1,CD_19,CD_06
304883,Cliente_304883,24,CD_10,CD_05
621107,Cliente_621107,28,CD_11,CD_08
445932,Cliente_445932,17,CD_03,CD_13
755312,Cliente_755312,10,CD_01,CD_07
623141,Cliente_623141,3,CD_15,CD_05
495184,Cliente_495184,15,CD_04,CD_02
434354,Cliente_434354,8,CD_03,CD_12
108778,Cliente_108778,10,CD_08,CD_20
313839,Cliente_313839,17,CD_10,CD_14
839594,Cliente_839594,4,CD_09,CD_11
330995,Cliente_330995,10,CD_03,CD_05
879804,Cliente_879804,9,CD_05,CD_17
802401,Cliente_802401,15,CD_11,CD_19
57828,Cliente_57828,29,CD_11,CD_01
511075,Cliente_511075,10,CD_06,CD_11
763050,Cliente_763050,20,CD_10,CD_15
510497,Cliente_510497,15,CD_11,CD_06
539814,Cliente_539814,24,CD_02,CD_11
808758,Cliente_808758,24,CD_18,CD_20
767876,Cliente_767876,25,CD_12,CD_09
752044,Cliente_752044,28,CD_04,CD_00
352001,Cliente_352001,13,CD_07,CD_10
588354,Cliente_588354,4,CD_01,CD_19
943660,Cliente_943660,27,CD_06,CD_07
408297,Cliente_408297,3,CD_11,CD_20
513958,Cliente_513958,26,CD_07,CD_00
612738,Cliente_612738,15,CD_20,CD_12
843490,Cliente_843490,28,CD_01,CD_00
769441,Cliente_769441,17,CD_09,CD_13
808101,Cliente_808101,12,CD_15,CD_12
786445,Cliente_786445,25,CD_13,CD_08
754758,Cliente_754758,3,CD_05,CD_09
456253,Cliente_456253,28,CD_08,CD_18
505326,Cliente_505326,13,CD_04,CD_09
173746,Cliente_173746,3,CD_06,CD_12
840831,Cliente_840831,17,CD_01,CD_14
61448,Cliente_61448,6,CD_05,CD_02
36901,Cliente_36901,1,CD_06,CD_18
873384,Cliente_873384,20,CD_13,CD_19
418186,Cliente_418186,7,CD_10,CD_20
879799,Cliente_879799,11,CD_04,CD_13
106739,Cliente_106739,24,CD_19,CD_12
633767,Cliente_633767,19,CD_13,CD_05
768652,Cliente_768652,16,CD_09,CD_17
220787,Cliente_220787,28,CD_15,CD_02
527470,Cliente_527470,14,CD_15,CD_17
953055,Cliente_953055,9,CD_12,CD_05
290139,Cliente_290139,11,CD_08,CD_05
453561,Cliente_453561,2,CD_03,CD_12
392509,Cliente_392509,14,CD_04,CD_10
581148,Cliente_581148,12,CD_11,CD_12
228012,Cliente_228012,6,CD_03,CD_17
572330,Cliente_572330,21,CD_15,CD_03
28903,Cliente_28903,4,CD_20,CD_15
490767,Cliente_490767,13,CD_03,CD_06
974807,Cliente_974807,20,CD_17,CD_09
771907,Cliente_771907,25,CD_07,CD_18
303057,Cliente_303057,26,CD_08,CD_14
39237,Cliente_39237,22,CD_06,CD_04
865682,Cliente_865682,11,CD_12,CD_10
176226,Cliente_176226,14,CD_02,CD_10
195586,Cliente_195586,21,CD_10,CD_13
700781,Cliente_700781,2,CD_16,CD_20
654068,Cliente_654068,18,CD_16,CD_06
774342,Cliente_774342,27,CD_00,CD_07
581858,Cliente_581858,28,CD_07,CD_19
750806,Cliente_750806,22,CD_20,CD_05
519730,Cliente_519730,3,CD_17,CD_09
919566,Cliente_919566,19,CD_12,CD_09
130741,Cliente_130741,11,CD_02,CD_10
547053,Cliente_547053,7,CD_11,CD_14
133127,Cliente_133127,7,CD_14,CD_03
585954,Cliente_585954,25,CD_06,CD_05
731859,Cliente_731859,18,CD_19,CD_04
620970,Cliente_620970,1,CD_15,CD_09
103921,Cliente_103921,30,CD_09,CD_04
339694,Cliente_339694,8,CD_01,CD_12
131141,Cliente_131141,16,CD_04,CD_20
51513,Cliente_51513,2,CD_13,CD_07
979027,Cliente_979027,13,CD_10,CD_04
4507,Cliente_4507,15,CD_01,CD_15
935427,Cliente_935427,30,CD_09,CD_08
60644,Cliente_60644,4,CD_08,CD_18
645791,Cliente_645791,30,CD_04,CD_10
735644,Cliente_735644,28,CD_15,CD_13
974886,Cliente_974886,2,CD_06,CD_20
173583,Cliente_173583,15,CD_09,CD_19
360512,Cliente_360512,12,CD_14,CD_03
126644,Cliente_126644,10,CD_13,CD_09
230063,Cliente_230063,23,CD_14,CD_00
472990,Cliente_472990,22,CD_06,CD_17
553357,Cliente_553357,21,CD_17,CD_07
777599,Cliente_777599,2,CD_06,CD_03
154989,Cliente_154989,3,CD_17,CD_20
63838,Cliente_63838,13,CD_13,CD_08
125855,Cliente_125855,12,CD_19,CD_17
200672,Cliente_200672,20,CD_13,CD_14
856939,Cliente_856939,22,CD_08,CD_13
822273,Cliente_822273,12,CD_15,CD_02
262803,Cliente_262803,1,CD_17,CD_07
730970,Cliente_730970,20,CD_09,CD_05
144979,Cliente_144979,19,CD_08,CD_12
997787,Cliente_997787,24,CD_12,CD_17
197410,Cliente_197410,17,CD_17,CD_14
574351,Cliente_574351,12,CD_07,CD_16
85360,Cliente_85360,27,CD_01,CD_17
530332,Cliente_530332,25,CD_02,CD_03
433960,Cliente_433960,7,CD_06,CD_13
999234,Cliente_999234,20,CD_20,CD_04
528877,Cliente_528877,10,CD_18,CD_13
722649,Cliente_722649,13,CD_09,CD_02
338206,Cliente_338206,29,CD_14,CD_13
507029,Cliente_507029,13,CD_18,CD_08
264915,Cliente_264915,6,CD_05,CD_02
821827,Cliente_821827,9,CD_11,CD_06
418079,Cliente_418079,13,CD_11,CD_03
869131,Cliente_869131,18,CD_10,CD_17
112718,Cliente_112718,18,CD_10,CD_15
262125,Cliente_262125,9,CD_19,CD_09
808294,Cliente_808294,24,CD_03,CD_11
672326,Cliente_672326,8,CD_18,CD_03
26279,Cliente_26279,13,CD_18,CD_04
718617,Cliente_718617,20,CD_11,CD_10
284017,Cliente_284017,20,CD_07,CD_10
972852,Cliente_972852,27,CD_09,CD_03
519306,Cliente_519306,25,CD_05,CD_16
409305,Cliente_409305,19,CD_00,CD_04
445155,Cliente_445155,7,CD_10,CD_12
273070,Cliente_273070,12,CD_13,CD_16
761929,Cliente_761929,10,CD_15,CD_02
488556,Cliente_488556,12,CD_06,CD_20
504189,Cliente_504189,8,CD_14,CD_15
962543,Cliente_962543,1,CD_15,CD_00
261189,Cliente_261189,5,CD_10,CD_16
802485,Cliente_802485,14,CD_08,CD_19
640423,Cliente_640423,25,CD_20,CD_06
159220,Cliente_159220,28,CD_09,CD_10
150919,Cliente_150919,21,CD_05,CD_20
741851,Cliente_741851,28,CD_02,CD_15
91635,Cliente_91635,4,CD_16,CD_01
245541,Cliente_245541,1,CD_18,CD_01
68342,Cliente_68342,11,CD_15,CD_04
692176,Cliente_692176,7,CD_13,CD_17
356706,Cliente_356706,28,CD_02,CD_08
288532,Cliente_288532,12,CD_14,CD_07
196390,Cliente_196390,1,CD_17,CD_12
593124,Cliente_593124,3,CD_20,CD_09
649480,Cliente_649480,27,CD_03,CD_16
730156,Cliente_730156,19,CD_18,CD_02
650154,Cliente_650154,13,CD_19,CD_17
846226,Cliente_846226,7,CD_05,CD_02
480903,Cliente_480903,30,CD_14,CD_06
38006,Cliente_38006,9,CD_13,CD_02
470964,Cliente_470964,21,CD_02,CD_08
643763,Cliente_643763,17,CD_01,CD_02
71969,Cliente_71969,14,CD_15,CD_20
605937,Cliente_605937,22,CD_17,CD_04
538121,Cliente_538121,9,CD_17,CD_03
526848,Cliente_526848,17,CD_17,CD_14
12579,Cliente_12579,13,CD_18,CD_11
584130,Cliente_584130,6,CD_10,CD_07
109762,Cliente_109762,9,CD_00,CD_03
217618,Cliente_217618,25,CD_14,CD_05
896182,Cliente_896182,26,CD_09,CD_19
261247,Cliente_261247,26,CD_19,CD_00
178843,Cliente_178843,2,CD_05,CD_15
620232,Cliente_620232,10,CD_03,CD_13
402468,Cliente_402468,13,CD_00,CD_06
396001,Cliente_396001,16,CD_00,CD_02
267540,Cliente_267540,13,CD_18,CD_04
235884,Cliente_235884,25,CD_12,CD_06
76479,Cliente_76479,24,CD_01,CD_04
249408,Cliente_249408,11,CD_00,CD_01
690061,Cliente_690061,3,CD_18,CD_14
365477,Cliente_365477,21,CD_10,CD_00
469303,Cliente_469303,24,CD_06,CD_07
394837,Cliente_394837,20,CD_04,CD_02
310856,Cliente_310856,25,CD_09,CD_19
884733,Cliente_884733,12,CD_04,CD_07
713596,Cliente_713596,19,CD_00,CD_02
572921,Cliente_572921,15,CD_08,CD_10
963859,Cliente_963859,22,CD_15,CD_06
398237,Cliente_398237,5,CD_10,CD_06
146087,Cliente_146087,18,CD_11,CD_16
420932,Cliente_420932,2,CD_15,CD_05
672503,Cliente_672503,15,CD_17,CD_06
226554,Cliente_226554,15,CD_07,CD_12
8170,Cliente_8170,26,CD_18,CD_14
991186,Cliente_991186,20,CD_15,CD_20
375250,Cliente_375250,26,CD_09,CD_07
346283,Cliente_346283,13,CD_11,CD_00
829226,Cliente_829226,30,CD_00,CD_11
406959,Cliente_406959,11,CD_18,CD_07
450458,Cliente_450458,9,CD_15,CD_13
360721,Cliente_360721,8,CD_20,CD_08
593775,Cliente_593775,9,CD_09,CD_03
508428,Cliente_508428,8,CD_04,CD_17
94309,Cliente_94309,4,CD_02,CD_15
758952,Cliente_758952,24,CD_19,CD_00
880799,Cliente_880799,11,CD_02,CD_06
616822,Cliente_616822,4,CD_18,CD_06
514090,Cliente_514090,3,CD_15,CD_18
733520,Cliente_733520,4,CD_13,CD_04
173440,Cliente_173440,26,CD_08,CD_05
772060,Cliente_772060,8,CD_09,CD_07
313920,Cliente_313920,23,CD_11,CD_09
327112,Cliente_327112,6,CD_04,CD_18
890104,Cliente_890104,23,CD_11,CD_19
694540,Cliente_694540,20,CD_04,CD_00
350301,Cliente_350301,18,CD_19,CD_15
48813,Cliente_48813,18,CD_02,CD_20
624335,Cliente_624335,13,CD_03,CD_08
760607,Cliente_760607,7,CD_06,CD_01
466539,Cliente_466539,20,CD_08,CD_06
340872,Cliente_340872,1,CD_07,CD_13
332335,Cliente_332335,14,CD_03,CD_11
966162,Cliente_966162,23,CD_15,CD_03
28540,Cliente_28540,29,CD_03,CD_07
519959,Cliente_519959,29,CD_10,CD_15
329928,Cliente_329928,16,CD_08,CD_18
905397,Cliente_905397,12,CD_18,CD_01
685542,Cliente_685542,21,CD_02,CD_04
112265,Cliente_112265,19,CD_10,CD_05
24394,Cliente_24394,27,CD_05,CD_17
966021,Cliente_966021,11,CD_14,CD_16
562177,Cliente_562177,1,CD_08,CD_02
982151,Cliente_982151,23,CD_02,CD_20
108837,Cliente_108837,27,CD_07,CD_11
39174,Cliente_39174,25,CD_02,CD_15
280428,Cliente_280428,8,CD_10,CD_04
352908,Cliente_352908,29,CD_15,CD_16
377158,Cliente_377158,22,CD_14,CD_09
436031,Cliente_436031,13,CD_11,CD_18
670493,Cliente_670493,1,CD_12,CD_02
717278,Cliente_717278,21,CD_06,CD_02
614754,Cliente_614754,20,CD_17,CD_12
463990,Cliente_463990,6,CD_12,CD_16
773190,Cliente_773190,6,CD_13,CD_03
206473,Cliente_206473,25,CD_00,CD_11
908120,Cliente_908120,15,CD_17,CD_19
488900,Cliente_488900,8,CD_08,CD_05
375811,Cliente_375811,4,CD_11,CD_15
134341,Cliente_134341,28,CD_10,CD_03
202725,Cliente_202725,26,CD_06,CD_01
53307,Cliente_53307,5,CD_06,CD_05
236558,Cliente_236558,22,CD_08,CD_19
320614,Cliente_320614,30,CD_09,CD_17
15168,Cliente_15168,18,CD_20,CD_19
800731,Cliente_800731,19,CD_09,CD_07
661104,Cliente_661104,22,CD_03,CD_20
356990,Cliente_356990,8,CD_14,CD_19
80387,Cliente_80387,24,CD_20,CD_19
353479,Cliente_353479,9,CD_04,CD_08
801681,Cliente_801681,16,CD_05,CD_17
169597,Cliente_169597,3,CD_03,CD_14
373094,Cliente_373094,6,CD_05,CD_00
861693,Cliente_861693,25,CD_16,CD_02
920379,Cliente_920379,2,CD_05,CD_09
798523,Cliente_798523,1,CD_00,CD_03
664379,Cliente_664379,25,CD_07,CD_15
169076,Cliente_169076,14,CD_10,CD_03
551807,Cliente_551807,23,CD_06,CD_18
882763,Cliente_882763,24,CD_00,CD_18
327471,Cliente_327471,24,CD_04,CD_10
628046,Cliente_628046,7,CD_13,CD_11
503011,Cliente_503011,20,CD_05,CD_15
649451,Cliente_649451,17,CD_10,CD_03
994446,Cliente_994446,30,CD_07,CD_08
499564,Cliente_499564,9,CD_19,CD_05
569318,Cliente_569318,30,CD_00,CD_08
652806,Cliente_652806,15,CD_06,CD_19
558523,Cliente_558523,16,CD_20,CD_02
148929,Cliente_148929,14,CD_04,CD_06
700255,Cliente_700255,29,CD_00,CD_14
924746,Cliente_924746,16,CD_10,CD_06
387815,Cliente_387815,23,CD_06,CD_15
978670,Cliente_978670,17,CD_15,CD_05
485546,Cliente_485546,27,CD_13,CD_17
174237,Cliente_174237,1,CD_01,CD_10
830080,Cliente_830080,16,CD_18,CD_07
209959,Cliente_209959,20,CD_01,CD_12
418243,Cliente_418243,21,CD_18,CD_08
272258,Cliente_272258,24,CD_18,CD_00
634001,Cliente_634001,29,CD_02,CD_05
275585,Cliente_275585,18,CD_16,CD_12
441991,Cliente_441991,29,CD_03,CD_17
888733,Cliente_888733,17,CD_05,CD_12
890823,Cliente_890823,19,CD_17,CD_04
318384,Cliente_318384,28,CD_02,CD_13
451187,Cliente_451187,2,CD_12,CD_09
944565,Cliente_944565,22,CD_02,CD_19
271407,Cliente_271407,13,CD_03,CD_02
183369,Cliente_183369,17,CD_11,CD_03
522914,Cliente_522914,4,CD_01,CD_06
500375,Cliente_500375,27,CD_03,CD_19
393607,Cliente_393607,29,CD_15,CD_06
820318,Cliente_820318,27,CD_14,CD_18
670147,Cliente_670147,15,CD_01,CD_17
849328,Cliente_849328,20,CD_14,CD_16
302863,Cliente_302863,17,CD_04,CD_12
71341,Cliente_71341,4,CD_20,CD_13
838877,Cliente_838877,7,CD_12,CD_16
221036,Cliente_221036,26,CD_10,CD_19
568444,Cliente_568444,7,CD_11,CD_14
989311,Cliente_989311,14,CD_08,CD_01
806226,Cliente_806226,26,CD_10,CD_08
586099,Cliente_586099,27,CD_07,CD_10
638881,Cliente_638881,17,CD_19,CD_10
204943,Cliente_204943,28,CD_17,CD_16
701508,Cliente_701508,19,CD_17,CD_15
201234,Cliente_201234,6,CD_14,CD_09
272816,Cliente_272816,5,CD_09,CD_00
431414,Cliente_431414,15,CD_07,CD_11
262453,Cliente_262453,10,CD_08,CD_01
612529,Cliente_612529,14,CD_08,CD_12
676093,Cliente_676093,9,CD_04,CD_17
17009,Cliente_17009,10,CD_11,CD_06
843145,Cliente_843145,2,CD_17,CD_01
841565,Cliente_841565,16,CD_19,CD_13
524217,Cliente_524217,30,CD_09,CD_06
126776,Cliente_126776,30,CD_04,CD_09
713146,Cliente_713146,10,CD_06,CD_04
884115,Cliente_884115,15,CD_15,CD_04
653902,Cliente_653902,24,CD_10,CD_20
750212,Cliente_750212,21,CD_17,CD_04
355908,Cliente_355908,19,CD_12,CD_19
401213,Cliente_401213,18,CD_10,CD_03
228887,Cliente_228887,11,CD_13,CD_17
173497,Cliente_173497,24,CD_03,CD_01
352550,Cliente_352550,25,CD_14,CD_02
967812,Cliente_967812,7,CD_05,CD_10
155705,Cliente_155705,1,CD_17,CD_11
679342,Cliente_679342,20,CD_04,CD_08
703349,Cliente_703349,7,CD_01,CD_05
719431,Cliente_719431,14,CD_07,CD_10
503334,Cliente_503334,4,CD_00,CD_12
126177,Cliente_126177,27,CD_02,CD_12
444086,Cliente_444086,25,CD_17,CD_09
242705,Cliente_242705,7,CD_02,CD_14
277811,Cliente_277811,7,CD_14,CD_19
448302,Cliente_448302,20,CD_03,CD_05
504716,Cliente_504716,2,CD_18,CD_15
524752,Cliente_524752,6,CD_13,CD_09
268692,Cliente_268692,23,CD_02,CD_12
26257,Cliente_26257,26,CD_06,CD_03
13949,Cliente_13949,29,CD_13,CD_16
496271,Cliente_496271,22,CD_17,CD_04
111838,Cliente_111838,12,CD_14,CD_17
479911,Cliente_479911,30,CD_01,CD_03
798382,Cliente_798382,17,CD_07,CD_13
937147,Cliente_937147,2,CD_04,CD_06
822597,Cliente_822597,5,CD_10,CD_18
210477,Cliente_210477,24,CD_02,CD_03
238049,Cliente_238049,16,CD_11,CD_12
480417,Cliente_480417,12,CD_18,CD_13
592926,Cliente_592926,24,CD_09,CD_11
699262,Cliente_699262,14,CD_11,CD_20
700477,Cliente_700477,8,CD_14,CD_03
52845,Cliente_52845,26,CD_12,CD_20
169401,Cliente_169401,11,CD_20,CD_07
360994,Cliente_360994,28,CD_07,CD_04
809510,Cliente_809510,26,CD_07,CD_13
324692,Cliente_324692,26,CD_06,CD_08
63206,Cliente_63206,10,CD_18,CD_01
642708,Cliente_642708,19,CD_19,CD_05
368274,Cliente_368274,14,CD_15,CD_05
187821,Cliente_187821,7,CD_20,CD_10
891262,Cliente_891262,18,CD_10,CD_01
286664,Cliente_286664,3,CD_00,CD_10
524660,Cliente_524660,1,CD_04,CD_00
382758,Cliente_382758,10,CD_18,CD_03
807099,Cliente_807099,29,CD_06,CD_01
528738,Cliente_528738,13,CD_16,CD_04
288020,Cliente_288020,27,CD_07,CD_08
49649,Cliente_49649,11,CD_07,CD_01
264760,Cliente_264760,24,CD_16,CD_19
696483,Cliente_696483,11,CD_20,CD_01
806941,Cliente_806941,16,CD_05,CD_12
640161,Cliente_640161,7,CD_17,CD_13
412371,Cliente_412371,27,CD_18,CD_14
707791,Cliente_707791,2,CD_19,CD_01
573258,Cliente_573258,14,CD_01,CD_12
207172,Cliente_207172,11,CD_11,CD_16
72839,Cliente_72839,26,CD_08,CD_02
856307,Cliente_856307,28,CD_13,CD_11
54775,Cliente_54775,6,CD_02,CD_05
802780,Cliente_802780,6,CD_06,CD_12
387067,Cliente_387067,14,CD_02,CD_03
362575,Cliente_362575,2,CD_03,CD_05
297061,Cliente_297061,12,CD_06,CD_12
926320,Cliente_926320,23,CD_09,CD_04
341177,Cliente_341177,24,CD_11,CD_19
429811,Cliente_429811,21,CD_20,CD_01
617196,Cliente_617196,18,CD_06,CD_15
423904,Cliente_423904,27,CD_11,CD_02
447784,Cliente_447784,27,CD_00,CD_17
53391,Cliente_53391,29,CD_02,CD_10
405253,Cliente_405253,6,CD_09,CD_13
525997,Cliente_525997,22,CD_14,CD_09
981137,Cliente_981137,16,CD_00,CD_19
275701,Cliente_275701,14,CD_11,CD_05
168201,Cliente_168201,2,CD_04,CD_20
298744,Cliente_298744,15,CD_08,CD_03
965021,Cliente_965021,5,CD_17,CD_10
614805,Cliente_614805,10,CD_00,CD_07
642223,Cliente_642223,28,CD_01,CD_00
141120,Cliente_141120,5,CD_20,CD_00
602388,Cliente_602388,27,CD_02,CD_10
57279,Cliente_57279,18,CD_08,CD_19
581521,Cliente_581521,9,CD_15,CD_01
578855,Cliente_578855,28,CD_07,CD_19
379550,Cliente_379550,23,CD_18,CD_20
680227,Cliente_680227,7,CD_15,CD_04
277414,Cliente_277414,28,CD_04,CD_17
528557,Cliente_528557,4,CD_17,CD_19
792069,Cliente_792069,26,CD_03,CD_00
256659,Cliente_256659,16,CD_07,CD_15
517384,Cliente_517384,9,CD_01,CD_13
697778,Cliente_697778,24,CD_19,CD_00
797808,Cliente_797808,19,CD_11,CD_02
461758,Cliente_461758,8,CD_06,CD_18
67118,Cliente_67118,25,CD_12,CD_16
396024,Cliente_396024,5,CD_00,CD_07
973544,Cliente_973544,8,CD_06,CD_17
841461,Cliente_841461,25,CD_15,CD_08
545266,Cliente_545266,4,CD_11,CD_01
451678,Cliente_451678,3,CD_20,CD_19
582166,Cliente_582166,29,CD_09,CD_13
739178,Cliente_739178,20,CD_00,CD_13
908236,Cliente_908236,29,CD_03,CD_10
284388,Cliente_284388,4,CD_02,CD_09
843521,Cliente_843521,11,CD_04,CD_13
534827,Cliente_534827,19,CD_00,CD_14
215060,Cliente_215060,12,CD_11,CD_17
151468,Cliente_151468,27,CD_07,CD_01
619412,Cliente_619412,29,CD_04,CD_20
715626,Cliente_715626,19,CD_18,CD_04
376771,Cliente_376771,28,CD_10,CD_20
843319,Cliente_843319,24,CD_05,CD_13
645717,Cliente_645717,20,CD_07,CD_17
685303,Cliente_685303,22,CD_15,CD_11
916593,Cliente_916593,22,CD_08,CD_13
973795,Cliente_973795,5,CD_09,CD_00
2350,Cliente_2350,2,CD_15,CD_11
598787,Cliente_598787,25,CD_03,CD_04
860183,Cliente_860183,24,CD_18,CD_09
627635,Cliente_627635,10,CD_18,CD_03
957479,Cliente_957479,6,CD_03,CD_20
936286,Cliente_936286,28,CD_02,CD_15
785677,Cliente_785677,15,CD_15,CD_13
154566,Cliente_154566,27,CD_10,CD_20
389609,Cliente_389609,12,CD_18,CD_14
885241,Cliente_885241,1,CD_16,CD_20
509068,Cliente_509068,29,CD_15,CD_08
352412,Cliente_352412,11,CD_04,CD_00
378364,Cliente_378364,29,CD_14,CD_11
364516,Cliente_364516,10,CD_16,CD_08
267693,Cliente_267693,8,CD_12,CD_14
93912,Cliente_93912,28,CD_14,CD_13
876680,Cliente_876680,15,CD_05,CD_00
697360,Cliente_697360,27,CD_03,CD_13
978919,Cliente_978919,3,CD_01,CD_17
310574,Cliente_310574,12,CD_10,CD_03
503251,Cliente_503251,16,CD_07,CD_06
64326,Cliente_64326,22,CD_13,CD_16
732374,Cliente_732374,28,CD_16,CD_13
348443,Cliente_348443,1,CD_11,CD_16
593023,Cliente_593023,23,CD_18,CD_15
430756,Cliente_430756,7,CD_12,CD_04
962097,Cliente_962097,1,CD_01,CD_02
894908,Cliente_894908,1,CD_09,CD_00
87125,Cliente_87125,11,CD_11,CD_12
565229,Cliente_565229,12,CD_03,CD_10
131042,Cliente_131042,28,CD_00,CD_20
838888,Cliente_838888,15,CD_00,CD_12
300693,Cliente_300693,27,CD_17,CD_02
94729,Cliente_94729,19,CD_18,CD_01
664183,Cliente_664183,5,CD_16,CD_09
831957,Cliente_831957,13,CD_04,CD_14
547356,Cliente_547356,3,CD_07,CD_14
826748,Cliente_826748,14,CD_17,CD_01
708640,Cliente_708640,11,CD_00,CD_03
663833,Cliente_663833,16,CD_16,CD_12
212201,Cliente_212201,22,CD_13,CD_12
561315,Cliente_561315,23,CD_01,CD_04
585796,Cliente_585796,27,CD_11,CD_13
363166,Cliente_363166,7,CD_20,CD_03
865291,Cliente_865291,17,CD_02,CD_13
728964,Cliente_728964,19,CD_20,CD_19
609823,Cliente_609823,23,CD_09,CD_14
412601,Cliente_412601,13,CD_17,CD_11
839150,Cliente_839150,16,CD_00,CD_07
648389,Cliente_648389,11,CD_10,CD_05
32489,Cliente_32489,3,CD_19,CD_03
706450,Cliente_706450,22,CD_04,CD_17
624451,Cliente_624451,2,CD_05,CD_04
949484,Cliente_949484,30,CD_03,CD_02
107311,Cliente_107311,3,CD_09,CD_05
286591,Cliente_286591,2,CD_13,CD_12
60645,Cliente_60645,6,CD_16,CD_10
553757,Cliente_553757,27,CD_01,CD_18
268317,Cliente_268317,17,CD_14,CD_15
527157,Cliente_527157,11,CD_11,CD_08
323281,Cliente_323281,21,CD_09,CD_17
221788,Cliente_221788,11,CD_00,CD_06
624831,Cliente_624831,9,CD_00,CD_01
904263,Cliente_904263,2,CD_06,CD_15
618213,Cliente_618213,26,CD_15,CD_19
259534,Cliente_259534,26,CD_04,CD_02
73923,Cliente_73923,25,CD_00,CD_15
396651,Cliente_396651,23,CD_16,CD_05
330844,Cliente_330844,25,CD_17,CD_13
479928,Cliente_479928,21,CD_02,CD_11
922996,Cliente_922996,6,CD_11,CD_14
852916,Cliente_852916,19,CD_12,CD_06
958354,Cliente_958354,2,CD_11,CD_13
27390,Cliente_27390,30,CD_10,CD_01
949439,Cliente_949439,4,CD_07,CD_12
662744,Cliente_662744,11,CD_01,CD_05
218888,Cliente_218888,7,CD_14,CD_05
252031,Cliente_252031,6,CD_03,CD_01
900738,Cliente_900738,26,CD_04,CD_14
46586,Cliente_46586,9,CD_20,CD_04
464218,Cliente_464218,9,CD_01,CD_03
52944,Cliente_52944,1,CD_02,CD_12
782748,Cliente_782748,29,CD_17,CD_15
461190,Cliente_461190,24,CD_17,CD_13
357356,Cliente_357356,2,CD_03,CD_02
391047,Cliente_391047,12,CD_03,CD_01
653781,Cliente_653781,14,CD_00,CD_12
795112,Cliente_795112,15,CD_01,CD_09
770827,Cliente_770827,1,CD_13,CD_17
568460,Cliente_568460,5,CD_12,CD_07
336359,Cliente_336359,24,CD_07,CD_01
429128,Cliente_429128,3,CD_12,CD_20
994557,Cliente_994557,9,CD_11,CD_20
607190,Cliente_607190,3,CD_01,CD_07
846529,Cliente_846529,2,CD_16,CD_00
839380,Cliente_839380,26,CD_12,CD_10
781802,Cliente_781802,30,CD_20,CD_18
295908,Cliente_295908,1,CD_04,CD_05
502865,Cliente_502865,27,CD_17,CD_14
788520,Cliente_788520,15,CD_00,CD_06
951090,Cliente_951090,12,CD_11,CD_08
704452,Cliente_704452,18,CD_08,CD_04
4714,Cliente_4714,6,CD_13,CD_10
616416,Cliente_616416,18,CD_12,CD_15
22714,Cliente_22714,12,CD_16,CD_06
170403,Cliente_170403,3,CD_17,CD_08
558082,Cliente_558082,29,CD_17,CD_19
386168,Cliente_386168,20,CD_06,CD_02
679046,Cliente_679046,26,CD_16,CD_07
629068,Cliente_629068,27,CD_05,CD_10
78700,Cliente_78700,10,CD_10,CD_09
376269,Cliente_376269,27,CD_20,CD_16
97275,Cliente_97275,2,CD_15,CD_05
866732,Cliente_866732,22,CD_00,CD_18
253854,Cliente_253854,3,CD_18,CD_19
580955,Cliente_580955,4,CD_05,CD_15
88862,Cliente_88862,8,CD_04,CD_12
251984,Cliente_251984,14,CD_17,CD_10
950620,Cliente_950620,23,CD_15,CD_08
214103,Cliente_214103,7,CD_13,CD_10
536950,Cliente_536950,4,CD_11,CD_03
243087,Cliente_243087,4,CD_03,CD_16
295450,Cliente_295450,23,CD_19,CD_10
27143,Cliente_27143,2,CD_00,CD_17
130044,Cliente_130044,16,CD_06,CD_16
105072,Cliente_105072,7,CD_20,CD_04
336155,Cliente_336155,6,CD_01,CD_03
965377,Cliente_965377,6,CD_20,CD_15
291943,Cliente_291943,13,CD_09,CD_12
470950,Cliente_470950,25,CD_20,CD_15
169759,Cliente_169759,9,CD_09,CD_16
970187,Cliente_970187,19,CD_15,CD_10
959728,Cliente_959728,16,CD_17,CD_13
119215,Cliente_119215,10,CD_15,CD_09
440295,Cliente_440295,15,CD_09,CD_06
690625,Cliente_690625,26,CD_05,CD_15
587011,Cliente_587011,2,CD_10,CD_12
815128,Cliente_815128,19,CD_04,CD_18
754503,Cliente_754503,30,CD_01,CD_14
52182,Cliente_52182,21,CD_14,CD_11
396568,Cliente_396568,10,CD_19,CD_08
862298,Cliente_862298,26,CD_14,CD_15
221158,Cliente_221158,2,CD_04,CD_15
172978,Cliente_172978,21,CD_01,CD_12
287656,Cliente_287656,11,CD_07,CD_01
35987,Cliente_35987,13,CD_13,CD_00
642493,Cliente_642493,8,CD_01,CD_17
826361,Cliente_826361,19,CD_14,CD_08
836813,Cliente_836813,17,CD_10,CD_14
584154,Cliente_584154,28,CD_18,CD_08
132626,Cliente_132626,16,CD_20,CD_01
190464,Cliente_190464,4,CD_04,CD_19
509540,Cliente_509540,9,CD_07,CD_02
77084,Cliente_77084,3,CD_17,CD_07
650475,Cliente_650475,9,CD_04,CD_17
733835,Cliente_733835,1,CD_03,CD_18
483201,Cliente_483201,24,CD_17,CD_02
292059,Cliente_292059,29,CD_01,CD_03
475593,Cliente_475593,1,CD_01,CD_05
526166,Cliente_526166,27,CD_15,CD_12
459009,Cliente_459009,27,CD_07,CD_08
241660,Cliente_241660,19,CD_00,CD_12
665920,Cliente_665920,24,CD_12,CD_10
966283,Cliente_966283,3,CD_01,CD_17
871031,Cliente_871031,20,CD_04,CD_01
957560,Cliente_957560,13,CD_02,CD_00
58930,Cliente_58930,21,CD_06,CD_14
476277,Cliente_476277,6,CD_01,CD_13
923478,Cliente_923478,5,CD_20,CD_10
712811,Cliente_712811,7,CD_09,CD_01
897954,Cliente_897954,8,CD_14,CD_00
647294,Cliente_647294,2,CD_13,CD_07
640496,Cliente_640496,18,CD_08,CD_01
748750,Cliente_748750,20,CD_16,CD_08
538418,Cliente_538418,9,CD_13,CD_17
466418,Cliente_466418,27,CD_19,CD_00
181495,Cliente_181495,30,CD_18,CD_06
401340,Cliente_401340,27,CD_07,CD_00
154917,Cliente_154917,26,CD_00,CD_11
91769,Cliente_91769,14,CD_15,CD_13
945086,Cliente_945086,13,CD_17,CD_09
656880,Cliente_656880,15,CD_09,CD_15
567709,Cliente_567709,29,CD_06,CD_10
964832,Cliente_964832,16,CD_17,CD_13
19128,Cliente_19128,19,CD_18,CD_15
946756,Cliente_946756,11,CD_14,CD_09
759901,Cliente_759901,19,CD_06,CD_00
632464,Cliente_632464,12,CD_08,CD_19
980150,Cliente_980150,7,CD_00,CD_04
371250,Cliente_371250,24,CD_20,CD_10
174663,Cliente_174663,11,CD_09,CD_13
194964,Cliente_194964,29,CD_15,CD_11
832044,Cliente_832044,30,CD_16,CD_20
642262,Cliente_642262,4,CD_16,CD_14
138270,Cliente_138270,23,CD_11,CD_01
527190,Cliente_527190,23,CD_18,CD_04
887596,Cliente_887596,30,CD_11,CD_19
134633,Cliente_134633,29,CD_07,CD_04
240132,Cliente_240132,29,CD_17,CD_01
512673,Cliente_512673,27,CD_07,CD_12
255401,Cliente_255401,26,CD_17,CD_09
234374,Cliente_234374,5,CD_01,CD_14
561211,Cliente_561211,20,CD_02,CD_12
532383,Cliente_532383,27,CD_09,CD_10
706484,Cliente_706484,5,CD_00,CD_12
762472,Cliente_762472,15,CD_16,CD_18
650855,Cliente_650855,21,CD_01,CD_10
804379,Cliente_804379,15,CD_05,CD_00
481601,Cliente_481601,13,CD_03,CD_20
888041,Cliente_888041,11,CD_11,CD_08
754442,Cliente_754442,19,CD_06,CD_07
172287,Cliente_172287,3,CD_01,CD_00
882402,Cliente_882402,18,CD_15,CD_11
116740,Cliente_116740,5,CD_02,CD_01
737478,Cliente_737478,27,CD_05,CD_08
419031,Cliente_419031,2,CD_15,CD_04
687626,Cliente_687626,19,CD_16,CD_03
444626,Cliente_444626,16,CD_15,CD_03
859166,Cliente_859166,13,CD_01,CD_15
674507,Cliente_674507,8,CD_04,CD_09
724618,Cliente_724618,26,CD_01,CD_17
939792,Cliente_939792,19,CD_12,CD_04
288563,Cliente_288563,30,CD_12,CD_16
670056,Cliente_670056,20,CD_00,CD_05
215638,Cliente_215638,13,CD_18,CD_13
361750,Cliente_361750,20,CD_18,CD_11
774538,Cliente_774538,8,CD_19,CD_00
117527,Cliente_117527,30,CD_09,CD_08
520128,Cliente_520128,19,CD_12,CD_19
12064,Cliente_12064,20,CD_10,CD_04
882436,Cliente_882436,8,CD_12,CD_05
871139,Cliente_871139,19,CD_02,CD_11
248698,Cliente_248698,12,CD_10,CD_17
462344,Cliente_462344,11,CD_03,CD_20
172515,Cliente_172515,6,CD_08,CD_15
179190,Cliente_179190,19,CD_09,CD_13
464664,Cliente_464664,21,CD_01,CD_15
251529,Cliente_251529,11,CD_06,CD_14
442187,Cliente_442187,3,CD_09,CD_16
491035,Cliente_491035,1,CD_16,CD_10
272458,Cliente_272458,28,CD_09,CD_04
849213,Cliente_849213,17,CD_01,CD_02
574077,Cliente_574077,25,CD_18,CD_05
162556,Cliente_162556,14,CD_05,CD_19
316005,Cliente_316005,13,CD_13,CD_16
71582,Cliente_71582,20,CD_07,CD_10
912285,Cliente_912285,18,CD_05,CD_20
776804,Cliente_776804,11,CD_18,CD_04
64666,Cliente_64666,29,CD_03,CD_09
694216,Cliente_694216,8,CD_02,CD_20
97837,Cliente_97837,10,CD_16,CD_04
106366,Cliente_106366,22,CD_09,CD_14
896957,Cliente_896957,10,CD_05,CD_15
229748,Cliente_229748,25,CD_02,CD_08
674702,Cliente_674702,15,CD_09,CD_13
947027,Cliente_947027,10,CD_00,CD_15
921598,Cliente_921598,20,CD_20,CD_06
29437,Cliente_29437,23,CD_17,CD_08
41093,Cliente_41093,18,CD_11,CD_06
172879,Cliente_172879,29,CD_17,CD_19
804274,Cliente_804274,4,CD_19,CD_11
934814,Cliente_934814,7,CD_17,CD_20
217458,Cliente_217458,16,CD_16,CD_08
16955,Cliente_16955,21,CD_13,CD_19
961354,Cliente_961354,9,CD_04,CD_13
543793,Cliente_543793,8,CD_16,CD_04
394905,Cliente_394905,19,CD_12,CD_20
54915,Cliente_54915,16,CD_09,CD_11
450905,Cliente_450905,21,CD_12,CD_14
863024,Cliente_863024,21,CD_03,CD_12
477277,Cliente_477277,15,CD_12,CD_18
997425,Cliente_997425,28,CD_00,CD_20
696786,Cliente_696786,16,CD_11,CD_06
381623,Cliente_381623,14,CD_02,CD_09
675263,Cliente_675263,15,CD_11,CD_10
823791,Cliente_823791,30,CD_04,CD_09
281479,Cliente_281479,28,CD_20,CD_10
530815,Cliente_530815,17,CD_02,CD_03
369251,Cliente_369251,18,CD_19,CD_01
921928,Cliente_921928,11,CD_08,CD_10
521770,Cliente_521770,8,CD_15,CD_13
979427,Cliente_979427,30,CD_20,CD_14
393930,Cliente_393930,27,CD_03,CD_06
567526,Cliente_567526,27,CD_05,CD_16
386510,Cliente_386510,29,CD_14,CD_19
60254,Cliente_60254,4,CD_16,CD_04
88728,Cliente_88728,9,CD_10,CD_09
632980,Cliente_632980,30,CD_15,CD_14
663333,Cliente_663333,16,CD_15,CD_18
741066,Cliente_741066,14,CD_01,CD_09
754190,Cliente_754190,13,CD_02,CD_06
698877,Cliente_698877,11,CD_19,CD_13
773507,Cliente_773507,9,CD_11,CD_04
333730,Cliente_333730,3,CD_19,CD_10
536579,Cliente_536579,28,CD_14,CD_07
687668,Cliente_687668,17,CD_10,CD_08
911273,Cliente_911273,28,CD_15,CD_10
26072,Cliente_26072,16,CD_14,CD_11
913502,Cliente_913502,15,CD_16,CD_20
592182,Cliente_592182,29,CD_14,CD_05
68743,Cliente_68743,15,CD_02,CD_16
420247,Cliente_420247,4,CD_19,CD_02
193118,Cliente_193118,10,CD_19,CD_16
394357,Cliente_394357,26,CD_13,CD_16
997357,Cliente_997357,20,CD_17,CD_10
225852,Cliente_225852,25,CD_12,CD_13
925907,Cliente_925907,27,CD_10,CD_05
476363,Cliente_476363,20,CD_02,CD_03
174845,Cliente_174845,10,CD_11,CD_12
401456,Cliente_401456,11,CD_19,CD_10
538861,Cliente_538861,8,CD_17,CD_14
855663,Cliente_855663,15,CD_00,CD_13
683767,Cliente_683767,29,CD_16,CD_03
339387,Cliente_339387,3,CD_18,CD_12
391102,Cliente_391102,28,CD_02,CD_06
690107,Cliente_690107,2,CD_05,CD_17
616187,Cliente_616187,10,CD_15,CD_10
370182,Cliente_370182,18,CD_01,CD_00
237942,Cliente_237942,4,CD_13,CD_10
328743,Cliente_328743,25,CD_06,CD_00
636618,Cliente_636618,11,CD_11,CD_07
17369,Cliente_17369,17,CD_13,CD_06
457573,Cliente_457573,13,CD_05,CD_02
316746,Cliente_316746,7,CD_04,CD_18
551365,Cliente_551365,14,CD_06,CD_05
712349,Cliente_712349,23,CD_03,CD_02
513177,Cliente_513177,2,CD_14,CD_00
899552,Cliente_899552,3,CD_13,CD_05
810198,Cliente_810198,30,CD_04,CD_08
109625,Cliente_109625,25,CD_01,CD_10
892551,Cliente_892551,27,CD_04,CD_05
809677,Cliente_809677,17,CD_10,CD_15
311182,Cliente_311182,29,CD_14,CD_05
426316,Cliente_426316,2,CD_01,CD_02
779574,Cliente_779574,13,CD_12,CD_18
585069,Cliente_585069,7,CD_13,CD_05
380917,Cliente_380917,7,CD_12,CD_17
667701,Cliente_667701,27,CD_12,CD_11
63722,Cliente_63722,1,CD_11,CD_12
193774,Cliente_193774,24,CD_13,CD_20
916257,Cliente_916257,21,CD_04,CD_07
464194,Cliente_464194,5,CD_15,CD_17
51923,Cliente_51923,30,CD_02,CD_12
369272,Cliente_369272,8,CD_01,CD_02
528518,Cliente_528518,17,CD_01,CD_05
784620,Cliente_784620,12,CD_20,CD_16
776153,Cliente_776153,14,CD_03,CD_09
93754,Cliente_93754,18,CD_09,CD_15
826657,Cliente_826657,16,CD_01,CD_06
222529,Cliente_222529,17,CD_05,CD_18
179286,Cliente_179286,20,CD_05,CD_18
411234,Cliente_411234,29,CD_10,CD_13
910353,Cliente_910353,19,CD_07,CD_16
153790,Cliente_153790,17,CD_03,CD_04
278606,Cliente_278606,8,CD_06,CD_11
682746,Cliente_682746,26,CD_08,CD_18
418539,Cliente_418539,3,CD_05,CD_02
422078,Cliente_422078,22,CD_03,CD_01
654183,Cliente_654183,25,CD_01,CD_09
419249,Cliente_419249,2,CD_18,CD_10
957393,Cliente_957393,6,CD_18,CD_12
887315,Cliente_887315,21,CD_05,CD_03
616882,Cliente_616882,28,CD_19,CD_09
840213,Cliente_840213,13,CD_09,CD_18
456013,Cliente_456013,17,CD_06,CD_13
435626,Cliente_435626,12,CD_14,CD_09
316218,Cliente_316218,3,CD_17,CD_01
166495,Cliente_166495,16,CD_10,CD_05
365004,Cliente_365004,19,CD_12,CD_04
432476,Cliente_432476,14,CD_00,CD_08
622479,Cliente_622479,1,CD_12,CD_03
898657,Cliente_898657,25,CD_09,CD_16
678473,Cliente_678473,23,CD_02,CD_11
61835,Cliente_61835,20,CD_16,CD_05
799418,Cliente_799418,21,CD_00,CD_10
374414,Cliente_374414,2,CD_10,CD_17
423069,Cliente_423069,15,CD_06,CD_09
599226,Cliente_599226,22,CD_15,CD_05
829863,Cliente_829863,26,CD_01,CD_16
204599,Cliente_204599,3,CD_16,CD_17
830789,Cliente_830789,15,CD_18,CD_04
151691,Cliente_151691,29,CD_13,CD_12
27488,Cliente_27488,15,CD_00,CD_11
316816,Cliente_316816,10,CD_12,CD_17
274585,Cliente_274585,4,CD_03,CD_09
985728,Cliente_985728,27,CD_02,CD_03
752974,Cliente_752974,28,CD_18,CD_04
742234,Cliente_742234,12,CD_12,CD_05
609782,Cliente_609782,1,CD_11,CD_03
675345,Cliente_675345,5,CD_09,CD_14
49267,Cliente_49267,8,CD_19,CD_11
6212,Cliente_6212,1,CD_12,CD_00
393351,Cliente_393351,29,CD_14,CD_20
463783,Cliente_463783,16,CD_20,CD_02
770346,Cliente_770346,2,CD_07,CD_16
720642,Cliente_720642,12,CD_11,CD_20
493506,Cliente_493506,15,CD_09,CD_01
126894,Cliente_126894,13,CD_01,CD_04
710379,Cliente_710379,1,CD_10,CD_09
961493,Cliente_961493,19,CD_08,CD_15
779385,Cliente_779385,7,CD_06,CD_15
956675,Cliente_956675,18,CD_04,CD_07
259761,Cliente_259761,24,CD_09,CD_00
825933,Cliente_825933,18,CD_09,CD_01
405677,Cliente_405677,15,CD_17,CD_15
513701,Cliente_513701,30,CD_20,CD_07
764300,Cliente_764300,27,CD_08,CD_09
65129,Cliente_65129,4,CD_17,CD_10
602107,Cliente_602107,9,CD_05,CD_07
407010,Cliente_407010,24,CD_03,CD_18
130925,Cliente_130925,14,CD_01,CD_13
719745,Cliente_719745,29,CD_16,CD_13
125794,Cliente_125794,1,CD_06,CD_08
456097,Cliente_456097,5,CD_00,CD_19
174818,Cliente_174818,15,CD_02,CD_05
409481,Cliente_409481,13,CD_07,CD_17
593345,Cliente_593345,9,CD_19,CD_07
385769,Cliente_385769,5,CD_19,CD_11
9755,Cliente_9755,18,CD_02,CD_00
101593,Cliente_101593,23,CD_18,CD_14
103062,Cliente_103062,9,CD_16,CD_13
659103,Cliente_659103,26,CD_08,CD_15
866682,Cliente_866682,2,CD_09,CD_17
164752,Cliente_164752,11,CD_02,CD_17
913621,Cliente_913621,13,CD_10,CD_09
86896,Cliente_86896,12,CD_01,CD_16
658857,Cliente_658857,14,CD_03,CD_14
209366,Cliente_209366,20,CD_16,CD_13
107185,Cliente_107185,10,CD_20,CD_05
179088,Cliente_179088,21,CD_18,CD_07
871451,Cliente_871451,16,CD_18,CD_16
744415,Cliente_744415,14,CD_10,CD_20
912538,Cliente_912538,14,CD_19,CD_14
233528,Cliente_233528,2,CD_09,CD_19
163169,Cliente_163169,19,CD_01,CD_06
687469,Cliente_687469,27,CD_08,CD_05
371827,Cliente_371827,30,CD_20,CD_18
491647,Cliente_491647,20,CD_13,CD_03
861921,Cliente_861921,2,CD_13,CD_04
492258,Cliente_492258,9,CD_13,CD_08
656594,Cliente_656594,2,CD_14,CD_13
464637,Cliente_464637,20,CD_04,CD_20
520892,Cliente_520892,8,CD_01,CD_06
165543,Cliente_165543,23,CD_03,CD_16
602600,Cliente_602600,1,CD_09,CD_14
651691,Cliente_651691,19,CD_01,CD_11
440369,Cliente_440369,1,CD_10,CD_07
625796,Cliente_625796,21,CD_14,CD_20
787653,Cliente_787653,21,CD_09,CD_00
272161,Cliente_272161,22,CD_12,CD_05
718626,Cliente_718626,21,CD_06,CD_13
634850,Cliente_634850,18,CD_18,CD_03
961626,Cliente_961626,15,CD_09,CD_04
895512,Cliente_895512,13,CD_13,CD_06
666831,Cliente_666831,23,CD_20,CD_18
193416,Cliente_193416,23,CD_15,CD_05
923952,Cliente_923952,28,CD_10,CD_13
993987,Cliente_993987,29,CD_13,CD_06
363341,Cliente_363341,6,CD_12,CD_19
62946,Cliente_62946,19,CD_19,CD_16
95936,Cliente_95936,6,CD_08,CD_07
294680,Cliente_294680,14,CD_08,CD_12
63881,Cliente_63881,1,CD_19,CD_11
271980,Cliente_271980,2,CD_01,CD_20
7577,Cliente_7577,12,CD_12,CD_10
547653,Cliente_547653,18,CD_05,CD_18
673911,Cliente_673911,16,CD_03,CD_02
163020,Cliente_163020,17,CD_12,CD_14
644885,Cliente_644885,28,CD_05,CD_11
778395,Cliente_778395,2,CD_18,CD_17
523522,Cliente_523522,21,CD_09,CD_12
219723,Cliente_219723,23,CD_02,CD_18
908498,Cliente_908498,6,CD_10,CD_17
761908,Cliente_761908,12,CD_18,CD_11
535142,Cliente_535142,12,CD_07,CD_17
338016,Cliente_338016,23,CD_00,CD_16
437813,Cliente_437813,18,CD_16,CD_09
832558,Cliente_832558,7,CD_00,CD_06
459018,Cliente_459018,17,CD_14,CD_08
861868,Cliente_861868,9,CD_07,CD_02
232314,Cliente_232314,7,CD_08,CD_04
556609,Cliente_556609,28,CD_20,CD_13
866398,Cliente_866398,9,CD_04,CD_05
993041,Cliente_993041,25,CD_12,CD_15
166697,Cliente_166697,23,CD_07,CD_12
349343,Cliente_349343,27,CD_07,CD_20
489087,Cliente_489087,19,CD_13,CD_14
502529,Cliente_502529,23,CD_12,CD_15
505398,Cliente_505398,10,CD_03,CD_19
53598,Cliente_53598,2,CD_19,CD_16
791638,Cliente_791638,17,CD_09,CD_07
765614,Cliente_765614,27,CD_15,CD_01
653081,Cliente_653081,2,CD_00,CD_17
920318,Cliente_920318,12,CD_02,CD_03
703403,Cliente_703403,22,CD_01,CD_16
594601,Cliente_594601,19,CD_16,CD_06
420970,Cliente_420970,24,CD_02,CD_00
710623,Cliente_710623,10,CD_16,CD_07
847526,Cliente_847526,25,CD_01,CD_19
223649,Cliente_223649,28,CD_17,CD_20
667143,Cliente_667143,23,CD_08,CD_11
237533,Cliente_237533,1,CD_06,CD_09
566224,Cliente_566224,10,CD_01,CD_13
420384,Cliente_420384,27,CD_08,CD_13
496756,Cliente_496756,29,CD_13,CD_04
16783,Cliente_16783,22,CD_16,CD_11
524178,Cliente_524178,5,CD_19,CD_14
755112,Cliente_755112,29,CD_11,CD_09
234897,Cliente_234897,25,CD_04,CD_16
802383,Cliente_802383,11,CD_20,CD_15
428391,Cliente_428391,14,CD_03,CD_13
988308,Cliente_988308,17,CD_16,CD_06
571278,Cliente_571278,3,CD_08,CD_06
786737,Cliente_786737,7,CD_00,CD_01
546702,Cliente_546702,12,CD_14,CD_03
4875,Cliente_4875,2,CD_13,CD_06
240406,Cliente_240406,10,CD_10,CD_05
184864,Cliente_184864,9,CD_13,CD_04
171551,Cliente_171551,9,CD_12,CD_17
521767,Cliente_521767,11,CD_05,CD_00
516267,Cliente_516267,16,CD_06,CD_12
15779,Cliente_15779,23,CD_13,CD_07
466698,Cliente_466698,15,CD_15,CD_11
502911,Cliente_502911,25,CD_00,CD_16
899992,Cliente_899992,14,CD_00,CD_09
612785,Cliente_612785,1,CD_16,CD_12
980120,Cliente_980120,30,CD_08,CD_11
275506,Cliente_275506,30,CD_09,CD_15
153624,Cliente_153624,11,CD_06,CD_04
318762,Cliente_318762,22,CD_00,CD_11
98122,Cliente_98122,26,CD_00,CD_12
954450,Cliente_954450,15,CD_01,CD_15
90184,Cliente_90184,12,CD_01,CD_05
806765,Cliente_806765,30,CD_10,CD_18
27396,Cliente_27396,14,CD_14,CD_10
199404,Cliente_199404,14,CD_05,CD_13
246169,Cliente_246169,23,CD_00,CD_04
887841,Cliente_887841,27,CD_20,CD_02
447140,Cliente_447140,23,CD_14,CD_10
164246,Cliente_164246,5,CD_00,CD_01
974763,Cliente_974763,5,CD_03,CD_10
772765,Cliente_772765,26,CD_01,CD_13
69917,Cliente_69917,28,CD_00,CD_02
718932,Cliente_718932,29,CD_04,CD_20
310420,Cliente_310420,28,CD_07,CD_06
414752,Cliente_414752,18,CD_09,CD_07
96276,Cliente_96276,1,CD_20,CD_06
174002,Cliente_174002,16,CD_15,CD_17
935947,Cliente_935947,20,CD_13,CD_05
859271,Cliente_859271,2,CD_12,CD_09
167505,Cliente_167505,28,CD_17,CD_07
987361,Cliente_987361,22,CD_17,CD_05
543847,Cliente_543847,11,CD_05,CD_10
406481,Cliente_406481,15,CD_20,CD_04
982713,Cliente_982713,18,CD_15,CD_05
804846,Cliente_804846,21,CD_05,CD_08
146398,Cliente_146398,18,CD_10,CD_15
783746,Cliente_783746,18,CD_13,CD_01
978809,Cliente_978809,27,CD_18,CD_14
546159,Cliente_546159,6,CD_08,CD_10
971285,Cliente_971285,4,CD_19,CD_12
55349,Cliente_55349,22,CD_15,CD_02
155723,Cliente_155723,25,CD_12,CD_14
921869,Cliente_921869,19,CD_09,CD_00
742988,Cliente_742988,12,CD_13,CD_18
974194,Cliente_974194,9,CD_08,CD_04
604776,Cliente_604776,26,CD_03,CD_10
888706,Cliente_888706,10,CD_05,CD_17
929921,Cliente_929921,9,CD_15,CD_07
199320,Cliente_199320,3,CD_14,CD_02
250069,Cliente_250069,24,CD_18,CD_00
52734,Cliente_52734,18,CD_01,CD_15
658951,Cliente_658951,14,CD_11,CD_06
627053,Cliente_627053,2,CD_14,CD_15
518321,Cliente_518321,22,CD_15,CD_05
503540,Cliente_503540,1,CD_18,CD_12
626604,Cliente_626604,16,CD_04,CD_03
324864,Cliente_324864,29,CD_03,CD_05
218694,Cliente_218694,16,CD_00,CD_08
982102,Cliente_982102,4,CD_19,CD_07
562763,Cliente_562763,3,CD_01,CD_16
599446,Cliente_599446,7,CD_13,CD_01
646910,Cliente_646910,8,CD_05,CD_03
330872,Cliente_330872,23,CD_10,CD_18
952286,Cliente_952286,29,CD_20,CD_18
487823,Cliente_487823,22,CD_02,CD_16
477796,Cliente_477796,3,CD_09,CD_11
325130,Cliente_325130,2,CD_07,CD_11
865089,Cliente_865089,18,CD_06,CD_09
20272,Cliente_20272,22,CD_02,CD_19
982686,Cliente_982686,9,CD_06,CD_03
954496,Cliente_954496,23,CD_20,CD_15
925246,Cliente_925246,12,CD_03,CD_09
890371,Cliente_890371,29,CD_20,CD_11
851760,Cliente_851760,18,CD_08,CD_12
866664,Cliente_866664,12,CD_07,CD_09
57349,Cliente_57349,14,CD_14,CD_02
307428,Cliente_307428,8,CD_03,CD_16
10154,Cliente_10154,6,CD_14,CD_18
440820,Cliente_440820,10,CD_03,CD_18
847936,Cliente_847936,7,CD_16,CD_19
478228,Cliente_478228,11,CD_16,CD_02
42895,Cliente_42895,16,CD_02,CD_08
698930,Cliente_698930,26,CD_02,CD_15
404531,Cliente_404531,30,CD_02,CD_18
666763,Cliente_666763,2,CD_01,CD_08
979728,Cliente_979728,9,CD_13,CD_20
221964,Cliente_221964,20,CD_14,CD_12
556092,Cliente_556092,23,CD_18,CD_06
711284,Cliente_711284,11,CD_19,CD_08
814176,Cliente_814176,7,CD_14,CD_09
953381,Cliente_953381,4,CD_04,CD_00
951077,Cliente_951077,6,CD_05,CD_14
702497,Cliente_702497,8,CD_17,CD_16
469050,Cliente_469050,2,CD_14,CD_05
375696,Cliente_375696,4,CD_17,CD_13
904907,Cliente_904907,2,CD_16,CD_00
980280,Cliente_980280,15,CD_07,CD_04
93899,Cliente_93899,28,CD_00,CD_09
643715,Cliente_643715,18,CD_00,CD_14
373611,Cliente_373611,2,CD_17,CD_00
509500,Cliente_509500,28,CD_16,CD_01
653152,Cliente_653152,27,CD_19,CD_11
575119,Cliente_575119,8,CD_06,CD_01
749732,Cliente_749732,17,CD_10,CD_08
985503,Cliente_985503,23,CD_18,CD_13
713882,Cliente_713882,1,CD_19,CD_00
39680,Cliente_39680,7,CD_06,CD_05
412511,Cliente_412511,15,CD_10,CD_00
52337,Cliente_52337,15,CD_02,CD_13
30789,Cliente_30789,30,CD_03,CD_13
140495,Cliente_140495,9,CD_15,CD_18
443494,Cliente_443494,6,CD_02,CD_17
296273,Cliente_296273,15,CD_05,CD_16
229520,Cliente_229520,13,CD_04,CD_02
161024,Cliente_161024,18,CD_15,CD_06
210125,Cliente_210125,13,CD_14,CD_04
824433,Cliente_824433,25,CD_17,CD_11
154650,Cliente_154650,9,CD_11,CD_08
398186,Cliente_398186,28,CD_13,CD_05
989208,Cliente_989208,18,CD_03,CD_19
575412,Cliente_575412,19,CD_16,CD_10
641031,Cliente_641031,14,CD_07,CD_03
419736,Cliente_419736,15,CD_03,CD_11
640843,Cliente_640843,29,CD_07,CD_04
481893,Cliente_481893,1,CD_19,CD_05
52906,Cliente_52906,9,CD_15,CD_12
862823,Cliente_862823,4,CD_17,CD_06
445836,Cliente_445836,23,CD_01,CD_19
249201,Cliente_249201,26,CD_01,CD_04
766265,Cliente_766265,26,CD_09,CD_10
585300,Cliente_585300,18,CD_12,CD_02
15006,Cliente_15006,25,CD_06,CD_14
248165,Cliente_248165,14,CD_09,CD_02
152136,Cliente_152136,30,CD_19,CD_01
230202,Cliente_230202,29,CD_15,CD_05
785382,Cliente_785382,15,CD_04,CD_20
276397,Cliente_276397,9,CD_08,CD_15
133450,Cliente_133450,14,CD_05,CD_07
657815,Cliente_657815,22,CD_20,CD_02
843433,Cliente_843433,13,CD_12,CD_04
887701,Cliente_887701,29,CD_20,CD_09
654614,Cliente_654614,26,CD_14,CD_20
798727,Cliente_798727,14,CD_01,CD_08
398986,Cliente_398986,11,CD_02,CD_01
827531,Cliente_827531,30,CD_15,CD_16
979487,Cliente_979487,26,CD_13,CD_14
515718,Cliente_515718,7,CD_17,CD_05
483023,Cliente_483023,13,CD_06,CD_16
532379,Cliente_532379,19,CD_15,CD_08
604409,Cliente_604409,30,CD_16,CD_18
374870,Cliente_374870,28,CD_13,CD_01
47610,Cliente_47610,18,CD_15,CD_05
442192,Cliente_442192,24,CD_03,CD_06
950446,Cliente_950446,16,CD_12,CD_00
878275,Cliente_878275,26,CD_16,CD_20
888720,Cliente_888720,26,CD_20,CD_12
655303,Cliente_655303,8,CD_07,CD_00
130494,Cliente_130494,12,CD_01,CD_00
165648,Cliente_165648,2,CD_11,CD_03
299856,Cliente_299856,28,CD_18,CD_17
275947,Cliente_275947,11,CD_00,CD_06
481561,Cliente_481561,18,CD_20,CD_11
523263,Cliente_523263,30,CD_00,CD_05
292005,Cliente_292005,18,CD_08,CD_20
117391,Cliente_117391,14,CD_10,CD_04
646394,Cliente_646394,15,CD_19,CD_05
615221,Cliente_615221,17,CD_18,CD_14
824473,Cliente_824473,23,CD_20,CD_01
853478,Cliente_853478,20,CD_20,CD_12
614715,Cliente_614715,23,CD_07,CD_14
154353,Cliente_154353,21,CD_13,CD_10
794389,Cliente_794389,2,CD_17,CD_13
391745,Cliente_391745,27,CD_04,CD_16
18134,Cliente_18134,16,CD_15,CD_02
480536,Cliente_480536,29,CD_05,CD_07
41254,Cliente_41254,12,CD_02,CD_15
349652,Cliente_349652,21,CD_20,CD_16
532967,Cliente_532967,8,CD_06,CD_07
39340,Cliente_39340,19,CD_14,CD_06
735541,Cliente_735541,27,CD_08,CD_18
411697,Cliente_411697,24,CD_10,CD_02
63045,Cliente_63045,9,CD_13,CD_08
202863,Cliente_202863,12,CD_04,CD_06
782497,Cliente_782497,25,CD_19,CD_05
414318,Cliente_414318,3,CD_00,CD_07
960768,Cliente_960768,26,CD_20,CD_05
760105,Cliente_760105,24,CD_03,CD_11
339990,Cliente_339990,27,CD_20,CD_04
771876,Cliente_771876,9,CD_19,CD_02
672205,Cliente_672205,9,CD_19,CD_03
672635,Cliente_672635,20,CD_01,CD_17
464573,Cliente_464573,5,CD_05,CD_19
386391,Cliente_386391,17,CD_07,CD_16
560179,Cliente_560179,12,CD_15,CD_07
504374,Cliente_504374,5,CD_04,CD_02
546670,Cliente_546670,15,CD_20,CD_14
861671,Cliente_861671,17,CD_02,CD_03
374621,Cliente_374621,20,CD_00,CD_10
408331,Cliente_408331,22,CD_17,CD_10
200290,Cliente_200290,13,CD_18,CD_02
929429,Cliente_929429,29,CD_09,CD_19
336401,Cliente_336401,23,CD_20,CD_18
70538,Cliente_70538,16,CD_02,CD_07
718065,Cliente_718065,9,CD_01,CD_12
467970,Cliente_467970,3,CD_04,CD_08
410361,Cliente_410361,18,CD_07,CD_08
510372,Cliente_510372,22,CD_01,CD_06
941652,Cliente_941652,20,CD_20,CD_01
800045,Cliente_800045,23,CD_03,CD_10
976285,Cliente_976285,2,CD_20,CD_04
378857,Cliente_378857,17,CD_16,CD_05
145187,Cliente_145187,11,CD_13,CD_03
706680,Cliente_706680,24,CD_20,CD_09
741669,Cliente_741669,4,CD_04,CD_16
732234,Cliente_732234,26,CD_04,CD_00
479639,Cliente_479639,4,CD_15,CD_00
366563,Cliente_366563,27,CD_19,CD_14
552539,Cliente_552539,9,CD_10,CD_07
886231,Cliente_886231,27,CD_14,CD_05
259080,Cliente_259080,22,CD_07,CD_20
177614,Cliente_177614,25,CD_00,CD_09
113126,Cliente_113126,17,CD_07,CD_05
4737,Cliente_4737,25,CD_18,CD_17
404335,Cliente_404335,17,CD_00,CD_06
248634,Cliente_248634,15,CD_13,CD_05
234512,Cliente_234512,11,CD_05,CD_02
678936,Cliente_678936,22,CD_14,CD_07
524709,Cliente_524709,23,CD_17,CD_07
775816,Cliente_775816,4,CD_17,CD_02
979327,Cliente_979327,17,CD_16,CD_08
369164,Cliente_369164,1,CD_00,CD_03
400737,Cliente_400737,7,CD_12,CD_07
415607,Cliente_415607,16,CD_20,CD_19
966334,Cliente_966334,1,CD_03,CD_11
714287,Cliente_714287,6,CD_06,CD_08
672253,Cliente_672253,18,CD_17,CD_11
447018,Cliente_447018,19,CD_06,CD_11
140021,Cliente_140021,15,CD_10,CD_17
544688,Cliente_544688,18,CD_12,CD_17
785584,Cliente_785584,24,CD_14,CD_02
354655,Cliente_354655,21,CD_13,CD_16
461803,Cliente_461803,10,CD_15,CD_11
731041,Cliente_731041,13,CD_06,CD_03
295060,Cliente_295060,26,CD_09,CD_16
171191,Cliente_171191,16,CD_19,CD_13
824523,Cliente_824523,20,CD_03,CD_10
453681,Cliente_453681,29,CD_12,CD_06
732705,Cliente_732705,23,CD_09,CD_00
501427,Cliente_501427,23,CD_01,CD_14
748379,Cliente_748379,20,CD_02,CD_08
726962,Cliente_726962,16,CD_02,CD_18
334063,Cliente_334063,10,CD_18,CD_10
857524,Cliente_857524,19,CD_18,CD_03
869125,Cliente_869125,17,CD_06,CD_18
348627,Cliente_348627,12,CD_03,CD_04
804791,Cliente_804791,19,CD_01,CD_09
420346,Cliente_420346,30,CD_02,CD_01
642384,Cliente_642384,18,CD_03,CD_02
719590,Cliente_719590,9,CD_13,CD_19
928849,Cliente_928849,28,CD_09,CD_06
147365,Cliente_147365,17,CD_18,CD_19
507303,Cliente_507303,23,CD_20,CD_17
929626,Cliente_929626,21,CD_00,CD_12
690037,Cliente_690037,23,CD_00,CD_16
149302,Cliente_149302,3,CD_04,CD_13
511696,Cliente_511696,15,CD_10,CD_04
41472,Cliente_41472,20,CD_06,CD_15
638846,Cliente_638846,15,CD_15,CD_17
350606,Cliente_350606,24,CD_01,CD_17
973975,Cliente_973975,2,CD_07,CD_00
659298,Cliente_659298,25,CD_18,CD_11
729526,Cliente_729526,1,CD_14,CD_19
627558,Cliente_627558,20,CD_05,CD_11
867918,Cliente_867918,21,CD_17,CD_01
779678,Cliente_779678,15,CD_11,CD_01
305557,Cliente_305557,12,CD_08,CD_11
229210,Cliente_229210,19,CD_14,CD_13
788608,Cliente_788608,29,CD_12,CD_20
339699,Cliente_339699,8,CD_07,CD_04
395575,Cliente_395575,15,CD_02,CD_10
737443,Cliente_737443,12,CD_16,CD_00
67679,Cliente_67679,16,CD_02,CD_07
523448,Cliente_523448,15,CD_17,CD_05
282032,Cliente_282032,8,CD_00,CD_14
914670,Cliente_914670,22,CD_03,CD_15
272027,Cliente_272027,29,CD_12,CD_18
350236,Cliente_350236,23,CD_17,CD_11
689132,Cliente_689132,3,CD_02,CD_04
638292,Cliente_638292,15,CD_02,CD_12
263050,Cliente_263050,13,CD_17,CD_20
945188,Cliente_945188,4,CD_09,CD_15
433143,Cliente_433143,24,CD_15,CD_07
13905,Cliente_13905,12,CD_06,CD_12
16718,Cliente_16718,25,CD_14,CD_06
655454,Cliente_655454,11,CD_00,CD_08
507090,Cliente_507090,21,CD_06,CD_03
709827,Cliente_709827,28,CD_02,CD_00
660266,Cliente_660266,8,CD_19,CD_11
679814,Cliente_679814,11,CD_11,CD_17
360738,Cliente_360738,20,CD_16,CD_05
517541,Cliente_517541,17,CD_02,CD_06
588101,Cliente_588101,18,CD_04,CD_17
152201,Cliente_152201,8,CD_01,CD_06
894584,Cliente_894584,1,CD_17,CD_13
347747,Cliente_347747,29,CD_19,CD_03
31884,Cliente_31884,1,CD_12,CD_20
202674,Cliente_202674,8,CD_15,CD_14
65658,Cliente_65658,20,CD_20,CD_02
355707,Cliente_355707,22,CD_07,CD_03
966630,Cliente_966630,11,CD_03,CD_01
801169,Cliente_801169,1,CD_02,CD_11
841886,Cliente_841886,13,CD_11,CD_04
994380,Cliente_994380,26,CD_12,CD_09
451610,Cliente_451610,15,CD_02,CD_13
737299,Cliente_737299,23,CD_19,CD_03
808123,Cliente_808123,11,CD_10,CD_08
738516,Cliente_738516,14,CD_12,CD_16
45453,Cliente_45453,4,CD_10,CD_20
29192,Cliente_29192,7,CD_12,CD_07
173767,Cliente_173767,22,CD_10,CD_15
272306,Cliente_272306,19,CD_05,CD_17
711431,Cliente_711431,26,CD_00,CD_18
721118,Cliente_721118,6,CD_05,CD_06
908824,Cliente_908824,3,CD_16,CD_02
374052,Cliente_374052,29,CD_07,CD_18
185645,Cliente_185645,18,CD_09,CD_08
487587,Cliente_487587,4,CD_16,CD_00
216933,Cliente_216933,14,CD_13,CD_15
609160,Cliente_609160,16,CD_09,CD_18
586375,Cliente_586375,25,CD_10,CD_16
587207,Cliente_587207,3,CD_16,CD_00
627909,Cliente_627909,10,CD_14,CD_02
904862,Cliente_904862,24,CD_12,CD_02
331962,Cliente_331962,13,CD_02,CD_03
31446,Cliente_31446,7,CD_17,CD_13
176493,Cliente_176493,25,CD_19,CD_11
474243,Cliente_474243,6,CD_18,CD_08
338254,Cliente_338254,9,CD_15,CD_19
835201,Cliente_835201,3,CD_04,CD_13
17613,Cliente_17613,11,CD_01,CD_18
54618,Cliente_54618,3,CD_18,CD_17
813665,Cliente_813665,23,CD_13,CD_00
742702,Cliente_742702,16,CD_07,CD_19
65670,Cliente_65670,13,CD_16,CD_10
604460,Cliente_604460,1,CD_02,CD_01
233407,Cliente_233407,17,CD_17,CD_19
155904,Cliente_155904,23,CD_16,CD_07
613682,Cliente_613682,22,CD_04,CD_05
497946,Cliente_497946,25,CD_04,CD_16
58534,Cliente_58534,2,CD_15,CD_12
532650,Cliente_532650,24,CD_11,CD_10
502533,Cliente_502533,14,CD_15,CD_04
514594,Cliente_514594,7,CD_04,CD_16
694299,Cliente_694299,19,CD_18,CD_06
905591,Cliente_905591,21,CD_12,CD_06
181524,Cliente_181524,14,CD_05,CD_00
895442,Cliente_895442,15,CD_01,CD_16
978147,Cliente_978147,30,CD_10,CD_04
986732,Cliente_986732,13,CD_08,CD_13
704581,Cliente_704581,8,CD_11,CD_03
989566,Cliente_989566,4,CD_17,CD_14
244828,Cliente_244828,4,CD_08,CD_07
654130,Cliente_654130,14,CD_18,CD_01
504729,Cliente_504729,3,CD_20,CD_16
496799,Cliente_496799,21,CD_13,CD_10
902961,Cliente_902961,2,CD_19,CD_08
255618,Cliente_255618,8,CD_00,CD_17
926867,Cliente_926867,26,CD_05,CD_01
668798,Cliente_668798,19,CD_01,CD_11
51943,Cliente_51943,29,CD_07,CD_18
969681,Cliente_969681,13,CD_11,CD_18
930188,Cliente_930188,19,CD_14,CD_16
47564,Cliente_47564,28,CD_16,CD_01
909782,Cliente_909782,11,CD_04,CD_10
123411,Cliente_123411,1,CD_05,CD_16
53319,Cliente_53319,7,CD_09,CD_18
924763,Cliente_924763,12,CD_02,CD_06
520918,Cliente_520918,22,CD_06,CD_02
284330,Cliente_284330,23,CD_05,CD_04
530923,Cliente_530923,1,CD_15,CD_09
361306,Cliente_361306,30,CD_09,CD_03
890016,Cliente_890016,16,CD_15,CD_07
766614,Cliente_766614,17,CD_03,CD_20
733185,Cliente_733185,28,CD_00,CD_06
849243,Cliente_849243,20,CD_04,CD_06
961100,Cliente_961100,26,CD_18,CD_09
831544,Cliente_831544,29,CD_02,CD_01
205554,Cliente_205554,10,CD_04,CD_16
642318,Cliente_642318,23,CD_11,CD_09
832915,Cliente_832915,6,CD_08,CD_19
944975,Cliente_944975,4,CD_14,CD_07
768965,Cliente_768965,29,CD_00,CD_07
687682,Cliente_687682,12,CD_20,CD_14
400334,Cliente_400334,30,CD_18,CD_15
884925,Cliente_884925,15,CD_06,CD_03
789477,Cliente_789477,13,CD_05,CD_19
518121,Cliente_518121,12,CD_17,CD_19
220916,Cliente_220916,16,CD_06,CD_02
265154,Cliente_265154,24,CD_18,CD_13
139288,Cliente_139288,17,CD_09,CD_13
707945,Cliente_707945,19,CD_03,CD_20
542318,Cliente_542318,19,CD_20,CD_17
232052,Cliente_232052,23,CD_10,CD_02
75820,Cliente_75820,20,CD_16,CD_11
745124,Cliente_745124,18,CD_09,CD_02
134797,Cliente_134797,3,CD_01,CD_16
307431,Cliente_307431,24,CD_06,CD_11
319307,Cliente_319307,11,CD_19,CD_18
135637,Cliente_135637,25,CD_07,CD_17
596716,Cliente_596716,26,CD_17,CD_13
368751,Cliente_368751,6,CD_03,CD_02
91069,Cliente_91069,26,CD_17,CD_11
983777,Cliente_983777,22,CD_19,CD_06
519704,Cliente_519704,6,CD_12,CD_03
962305,Cliente_962305,16,CD_16,CD_18
309089,Cliente_309089,22,CD_07,CD_02
366671,Cliente_366671,18,CD_15,CD_18
529410,Cliente_529410,1,CD_20,CD_06
3445,Cliente_3445,15,CD_13,CD_15
379060,Cliente_379060,18,CD_07,CD_12
805255,Cliente_805255,9,CD_02,CD_08
149752,Cliente_149752,27,CD_19,CD_20
846145,Cliente_846145,4,CD_16,CD_01
639575,Cliente_639575,28,CD_10,CD_11
123981,Cliente_123981,28,CD_16,CD_13
422695,Cliente_422695,5,CD_16,CD_11
603324,Cliente_603324,6,CD_07,CD_00
519942,Cliente_519942,2,CD_12,CD_15
897482,Cliente_897482,24,CD_13,CD_05
410334,Cliente_410334,16,CD_20,CD_08
511644,Cliente_511644,27,CD_00,CD_10
191458,Cliente_191458,18,CD_19,CD_03
938818,Cliente_938818,24,CD_20,CD_16
282637,Cliente_282637,11,CD_04,CD_10
390967,Cliente_390967,14,CD_07,CD_13
952487,Cliente_952487,9,CD_14,CD_06
318430,Cliente_318430,1,CD_08,CD_04
663233,Cliente_663233,30,CD_15,CD_02
544708,Cliente_544708,30,CD_00,CD_14
680693,Cliente_680693,23,CD_08,CD_20
201866,Cliente_201866,24,CD_03,CD_06
754087,Cliente_754087,12,CD_10,CD_06
467455,Cliente_467455,27,CD_06,CD_12
103007,Cliente_103007,10,CD_09,CD_01
996885,Cliente_996885,2,CD_04,CD_14
791995,Cliente_791995,10,CD_16,CD_02
333185,Cliente_333185,15,CD_12,CD_14
227582,Cliente_227582,6,CD_12,CD_02
219117,Cliente_219117,4,CD_08,CD_20
876104,Cliente_876104,5,CD_13,CD_16
444863,Cliente_444863,25,CD_01,CD_04
615765,Cliente_615765,1,CD_14,CD_04
367576,Cliente_367576,28,CD_03,CD_06
854587,Cliente_854587,14,CD_15,CD_14
756049,Cliente_756049,22,CD_14,CD_20
983464,Cliente_983464,29,CD_17,CD_18
767232,Cliente_767232,2,CD_03,CD_17
11303,Cliente_11303,23,CD_01,CD_20
93874,Cliente_93874,14,CD_05,CD_17
775321,Cliente_775321,13,CD_03,CD_06
721776,Cliente_721776,13,CD_00,CD_16
857214,Cliente_857214,23,CD_12,CD_08
167760,Cliente_167760,10,CD_03,CD_13
843910,Cliente_843910,15,CD_02,CD_20
25286,Cliente_25286,28,CD_16,CD_00
281404,Cliente_281404,2,CD_00,CD_20
935925,Cliente_935925,26,CD_07,CD_08
856324,Cliente_856324,2,CD_08,CD_20
474713,Cliente_474713,5,CD_20,CD_08
51157,Cliente_51157,16,CD_03,CD_11
309404,Cliente_309404,18,CD_15,CD_12
269048,Cliente_269048,13,CD_20,CD_01
632290,Cliente_632290,21,CD_14,CD_13
484857,Cliente_484857,28,CD_01,CD_11
981215,Cliente_981215,28,CD_14,CD_10
459632,Cliente_459632,19,CD_15,CD_12
466016,Cliente_466016,28,CD_11,CD_18
234672,Cliente_234672,29,CD_10,CD_16
507789,Cliente_507789,27,CD_07,CD_09
224133,Cliente_224133,3,CD_09,CD_13
671078,Cliente_671078,16,CD_05,CD_03
803765,Cliente_803765,30,CD_03,CD_15
894280,Cliente_894280,1,CD_19,CD_16
459841,Cliente_459841,20,CD_09,CD_11
293607,Cliente_293607,12,CD_00,CD_02
837986,Cliente_837986,7,CD_03,CD_04
987603,Cliente_987603,2,CD_18,CD_02
58190,Cliente_58190,24,CD_00,CD_02
315189,Cliente_315189,27,CD_00,CD_17
608306,Cliente_608306,16,CD_20,CD_06
787029,Cliente_787029,12,CD_10,CD_11
982649,Cliente_982649,1,CD_07,CD_16
483245,Cliente_483245,25,CD_13,CD_15
494786,Cliente_494786,27,CD_07,CD_02
691170,Cliente_691170,9,CD_19,CD_10
943233,Cliente_943233,16,CD_05,CD_12
282994,Cliente_282994,7,CD_03,CD_12
822934,Cliente_822934,13,CD_10,CD_12
990383,Cliente_990383,1,CD_00,CD_12
633490,Cliente_633490,19,CD_05,CD_04
746491,Cliente_746491,17,CD_17,CD_08
513595,Cliente_513595,5,CD_20,CD_13
191372,Cliente_191372,25,CD_04,CD_13
108037,Cliente_108037,27,CD_18,CD_06
930472,Cliente_930472,26,CD_14,CD_02
937689,Cliente_937689,15,CD_17,CD_12
31850,Cliente_31850,22,CD_04,CD_05
445841,Cliente_445841,12,CD_16,CD_09
192187,Cliente_192187,13,CD_16,CD_12
327801,Cliente_327801,17,CD_08,CD_01
17241,Cliente_17241,29,CD_20,CD_09
420432,Cliente_420432,12,CD_20,CD_10
966034,Cliente_966034,14,CD_15,CD_13
243076,Cliente_243076,11,CD_04,CD_06
381641,Cliente_381641,22,CD_06,CD_15
907193,Cliente_907193,15,CD_19,CD_16
418224,Cliente_418224,19,CD_04,CD_01
209922,Cliente_209922,7,CD_05,CD_19
765260,Cliente_765260,13,CD_10,CD_09
282982,Cliente_282982,4,CD_11,CD_16
452404,Cliente_452404,25,CD_20,CD_01
4205,Cliente_4205,15,CD_03,CD_02
134528,Cliente_134528,9,CD_04,CD_08
554549,Cliente_554549,10,CD_10,CD_11
632705,Cliente_632705,18,CD_01,CD_20
463263,Cliente_463263,29,CD_13,CD_19
750781,Cliente_750781,17,CD_10,CD_18
37767,Cliente_37767,28,CD_11,CD_17
13327,Cliente_13327,20,CD_16,CD_04
115926,Cliente_115926,15,CD_02,CD_14
525946,Cliente_525946,29,CD_16,CD_00
374267,Cliente_374267,29,CD_18,CD_01
121643,Cliente_121643,5,CD_01,CD_17
774706,Cliente_774706,25,CD_05,CD_02
204219,Cliente_204219,23,CD_16,CD_08
465023,Cliente_465023,15,CD_19,CD_15
628396,Cliente_628396,11,CD_06,CD_09
496049,Cliente_496049,12,CD_18,CD_09
519785,Cliente_519785,1,CD_19,CD_14
9377,Cliente_9377,2,CD_07,CD_01
35272,Cliente_35272,15,CD_05,CD_00
238258,Cliente_238258,6,CD_18,CD_11
33096,Cliente_33096,16,CD_08,CD_18
549840,Cliente_549840,25,CD_05,CD_01
582549,Cliente_582549,22,CD_07,CD_02
61107,Cliente_61107,18,CD_09,CD_18
565633,Cliente_565633,16,CD_19,CD_17
102619,Cliente_102619,25,CD_03,CD_07
629258,Cliente_629258,28,CD_09,CD_17
233171,Cliente_233171,23,CD_20,CD_01
167961,Cliente_167961,30,CD_09,CD_20
269999,Cliente_269999,23,CD_20,CD_18
879614,Cliente_879614,12,CD_01,CD_09
32847,Cliente_32847,26,CD_18,CD_09
368374,Cliente_368374,20,CD_15,CD_06
248796,Cliente_248796,21,CD_18,CD_07
445671,Cliente_445671,8,CD_13,CD_18
449032,Cliente_449032,1,CD_12,CD_19
222176,Cliente_222176,24,CD_14,CD_01
440059,Cliente_440059,10,CD_00,CD_05
37224,Cliente_37224,13,CD_09,CD_11
890619,Cliente_890619,17,CD_07,CD_17
919203,Cliente_919203,6,CD_20,CD_08
673129,Cliente_673129,5,CD_11,CD_07
965326,Cliente_965326,13,CD_07,CD_02
123344,Cliente_123344,23,CD_15,CD_12
301707,Cliente_301707,27,CD_17,CD_15
777341,Cliente_777341,3,CD_08,CD_04
832162,Cliente_832162,3,CD_12,CD_09
895742,Cliente_895742,6,CD_03,CD_12
86009,Cliente_86009,19,CD_07,CD_17
521764,Cliente_521764,11,CD_05,CD_11
684825,Cliente_684825,23,CD_12,CD_14
273601,Cliente_273601,25,CD_04,CD_13
286064,Cliente_286064,19,CD_15,CD_12
987242,Cliente_987242,15,CD_19,CD_17
577545,Cliente_577545,6,CD_06,CD_07
210806,Cliente_210806,26,CD_03,CD_14
508437,Cliente_508437,29,CD_15,CD_10
171901,Cliente_171901,1,CD_16,CD_15
435556,Cliente_435556,20,CD_02,CD_11
233114,Cliente_233114,28,CD_05,CD_06
2924,Cliente_2924,26,CD_03,CD_09
848937,Cliente_848937,4,CD_07,CD_20
417729,Cliente_417729,28,CD_20,CD_05
259784,Cliente_259784,13,CD_14,CD_20
211546,Cliente_211546,27,CD_07,CD_02
378137,Cliente_378137,1,CD_12,CD_17
373522,Cliente_373522,17,CD_19,CD_14
439069,Cliente_439069,16,CD_07,CD_03
227304,Cliente_227304,5,CD_00,CD_11
664322,Cliente_664322,4,CD_03,CD_17
120887,Cliente_120887,5,CD_04,CD_08
11330,Cliente_11330,11,CD_01,CD_07
346571,Cliente_346571,12,CD_00,CD_12
355968,Cliente_355968,17,CD_07,CD_04
892686,Cliente_892686,14,CD_18,CD_17
119932,Cliente_119932,7,CD_13,CD_03
305828,Cliente_305828,8,CD_14,CD_15
54224,Cliente_54224,3,CD_11,CD_00
970285,Cliente_970285,4,CD_08,CD_00
423022,Cliente_423022,25,CD_17,CD_06
109120,Cliente_109120,16,CD_17,CD_18
115877,Cliente_115877,24,CD_19,CD_00
270640,Cliente_270640,2,CD_07,CD_05
277788,Cliente_277788,25,CD_02,CD_18
429576,Cliente_429576,26,CD_16,CD_20
762771,Cliente_762771,23,CD_14,CD_18
953936,Cliente_953936,20,CD_08,CD_15
383142,Cliente_383142,18,CD_00,CD_14
299335,Cliente_299335,8,CD_02,CD_06
287371,Cliente_287371,29,CD_19,CD_11
928040,Cliente_928040,26,CD_20,CD_16
368631,Cliente_368631,25,CD_08,CD_10
854991,Cliente_854991,17,CD_15,CD_01
366201,Cliente_366201,13,CD_04,CD_02
218788,Cliente_218788,4,CD_05,CD_10
146835,Cliente_146835,27,CD_02,CD_15
839113,Cliente_839113,17,CD_01,CD_07
863392,Cliente_863392,7,CD_20,CD_12
781882,Cliente_781882,27,CD_01,CD_08
511118,Cliente_511118,3,CD_18,CD_12
98916,Cliente_98916,5,CD_13,CD_10
956572,Cliente_956572,2,CD_01,CD_16
278184,Cliente_278184,24,CD_03,CD_18
827289,Cliente_827289,11,CD_20,CD_05
392791,Cliente_392791,27,CD_04,CD_00
119083,Cliente_119083,3,CD_14,CD_08
721654,Cliente_721654,14,CD_17,CD_13
271173,Cliente_271173,9,CD_03,CD_18
117628,Cliente_117628,23,CD_05,CD_06
298030,Cliente_298030,27,CD_20,CD_13
640463,Cliente_640463,21,CD_00,CD_04
703617,Cliente_703617,28,CD_06,CD_02
136586,Cliente_136586,3,CD_08,CD_03
319847,Cliente_319847,12,CD_15,CD_06
12026,Cliente_12026,2,CD_12,CD_16
467550,Cliente_467550,23,CD_16,CD_20
689435,Cliente_689435,10,CD_18,CD_11
145013,Cliente_145013,14,CD_19,CD_12
898335,Cliente_898335,11,CD_17,CD_14
659213,Cliente_659213,2,CD_03,CD_07
155303,Cliente_155303,28,CD_13,CD_09
468953,Cliente_468953,22,CD_20,CD_02
881863,Cliente_881863,9,CD_05,CD_19
969566,Cliente_969566,15,CD_17,CD_14
465222,Cliente_465222,3,CD_08,CD_00
174771,Cliente_174771,17,CD_02,CD_09
58139,Cliente_58139,17,CD_14,CD_12
677250,Cliente_677250,21,CD_11,CD_03
885169,Cliente_885169,9,CD_08,CD_16
203562,Cliente_203562,3,CD_02,CD_14
82627,Cliente_82627,28,CD_09,CD_05
370809,Cliente_370809,18,CD_06,CD_16
901960,Cliente_901960,29,CD_00,CD_20
118034,Cliente_118034,10,CD_05,CD_12
339111,Cliente_339111,14,CD_08,CD_16
493047,Cliente_493047,20,CD_08,CD_14
292113,Cliente_292113,4,CD_04,CD_13
105687,Cliente_105687,20,CD_20,CD_12
353601,Cliente_353601,30,CD_17,CD_06
397642,Cliente_397642,14,CD_03,CD_18
408762,Cliente_408762,17,CD_13,CD_18
232273,Cliente_232273,4,CD_04,CD_19
653837,Cliente_653837,11,CD_12,CD_06
959705,Cliente_959705,28,CD_20,CD_04
712210,Cliente_712210,23,CD_03,CD_07
268406,Cliente_268406,30,CD_05,CD_11
50475,Cliente_50475,2,CD_10,CD_18
822698,Cliente_822698,5,CD_14,CD_16
18182,Cliente_18182,25,CD_05,CD_03
181469,Cliente_181469,16,CD_01,CD_08
125337,Cliente_125337,20,CD_10,CD_13
313315,Cliente_313315,26,CD_05,CD_01
280166,Cliente_280166,17,CD_09,CD_01
277307,Cliente_277307,29,CD_01,CD_14
611776,Cliente_611776,3,CD_01,CD_11
996611,Cliente_996611,26,CD_00,CD_12
947983,Cliente_947983,25,CD_18,CD_15
44993,Cliente_44993,9,CD_17,CD_20
789658,Cliente_789658,15,CD_07,CD_15
995743,Cliente_995743,14,CD_14,CD_06
508769,Cliente_508769,19,CD_13,CD_01
372823,Cliente_372823,9,CD_07,CD_16
81063,Cliente_81063,15,CD_06,CD_01
607875,Cliente_607875,18,CD_13,CD_15
48304,Cliente_48304,7,CD_08,CD_20
519714,Cliente_519714,30,CD_05,CD_16
648068,Cliente_648068,27,CD_10,CD_08
565268,Cliente_565268,21,CD_20,CD_09
279786,Cliente_279786,4,CD_00,CD_20
692184,Cliente_692184,29,CD_01,CD_14
430509,Cliente_430509,7,CD_16,CD_03
473236,Cliente_473236,21,CD_15,CD_19
748250,Cliente_748250,25,CD_20,CD_00
497101,Cliente_497101,1,CD_08,CD_15
544959,Cliente_544959,29,CD_11,CD_06
766890,Cliente_766890,9,CD_02,CD_17
182317,Cliente_182317,20,CD_11,CD_04
824373,Cliente_824373,8,CD_00,CD_09
725879,Cliente_725879,26,CD_03,CD_19
832153,Cliente_832153,2,CD_00,CD_08
848560,Cliente_848560,19,CD_20,CD_03
536356,Cliente_536356,29,CD_14,CD_00
104176,Cliente_104176,30,CD_09,CD_12
94918,Cliente_94918,11,CD_08,CD_04
442959,Cliente_442959,25,CD_07,CD_20
890064,Cliente_890064,20,CD_07,CD_01
201896,Cliente_201896,15,CD_16,CD_17
654966,Cliente_654966,2,CD_17,CD_12
251863,Cliente_251863,23,CD_06,CD_09
246413,Cliente_246413,9,CD_05,CD_17
467515,Cliente_467515,15,CD_17,CD_05
624781,Cliente_624781,8,CD_00,CD_06
283892,Cliente_283892,13,CD_05,CD_08
989135,Cliente_989135,7,CD_03,CD_19
684965,Cliente_684965,10,CD_13,CD_00
40783,Cliente_40783,23,CD_00,CD_03
938227,Cliente_938227,11,CD_03,CD_18
629290,Cliente_629290,29,CD_13,CD_18
159171,Cliente_159171,9,CD_00,CD_19
183521,Cliente_183521,25,CD_00,CD_03
783359,Cliente_783359,21,CD_18,CD_05
825236,Cliente_825236,5,CD_15,CD_12
753042,Cliente_753042,17,CD_07,CD_08
112392,Cliente_112392,12,CD_07,CD_10
15207,Cliente_15207,2,CD_14,CD_02
937697,Cliente_937697,24,CD_04,CD_18
296621,Cliente_296621,23,CD_19,CD_06
182567,Cliente_182567,19,CD_00,CD_19
34389,Cliente_34389,9,CD_20,CD_05
493509,Cliente_493509,2,CD_03,CD_05
596498,Cliente_596498,19,CD_01,CD_15
320453,Cliente_320453,20,CD_18,CD_03
133271,Cliente_133271,4,CD_05,CD_02
246548,Cliente_246548,25,CD_12,CD_13
733148,Cliente_733148,9,CD_07,CD_13
93365,Cliente_93365,1,CD_18,CD_16
292054,Cliente_292054,30,CD_03,CD_12
478230,Cliente_478230,21,CD_15,CD_18
106613,Cliente_106613,18,CD_16,CD_03
691817,Cliente_691817,8,CD_04,CD_12
277938,Cliente_277938,25,CD_04,CD_06
869404,Cliente_869404,20,CD_13,CD_18
210129,Cliente_210129,10,CD_02,CD_09
170392,Cliente_170392,4,CD_13,CD_07
695452,Cliente_695452,12,CD_06,CD_04
716217,Cliente_716217,17,CD_12,CD_06
606019,Cliente_606019,2,CD_15,CD_00
218894,Cliente_218894,30,CD_10,CD_03
342093,Cliente_342093,19,CD_04,CD_08
964865,Cliente_964865,12,CD_15,CD_18
384204,Cliente_384204,28,CD_03,CD_07
557208,Cliente_557208,14,CD_04,CD_06
522130,Cliente_522130,20,CD_07,CD_16
681498,Cliente_681498,18,CD_19,CD_02
877319,Cliente_877319,23,CD_18,CD_00
33725,Cliente_33725,21,CD_17,CD_02
559383,Cliente_559383,18,CD_19,CD_08
644656,Cliente_644656,30,CD_04,CD_19
558031,Cliente_558031,18,CD_08,CD_00
139693,Cliente_139693,30,CD_09,CD_10
735843,Cliente_735843,16,CD_17,CD_00
68788,Cliente_68788,26,CD_08,CD_02
801973,Cliente_801973,2,CD_17,CD_01
860885,Cliente_860885,27,CD_12,CD_03
309645,Cliente_309645,22,CD_09,CD_02
731045,Cliente_731045,27,CD_05,CD_06
815135,Cliente_815135,15,CD_05,CD_09
861509,Cliente_861509,9,CD_03,CD_02
58122,Cliente_58122,2,CD_16,CD_15
192095,Cliente_192095,5,CD_06,CD_11
604821,Cliente_604821,5,CD_11,CD_12
207786,Cliente_207786,26,CD_20,CD_03
607154,Cliente_607154,3,CD_04,CD_06
628963,Cliente_628963,22,CD_18,CD_04
528061,Cliente_528061,20,CD_17,CD_08
636052,Cliente_636052,23,CD_01,CD_07
568764,Cliente_568764,17,CD_12,CD_03
248655,Cliente_248655,11,CD_02,CD_03
511143,Cliente_511143,9,CD_15,CD_13
446993,Cliente_446993,25,CD_16,CD_01
779948,Cliente_779948,13,CD_06,CD_11
504588,Cliente_504588,21,CD_15,CD_12
950941,Cliente_950941,18,CD_02,CD_05
345316,Cliente_345316,27,CD_13,CD_00
349342,Cliente_349342,5,CD_08,CD_17
284932,Cliente_284932,26,CD_17,CD_06
207920,Cliente_207920,17,CD_06,CD_05
161497,Cliente_161497,28,CD_10,CD_02
197950,Cliente_197950,21,CD_10,CD_09
845016,Cliente_845016,8,CD_14,CD_10
624347,Cliente_624347,26,CD_13,CD_09
942080,Cliente_942080,23,CD_16,CD_04
411730,Cliente_411730,6,CD_04,CD_02
422660,Cliente_422660,23,CD_12,CD_17
959959,Cliente_959959,5,CD_05,CD_00
587009,Cliente_587009,25,CD_11,CD_01
951349,Cliente_951349,19,CD_20,CD_06
304443,Cliente_304443,17,CD_04,CD_05
776909,Cliente_776909,6,CD_00,CD_13
635757,Cliente_635757,7,CD_04,CD_19
617746,Cliente_617746,9,CD_00,CD_20
97662,Cliente_97662,29,CD_08,CD_16
559659,Cliente_559659,7,CD_04,CD_01
474531,Cliente_474531,18,CD_11,CD_14
614703,Cliente_614703,13,CD_17,CD_12
267687,Cliente_267687,29,CD_20,CD_07
422057,Cliente_422057,10,CD_11,CD_10
523556,Cliente_523556,29,CD_06,CD_08
524564,Cliente_524564,9,CD_11,CD_05
16776,Cliente_16776,22,CD_06,CD_09
210526,Cliente_210526,13,CD_13,CD_20
938577,Cliente_938577,22,CD_13,CD_19
108905,Cliente_108905,13,CD_18,CD_09
589329,Cliente_589329,21,CD_12,CD_02
997381,Cliente_997381,2,CD_14,CD_00
554794,Cliente_554794,27,CD_15,CD_07
673271,Cliente_673271,20,CD_01,CD_05
19473,Cliente_19473,3,CD_14,CD_02
357109,Cliente_357109,26,CD_11,CD_01
101519,Cliente_101519,9,CD_01,CD_15
438439,Cliente_438439,3,CD_06,CD_08
132411,Cliente_132411,26,CD_17,CD_08
192039,Cliente_192039,6,CD_04,CD_16
802496,Cliente_802496,1,CD_11,CD_18
447105,Cliente_447105,4,CD_04,CD_03
22877,Cliente_22877,14,CD_08,CD_15
391859,Cliente_391859,29,CD_19,CD_14
347744,Cliente_347744,12,CD_20,CD_10
627822,Cliente_627822,17,CD_15,CD_19
79209,Cliente_79209,22,CD_19,CD_02
351570,Cliente_351570,1,CD_14,CD_17
132033,Cliente_132033,11,CD_09,CD_20
589807,Cliente_589807,28,CD_11,CD_20
642349,Cliente_642349,9,CD_12,CD_07
1376,Cliente_1376,5,CD_18,CD_10
337222,Cliente_337222,12,CD_12,CD_10
78650,Cliente_78650,5,CD_10,CD_18
186470,Cliente_186470,24,CD_12,CD_07
662341,Cliente_662341,18,CD_19,CD_14
11795,Cliente_11795,30,CD_00,CD_19
585364,Cliente_585364,15,CD_05,CD_17
246718,Cliente_246718,2,CD_17,CD_00
333125,Cliente_333125,7,CD_10,CD_19
813441,Cliente_813441,24,CD_05,CD_18
546294,Cliente_546294,22,CD_15,CD_13
183644,Cliente_183644,10,CD_15,CD_11
523434,Cliente_523434,17,CD_01,CD_14
553321,Cliente_553321,4,CD_05,CD_07
81561,Cliente_81561,5,CD_12,CD_19
964378,Cliente_964378,12,CD_07,CD_04
40366,Cliente_40366,28,CD_00,CD_09
24982,Cliente_24982,26,CD_20,CD_13
632088,Cliente_632088,16,CD_11,CD_00
619170,Cliente_619170,16,CD_15,CD_06
109641,Cliente_109641,24,CD_02,CD_07
948714,Cliente_948714,15,CD_20,CD_17
891313,Cliente_891313,20,CD_19,CD_01
987844,Cliente_987844,29,CD_01,CD_10
702139,Cliente_702139,14,CD_00,CD_09
735851,Cliente_735851,29,CD_15,CD_09
284197,Cliente_284197,11,CD_04,CD_18
942764,Cliente_942764,15,CD_12,CD_03
414026,Cliente_414026,11,CD_15,CD_07
334205,Cliente_334205,2,CD_12,CD_18
556559,Cliente_556559,26,CD_14,CD_01
481731,Cliente_481731,22,CD_11,CD_12
332267,Cliente_332267,26,CD_16,CD_07
250327,Cliente_250327,30,CD_18,CD_08
757671,Cliente_757671,19,CD_16,CD_11
251458,Cliente_251458,12,CD_07,CD_03
268703,Cliente_268703,16,CD_07,CD_08
86656,Cliente_86656,18,CD_18,CD_03
668607,Cliente_668607,26,CD_16,CD_12
154753,Cliente_154753,23,CD_10,CD_13
748423,Cliente_748423,18,CD_02,CD_14
412707,Cliente_412707,27,CD_03,CD_00
218759,Cliente_218759,28,CD_03,CD_00
699705,Cliente_699705,17,CD_00,CD_02
23202,Cliente_23202,3,CD_19,CD_11
316550,Cliente_316550,8,CD_02,CD_17
219023,Cliente_219023,29,CD_16,CD_02
636994,Cliente_636994,24,CD_09,CD_12
155155,Cliente_155155,23,CD_18,CD_03
540307,Cliente_540307,23,CD_15,CD_10
567749,Cliente_567749,11,CD_05,CD_07
740163,Cliente_740163,12,CD_10,CD_03
67608,Cliente_67608,4,CD_20,CD_00
23764,Cliente_23764,6,CD_15,CD_11
811868,Cliente_811868,17,CD_03,CD_14
564081,Cliente_564081,7,CD_03,CD_02
315802,Cliente_315802,2,CD_14,CD_05
568497,Cliente_568497,9,CD_18,CD_17
998664,Cliente_998664,25,CD_17,CD_18
525238,Cliente_525238,29,CD_12,CD_15
773761,Cliente_773761,14,CD_18,CD_05
64809,Cliente_64809,20,CD_13,CD_03
619535,Cliente_619535,27,CD_03,CD_20
788225,Cliente_788225,5,CD_07,CD_10
389859,Cliente_389859,21,CD_13,CD_17
829894,Cliente_829894,28,CD_11,CD_07
413255,Cliente_413255,9,CD_08,CD_10
545851,Cliente_545851,10,CD_02,CD_16
858008,Cliente_858008,4,CD_07,CD_11
225854,Cliente_225854,3,CD_16,CD_05
936541,Cliente_936541,3,CD_00,CD_10
605620,Cliente_605620,2,CD_07,CD_06
862772,Cliente_862772,23,CD_14,CD_09
86915,Cliente_86915,26,CD_00,CD_11
462812,Cliente_462812,17,CD_14,CD_02
721299,Cliente_721299,12,CD_12,CD_08
736310,Cliente_736310,20,CD_05,CD_17
563152,Cliente_563152,16,CD_16,CD_13
933511,Cliente_933511,15,CD_05,CD_16
998757,Cliente_998757,26,CD_01,CD_07
803955,Cliente_803955,23,CD_17,CD_20
242049,Cliente_242049,5,CD_13,CD_05
786947,Cliente_786947,15,CD_03,CD_01
736905,Cliente_736905,25,CD_11,CD_08
240789,Cliente_240789,7,CD_05,CD_09
938263,Cliente_938263,10,CD_09,CD_10
385846,Cliente_385846,21,CD_05,CD_18
420568,Cliente_420568,27,CD_01,CD_00
502361,Cliente_502361,15,CD_09,CD_01
704552,Cliente_704552,17,CD_18,CD_17
373757,Cliente_373757,30,CD_12,CD_14
984826,Cliente_984826,17,CD_14,CD_15
245150,Cliente_245150,18,CD_15,CD_04
942802,Cliente_942802,3,CD_15,CD_11
585645,Cliente_585645,1,CD_13,CD_12
676068,Cliente_676068,6,CD_13,CD_02
157520,Cliente_157520,4,CD_08,CD_15
415833,Cliente_415833,26,CD_07,CD_17
425645,Cliente_425645,10,CD_16,CD_01
342732,Cliente_342732,7,CD_06,CD_18
359679,Cliente_359679,14,CD_11,CD_01
102312,Cliente_102312,22,CD_10,CD_04
739701,Cliente_739701,28,CD_08,CD_18
44783,Cliente_44783,11,CD_20,CD_04
485871,Cliente_485871,8,CD_02,CD_03
344815,Cliente_344815,24,CD_04,CD_08
862142,Cliente_862142,16,CD_08,CD_19
335501,Cliente_335501,5,CD_15,CD_09
487463,Cliente_487463,11,CD_18,CD_20
636373,Cliente_636373,11,CD_03,CD_16
466702,Cliente_466702,30,CD_04,CD_01
333735,Cliente_333735,22,CD_10,CD_17
102298,Cliente_102298,2,CD_02,CD_00
528100,Cliente_528100,18,CD_18,CD_11
844121,Cliente_844121,4,CD_15,CD_13
771267,Cliente_771267,25,CD_14,CD_18
395386,Cliente_395386,23,CD_12,CD_11
661124,Cliente_661124,3,CD_13,CD_10
44756,Cliente_44756,3,CD_16,CD_14
103923,Cliente_103923,4,CD_14,CD_01
118332,Cliente_118332,17,CD_08,CD_06
609089,Cliente_609089,15,CD_07,CD_13
414220,Cliente_414220,7,CD_11,CD_07
420288,Cliente_420288,5,CD_10,CD_15
85277,Cliente_85277,29,CD_18,CD_01
860898,Cliente_860898,8,CD_05,CD_10
538444,Cliente_538444,24,CD_08,CD_14
341053,Cliente_341053,1,CD_03,CD_13
501112,Cliente_501112,24,CD_20,CD_04
212297,Cliente_212297,9,CD_12,CD_19
519361,Cliente_519361,27,CD_03,CD_04
147487,Cliente_147487,16,CD_05,CD_19
570635,Cliente_570635,9,CD_20,CD_15
356603,Cliente_356603,25,CD_13,CD_16
24056,Cliente_24056,29,CD_14,CD_13
582651,Cliente_582651,12,CD_03,CD_05
598513,Cliente_598513,25,CD_18,CD_20
755294,Cliente_755294,9,CD_00,CD_04
282590,Cliente_282590,10,CD_09,CD_11
111942,Cliente_111942,25,CD_13,CD_18
746216,Cliente_746216,23,CD_17,CD_10
495925,Cliente_495925,29,CD_16,CD_00
701501,Cliente_701501,12,CD_19,CD_15
531155,Cliente_531155,28,CD_19,CD_01
803084,Cliente_803084,3,CD_09,CD_03
101286,Cliente_101286,26,CD_04,CD_15
369284,Cliente_369284,13,CD_01,CD_15
961687,Cliente_961687,18,CD_10,CD_14
821017,Cliente_821017,28,CD_12,CD_11
451635,Cliente_451635,22,CD_00,CD_18
124287,Cliente_124287,16,CD_06,CD_14
91815,Cliente_91815,28,CD_03,CD_07
548268,Cliente_548268,12,CD_17,CD_05
329539,Cliente_329539,28,CD_17,CD_05
399386,Cliente_399386,28,CD_01,CD_17
994552,Cliente_994552,6,CD_15,CD_20
737282,Cliente_737282,20,CD_18,CD_10
72729,Cliente_72729,28,CD_03,CD_12
895969,Cliente_895969,27,CD_07,CD_13
24733,Cliente_24733,3,CD_16,CD_19
200118,Cliente_200118,29,CD_20,CD_10
684443,Cliente_684443,22,CD_16,CD_05
723265,Cliente_723265,25,CD_01,CD_07
900363,Cliente_900363,1,CD_20,CD_15
68486,Cliente_68486,23,CD_17,CD_09
883211,Cliente_883211,24,CD_02,CD_16
379143,Cliente_379143,25,CD_11,CD_13
212696,Cliente_212696,20,CD_09,CD_00
782541,Cliente_782541,1,CD_19,CD_20
26768,Cliente_26768,30,CD_10,CD_19
303072,Cliente_303072,30,CD_18,CD_12
375414,Cliente_375414,11,CD_08,CD_09
579398,Cliente_579398,3,CD_10,CD_06
703019,Cliente_703019,4,CD_02,CD_19
557326,Cliente_557326,16,CD_15,CD_01
498468,Cliente_498468,16,CD_18,CD_10
176610,Cliente_176610,27,CD_18,CD_10
512505,Cliente_512505,5,CD_04,CD_10
614192,Cliente_614192,13,CD_00,CD_01
179292,Cliente_179292,26,CD_04,CD_14
506365,Cliente_506365,23,CD_20,CD_02
960120,Cliente_960120,17,CD_14,CD_07
186925,Cliente_186925,8,CD_04,CD_10
128244,Cliente_128244,4,CD_17,CD_03
414393,Cliente_414393,29,CD_09,CD_11
474673,Cliente_474673,19,CD_01,CD_11
971320,Cliente_971320,24,CD_12,CD_13
392777,Cliente_392777,9,CD_16,CD_14
433945,Cliente_433945,25,CD_05,CD_04
103184,Cliente_103184,29,CD_11,CD_18
372709,Cliente_372709,25,CD_18,CD_03
507924,Cliente_507924,7,CD_18,CD_03
895231,Cliente_895231,15,CD_14,CD_03
12895,Cliente_12895,18,CD_07,CD_09
585381,Cliente_585381,24,CD_12,CD_10
212209,Cliente_212209,18,CD_14,CD_03
279022,Cliente_279022,9,CD_16,CD_13
717704,Cliente_717704,16,CD_17,CD_10
740107,Cliente_740107,25,CD_06,CD_18
223513,Cliente_223513,21,CD_13,CD_18
253127,Cliente_253127,16,CD_19,CD_09
210454,Cliente_210454,11,CD_12,CD_10
121289,Cliente_121289,4,CD_16,CD_03
819175,Cliente_819175,7,CD_14,CD_20
486287,Cliente_486287,4,CD_14,CD_08
595571,Cliente_595571,1,CD_12,CD_19
551871,Cliente_551871,8,CD_19,CD_11
845424,Cliente_845424,28,CD_12,CD_07
77505,Cliente_77505,11,CD_12,CD_14
795246,Cliente_795246,1,CD_15,CD_14
491172,Cliente_491172,1,CD_00,CD_08
521660,Cliente_521660,6,CD_02,CD_03
285957,Cliente_285957,14,CD_13,CD_14
623098,Cliente_623098,9,CD_15,CD_11
74771,Cliente_74771,17,CD_15,CD_10
463863,Cliente_463863,18,CD_16,CD_20
384142,Cliente_384142,29,CD_15,CD_09
942197,Cliente_942197,4,CD_08,CD_15
702987,Cliente_702987,21,CD_00,CD_20
351016,Cliente_351016,15,CD_15,CD_09
237655,Cliente_237655,5,CD_06,CD_09
704737,Cliente_704737,3,CD_14,CD_11
585303,Cliente_585303,12,CD_08,CD_15
738564,Cliente_738564,20,CD_07,CD_19
251706,Cliente_251706,1,CD_02,CD_05
833635,Cliente_833635,18,CD_07,CD_12
544421,Cliente_544421,19,CD_01,CD_12
491057,Cliente_491057,16,CD_09,CD_18
906409,Cliente_906409,11,CD_01,CD_16
946603,Cliente_946603,26,CD_20,CD_11
723519,Cliente_723519,9,CD_12,CD_07
548505,Cliente_548505,26,CD_16,CD_05
686859,Cliente_686859,28,CD_11,CD_10
281866,Cliente_281866,16,CD_10,CD_00
13018,Cliente_13018,13,CD_11,CD_20
972057,Cliente_972057,28,CD_01,CD_04
960870,Cliente_960870,20,CD_12,CD_20
254508,Cliente_254508,9,CD_13,CD_10
104462,Cliente_104462,17,CD_14,CD_16
285937,Cliente_285937,13,CD_09,CD_13
722336,Cliente_722336,26,CD_14,CD_18
492192,Cliente_492192,11,CD_06,CD_02
939985,Cliente_939985,29,CD_05,CD_14
307454,Cliente_307454,3,CD_15,CD_08
953857,Cliente_953857,18,CD_03,CD_00
937814,Cliente_937814,5,CD_04,CD_00
935674,Cliente_935674,14,CD_17,CD_11
999359,Cliente_999359,25,CD_07,CD_12
261231,Cliente_261231,10,CD_17,CD_02
436763,Cliente_436763,29,CD_09,CD_20
638271,Cliente_638271,22,CD_03,CD_05
514323,Cliente_514323,14,CD_07,CD_05
714672,Cliente_714672,16,CD_14,CD_08
639517,Cliente_639517,25,CD_06,CD_05
646838,Cliente_646838,12,CD_07,CD_15
60920,Cliente_60920,2,CD_15,CD_16
578603,Cliente_578603,10,CD_08,CD_03
895404,Cliente_895404,13,CD_14,CD_03
815126,Cliente_815126,16,CD_13,CD_12
855565,Cliente_855565,1,CD_06,CD_18
97255,Cliente_97255,11,CD_04,CD_01
840886,Cliente_840886,2,CD_07,CD_04
562806,Cliente_562806,21,CD_18,CD_07
15248,Cliente_15248,25,CD_01,CD_16
498121,Cliente_498121,12,CD_08,CD_04
420170,Cliente_420170,26,CD_15,CD_19
798412,Cliente_798412,17,CD_15,CD_07
528160,Cliente_528160,4,CD_03,CD_18
475160,Cliente_475160,25,CD_03,CD_02
463189,Cliente_463189,2,CD_00,CD_01
344110,Cliente_344110,3,CD_09,CD_02
154503,Cliente_154503,7,CD_09,CD_07
186161,Cliente_186161,16,CD_10,CD_14
190088,Cliente_190088,14,CD_00,CD_16
613580,Cliente_613580,30,CD_00,CD_11
634584,Cliente_634584,3,CD_03,CD_19
929775,Cliente_929775,23,CD_12,CD_15
352724,Cliente_352724,30,CD_06,CD_20
78132,Cliente_78132,2,CD_02,CD_18
758848,Cliente_758848,28,CD_02,CD_19
569820,Cliente_569820,11,CD_09,CD_00
510895,Cliente_510895,17,CD_15,CD_11
592539,Cliente_592539,2,CD_15,CD_18
114119,Cliente_114119,1,CD_00,CD_06
576727,Cliente_576727,25,CD_12,CD_08
177213,Cliente_177213,26,CD_20,CD_13
108329,Cliente_108329,10,CD_16,CD_20
76828,Cliente_76828,16,CD_12,CD_18
518874,Cliente_518874,20,CD_08,CD_06
780386,Cliente_780386,29,CD_12,CD_01
676966,Cliente_676966,21,CD_01,CD_20
497040,Cliente_497040,22,CD_03,CD_00
531608,Cliente_531608,2,CD_17,CD_06
756590,Cliente_756590,10,CD_11,CD_03
447538,Cliente_447538,10,CD_05,CD_07
291677,Cliente_291677,9,CD_19,CD_11
560637,Cliente_560637,22,CD_09,CD_13
760285,Cliente_760285,20,CD_15,CD_02
656067,Cliente_656067,1,CD_17,CD_10
562450,Cliente_562450,18,CD_14,CD_00
214480,Cliente_214480,3,CD_18,CD_07
301570,Cliente_301570,15,CD_08,CD_02
716468,Cliente_716468,21,CD_14,CD_20
338325,Cliente_338325,14,CD_20,CD_08
169214,Cliente_169214,29,CD_14,CD_08
270035,Cliente_270035,6,CD_13,CD_09
450434,Cliente_450434,15,CD_15,CD_11
525993,Cliente_525993,14,CD_15,CD_17
52564,Cliente_52564,6,CD_09,CD_17
632547,Cliente_632547,4,CD_19,CD_06
335434,Cliente_335434,18,CD_05,CD_00
960499,Cliente_960499,20,CD_19,CD_03
244990,Cliente_244990,7,CD_17,CD_16
868136,Cliente_868136,26,CD_02,CD_09
653001,Cliente_653001,9,CD_05,CD_15
299255,Cliente_299255,2,CD_06,CD_20
85385,Cliente_85385,4,CD_04,CD_12
766518,Cliente_766518,23,CD_12,CD_04
476251,Cliente_476251,10,CD_09,CD_14
17691,Cliente_17691,30,CD_17,CD_13
797280,Cliente_797280,8,CD_04,CD_01
956928,Cliente_956928,26,CD_11,CD_13
797052,Cliente_797052,8,CD_11,CD_08
661474,Cliente_661474,25,CD_18,CD_17
831826,Cliente_831826,15,CD_13,CD_07
117405,Cliente_117405,4,CD_01,CD_11
728329,Cliente_728329,27,CD_03,CD_17
388081,Cliente_388081,16,CD_04,CD_12
521737,Cliente_521737,13,CD_11,CD_03
718272,Cliente_718272,7,CD_04,CD_08
921854,Cliente_921854,26,CD_16,CD_07
759885,Cliente_759885,26,CD_16,CD_12
262292,Cliente_262292,25,CD_04,CD_13
181117,Cliente_181117,5,CD_14,CD_03
395192,Cliente_395192,17,CD_13,CD_17
661465,Cliente_661465,29,CD_04,CD_03
657938,Cliente_657938,12,CD_02,CD_03
175059,Cliente_175059,3,CD_05,CD_09
777780,Cliente_777780,15,CD_06,CD_16
395964,Cliente_395964,12,CD_15,CD_13
481585,Cliente_481585,18,CD_04,CD_17
984014,Cliente_984014,2,CD_16,CD_04
97699,Cliente_97699,3,CD_11,CD_08
7882,Cliente_7882,5,CD_10,CD_11
324097,Cliente_324097,3,CD_16,CD_17
140457,Cliente_140457,8,CD_05,CD_18
910810,Cliente_910810,4,CD_03,CD_09
765985,Cliente_765985,22,CD_00,CD_03
486847,Cliente_486847,6,CD_12,CD_18
764714,Cliente_764714,28,CD_12,CD_10
679446,Cliente_679446,22,CD_13,CD_06
890701,Cliente_890701,9,CD_16,CD_01
480754,Cliente_480754,20,CD_18,CD_07
956270,Cliente_956270,20,CD_10,CD_04
644111,Cliente_644111,14,CD_05,CD_14
466934,Cliente_466934,11,CD_08,CD_20
267051,Cliente_267051,19,CD_07,CD_08
125684,Cliente_125684,27,CD_07,CD_13
942578,Cliente_942578,1,CD_09,CD_01
213610,Cliente_213610,27,CD_01,CD_00
96432,Cliente_96432,24,CD_13,CD_20
506418,Cliente_506418,27,CD_15,CD_03
997022,Cliente_997022,9,CD_10,CD_14
73457,Cliente_73457,27,CD_10,CD_12
767710,Cliente_767710,8,CD_05,CD_09
447319,Cliente_447319,2,CD_00,CD_03
887418,Cliente_887418,13,CD_19,CD_11
457115,Cliente_457115,9,CD_08,CD_04
388586,Cliente_388586,9,CD_13,CD_09
670721,Cliente_670721,13,CD_11,CD_15
365709,Cliente_365709,15,CD_01,CD_08
633046,Cliente_633046,25,CD_17,CD_13
351084,Cliente_351084,15,CD_16,CD_02
2608,Cliente_2608,20,CD_09,CD_04
806908,Cliente_806908,28,CD_08,CD_11
368496,Cliente_368496,15,CD_08,CD_07
364250,Cliente_364250,2,CD_07,CD_14
111937,Cliente_111937,24,CD_03,CD_01
224078,Cliente_224078,10,CD_08,CD_20
455512,Cliente_455512,4,CD_15,CD_01
798282,Cliente_798282,10,CD_02,CD_11
503475,Cliente_503475,10,CD_08,CD_04
316458,Cliente_316458,26,CD_05,CD_20
78364,Cliente_78364,24,CD_08,CD_17
35700,Cliente_35700,3,CD_11,CD_15
35493,Cliente_35493,17,CD_12,CD_11
750679,Cliente_750679,9,CD_03,CD_02
732651,Cliente_732651,7,CD_02,CD_13
174061,Cliente_174061,25,CD_15,CD_20
359317,Cliente_359317,26,CD_08,CD_11
353466,Cliente_353466,6,CD_11,CD_19
754004,Cliente_754004,13,CD_18,CD_10
419564,Cliente_419564,26,CD_11,CD_00
326626,Cliente_326626,2,CD_14,CD_09
510427,Cliente_510427,28,CD_13,CD_03
581445,Cliente_581445,9,CD_16,CD_19
839624,Cliente_839624,14,CD_15,CD_05
888842,Cliente_888842,30,CD_14,CD_17
274628,Cliente_274628,15,CD_19,CD_18
696020,Cliente_696020,7,CD_10,CD_17
59146,Cliente_59146,29,CD_19,CD_16
106689,Cliente_106689,27,CD_07,CD_01
203055,Cliente_203055,10,CD_18,CD_09
304712,Cliente_304712,19,CD_19,CD_01
390892,Cliente_390892,20,CD_17,CD_18
654227,Cliente_654227,1,CD_12,CD_16
828542,Cliente_828542,6,CD_07,CD_19
631956,Cliente_631956,9,CD_02,CD_03
549533,Cliente_549533,12,CD_13,CD_19
605146,Cliente_605146,19,CD_20,CD_01
636222,Cliente_636222,6,CD_11,CD_06
552434,Cliente_552434,25,CD_01,CD_03
861758,Cliente_861758,3,CD_09,CD_06
373186,Cliente_373186,1,CD_14,CD_15
776586,Cliente_776586,8,CD_10,CD_13
459345,Cliente_459345,19,CD_09,CD_12
798006,Cliente_798006,22,CD_18,CD_07
151505,Cliente_151505,7,CD_11,CD_16
3899,Cliente_3899,10,CD_14,CD_04
348913,Cliente_348913,20,CD_11,CD_02
12449,Cliente_12449,20,CD_16,CD_07
59349,Cliente_59349,6,CD_14,CD_03
364025,Cliente_364025,3,CD_12,CD_13
720970,Cliente_720970,7,CD_15,CD_14
741188,Cliente_741188,27,CD_14,CD_01
12031,Cliente_12031,11,CD_19,CD_11
851473,Cliente_851473,3,CD_05,CD_07
243793,Cliente_243793,15,CD_15,CD_20
288985,Cliente_288985,20,CD_05,CD_00
361514,Cliente_361514,23,CD_03,CD_04
298604,Cliente_298604,20,CD_13,CD_17
962130,Cliente_962130,13,CD_05,CD_01
999452,Cliente_999452,5,CD_07,CD_03
332342,Cliente_332342,27,CD_06,CD_19
518753,Cliente_518753,25,CD_00,CD_12
411717,Cliente_411717,27,CD_06,CD_02
569169,Cliente_569169,10,CD_03,CD_14
515994,Cliente_515994,27,CD_14,CD_20
960987,Cliente_960987,6,CD_14,CD_00
959217,Cliente_959217,2,CD_20,CD_06
328879,Cliente_328879,19,CD_03,CD_15
528030,Cliente_528030,3,CD_03,CD_01
604071,Cliente_604071,12,CD_02,CD_03
415822,Cliente_415822,9,CD_17,CD_02
801579,Cliente_801579,14,CD_06,CD_19
913364,Cliente_913364,8,CD_19,CD_02
452471,Cliente_452471,11,CD_13,CD_01
14026,Cliente_14026,9,CD_18,CD_12
869273,Cliente_869273,1,CD_09,CD_07
577982,Cliente_577982,12,CD_01,CD_20
871343,Cliente_871343,16,CD_02,CD_04
452593,Cliente_452593,26,CD_02,CD_13
390402,Cliente_390402,17,CD_15,CD_11
914904,Cliente_914904,16,CD_05,CD_06
3019,Cliente_3019,1,CD_08,CD_20
208547,Cliente_208547,8,CD_18,CD_07
605099,Cliente_605099,18,CD_08,CD_03
546427,Cliente_546427,20,CD_08,CD_16
214883,Cliente_214883,25,CD_00,CD_14
874737,Cliente_874737,27,CD_00,CD_01
689696,Cliente_689696,7,CD_11,CD_18
138717,Cliente_138717,15,CD_18,CD_04
797751,Cliente_797751,6,CD_09,CD_06
480290,Cliente_480290,13,CD_18,CD_00
763303,Cliente_763303,24,CD_20,CD_11
620926,Cliente_620926,16,CD_06,CD_14
66492,Cliente_66492,2,CD_09,CD_08
157453,Cliente_157453,14,CD_16,CD_06
788108,Cliente_788108,3,CD_13,CD_10
417761,Cliente_417761,7,CD_07,CD_13
51307,Cliente_51307,19,CD_14,CD_03
792531,Cliente_792531,24,CD_03,CD_17
574070,Cliente_574070,22,CD_14,CD_18
551870,Cliente_551870,7,CD_05,CD_10
622044,Cliente_622044,7,CD_15,CD_16
939427,Cliente_939427,27,CD_18,CD_13
170858,Cliente_170858,5,CD_19,CD_14
317490,Cliente_317490,29,CD_07,CD_19
42033,Cliente_42033,25,CD_10,CD_06
13626,Cliente_13626,30,CD_00,CD_14
543144,Cliente_543144,4,CD_11,CD_04
527223,Cliente_527223,1,CD_18,CD_07
370159,Cliente_370159,25,CD_00,CD_02
913211,Cliente_913211,8,CD_17,CD_00
420312,Cliente_420312,7,CD_13,CD_10
426025,Cliente_426025,13,CD_19,CD_11
65831,Cliente_65831,8,CD_20,CD_00
216885,Cliente_216885,22,CD_06,CD_14
114079,Cliente_114079,2,CD_11,CD_17
168597,Cliente_168597,13,CD_13,CD_03
286245,Cliente_286245,18,CD_19,CD_08
651132,Cliente_651132,12,CD_13,CD_16
826622,Cliente_826622,19,CD_02,CD_16
172202,Cliente_172202,2,CD_09,CD_04
855596,Cliente_855596,19,CD_08,CD_02
628672,Cliente_628672,15,CD_15,CD_09
934590,Cliente_934590,21,CD_09,CD_16
132550,Cliente_132550,13,CD_12,CD_07
714888,Cliente_714888,24,CD_20,CD_02
845552,Cliente_845552,23,CD_17,CD_09
862957,Cliente_862957,11,CD_20,CD_13
153629,Cliente_153629,24,CD_12,CD_19
719272,Cliente_719272,25,CD_16,CD_02
15007,Cliente_15007,11,CD_14,CD_07
911223,Cliente_911223,10,CD_18,CD_15
874369,Cliente_874369,22,CD_14,CD_07
640560,Cliente_640560,11,CD_15,CD_04
56063,Cliente_56063,19,CD_06,CD_12
446513,Cliente_446513,1,CD_19,CD_17
273012,Cliente_273012,5,CD_13,CD_11
831775,Cliente_831775,11,CD_12,CD_19
845402,Cliente_845402,16,CD_15,CD_07
683613,Cliente_683613,1,CD_09,CD_05
56209,Cliente_56209,19,CD_09,CD_20
539218,Cliente_539218,12,CD_06,CD_15
852118,Cliente_852118,24,CD_07,CD_09
828903,Cliente_828903,1,CD_14,CD_18
679820,Cliente_679820,19,CD_18,CD_00
476422,Cliente_476422,15,CD_04,CD_18
558838,Cliente_558838,12,CD_07,CD_09
123676,Cliente_123676,25,CD_14,CD_13
841594,Cliente_841594,14,CD_06,CD_18
386839,Cliente_386839,19,CD_20,CD_15
774623,Cliente_774623,11,CD_00,CD_11
372711,Cliente_372711,22,CD_09,CD_14
309711,Cliente_309711,14,CD_08,CD_19
384064,Cliente_384064,2,CD_19,CD_14
720149,Cliente_720149,23,CD_06,CD_00
890711,Cliente_890711,21,CD_05,CD_12
205664,Cliente_205664,4,CD_04,CD_02
691872,Cliente_691872,14,CD_20,CD_17
810804,Cliente_810804,6,CD_10,CD_03
472359,Cliente_472359,24,CD_03,CD_04
250259,Cliente_250259,25,CD_11,CD_13
588359,Cliente_588359,11,CD_11,CD_12
160264,Cliente_160264,30,CD_05,CD_20
222376,Cliente_222376,12,CD_11,CD_10
658049,Cliente_658049,26,CD_08,CD_14
736335,Cliente_736335,29,CD_09,CD_08
945959,Cliente_945959,18,CD_07,CD_08
70936,Cliente_70936,11,CD_18,CD_10
62621,Cliente_62621,9,CD_16,CD_12
553659,Cliente_553659,2,CD_17,CD_19
47869,Cliente_47869,20,CD_03,CD_01
202634,Cliente_202634,16,CD_13,CD_00
698912,Cliente_698912,30,CD_17,CD_03
406191,Cliente_406191,13,CD_18,CD_11
256852,Cliente_256852,21,CD_16,CD_04
252976,Cliente_252976,17,CD_02,CD_10
894821,Cliente_894821,1,CD_19,CD_03
792301,Cliente_792301,3,CD_08,CD_18
358166,Cliente_358166,5,CD_20,CD_00
282462,Cliente_282462,8,CD_03,CD_07
949926,Cliente_949926,13,CD_20,CD_02
153046,Cliente_153046,21,CD_02,CD_15
884302,Cliente_884302,15,CD_03,CD_01
117316,Cliente_117316,14,CD_00,CD_17
371172,Cliente_371172,8,CD_19,CD_08
107431,Cliente_107431,3,CD_01,CD_08
68616,Cliente_68616,9,CD_17,CD_04
963564,Cliente_963564,26,CD_13,CD_03
321895,Cliente_321895,4,CD_14,CD_07
188491,Cliente_188491,24,CD_11,CD_05
605025,Cliente_605025,5,CD_04,CD_05
990573,Cliente_990573,1,CD_18,CD_09
55520,Cliente_55520,5,CD_16,CD_17
920325,Cliente_920325,10,CD_07,CD_12
110325,Cliente_110325,22,CD_04,CD_08
636382,Cliente_636382,25,CD_17,CD_20
982032,Cliente_982032,21,CD_12,CD_04
856143,Cliente_856143,2,CD_07,CD_06
821734,Cliente_821734,6,CD_00,CD_14
886153,Cliente_886153,23,CD_02,CD_01
493401,Cliente_493401,21,CD_11,CD_20
392263,Cliente_392263,14,CD_16,CD_05
740304,Cliente_740304,13,CD_18,CD_20
119590,Cliente_119590,5,CD_05,CD_19
71343,Cliente_71343,3,CD_06,CD_01
299046,Cliente_299046,14,CD_16,CD_03
864288,Cliente_864288,10,CD_09,CD_01
224262,Cliente_224262,17,CD_03,CD_02
553891,Cliente_553891,11,CD_03,CD_20
15020,Cliente_15020,6,CD_13,CD_09
310896,Cliente_310896,15,CD_20,CD_13
506854,Cliente_506854,30,CD_08,CD_19
924489,Cliente_924489,4,CD_18,CD_02
514765,Cliente_514765,24,CD_17,CD_13
99196,Cliente_99196,18,CD_13,CD_02
41714,Cliente_41714,22,CD_09,CD_17
662449,Cliente_662449,14,CD_04,CD_11
97954,Cliente_97954,23,CD_18,CD_04
450153,Cliente_450153,13,CD_02,CD_20
147747,Cliente_147747,15,CD_15,CD_17
598463,Cliente_598463,26,CD_16,CD_04
868470,Cliente_868470,11,CD_18,CD_16
67304,Cliente_67304,24,CD_02,CD_13
51925,Cliente_51925,10,CD_18,CD_14
583988,Cliente_583988,30,CD_17,CD_04
920197,Cliente_920197,9,CD_06,CD_08
618617,Cliente_618617,3,CD_15,CD_01
544037,Cliente_544037,8,CD_10,CD_19
261874,Cliente_261874,30,CD_16,CD_19
215950,Cliente_215950,3,CD_18,CD_06
693817,Cliente_693817,13,CD_09,CD_12
131517,Cliente_131517,3,CD_10,CD_09
405498,Cliente_405498,26,CD_17,CD_19
76895,Cliente_76895,11,CD_08,CD_20
96565,Cliente_96565,24,CD_00,CD_08
639573,Cliente_639573,26,CD_06,CD_05
8378,Cliente_8378,2,CD_03,CD_17
793265,Cliente_793265,15,CD_14,CD_07
897389,Cliente_897389,27,CD_16,CD_18
988343,Cliente_988343,20,CD_17,CD_04
165314,Cliente_165314,8,CD_03,CD_04
48092,Cliente_48092,29,CD_13,CD_01
959169,Cliente_959169,13,CD_10,CD_02
837834,Cliente_837834,10,CD_02,CD_08
655672,Cliente_655672,19,CD_16,CD_08
425935,Cliente_425935,20,CD_10,CD_06
149760,Cliente_149760,8,CD_09,CD_06
407778,Cliente_407778,27,CD_05,CD_11
969785,Cliente_969785,15,CD_13,CD_17
5180,Cliente_5180,18,CD_01,CD_06
967281,Cliente_967281,14,CD_09,CD_20
746869,Cliente_746869,9,CD_00,CD_20
803032,Cliente_803032,28,CD_12,CD_19
769892,Cliente_769892,19,CD_16,CD_14
6206,Cliente_6206,28,CD_01,CD_14
261734,Cliente_261734,30,CD_18,CD_03
343835,Cliente_343835,10,CD_04,CD_02
29324,Cliente_29324,27,CD_13,CD_18
738954,Cliente_738954,7,CD_06,CD_18
78540,Cliente_78540,5,CD_08,CD_05
743781,Cliente_743781,17,CD_02,CD_19
954078,Cliente_954078,25,CD_16,CD_18
512558,Cliente_512558,28,CD_10,CD_17
810938,Cliente_810938,8,CD_00,CD_20
773840,Cliente_773840,8,CD_00,CD_08
830956,Cliente_830956,21,CD_10,CD_06
307562,Cliente_307562,28,CD_08,CD_12
347657,Cliente_347657,24,CD_13,CD_20
957594,Cliente_957594,3,CD_18,CD_16
440853,Cliente_440853,3,CD_07,CD_18
248966,Cliente_248966,21,CD_07,CD_14
517348,Cliente_517348,25,CD_04,CD_07
457154,Cliente_457154,15,CD_03,CD_17
156895,Cliente_156895,13,CD_09,CD_02
112792,Cliente_112792,13,CD_03,CD_20
990141,Cliente_990141,16,CD_04,CD_01
864896,Cliente_864896,30,CD_01,CD_16
472201,Cliente_472201,22,CD_08,CD_05
381607,Cliente_381607,14,CD_14,CD_16
878498,Cliente_878498,3,CD_00,CD_07
607916,Cliente_607916,3,CD_03,CD_20
564214,Cliente_564214,3,CD_09,CD_01
740126,Cliente_740126,30,CD_20,CD_18
725829,Cliente_725829,25,CD_17,CD_18
644479,Cliente_644479,13,CD_04,CD_02
875236,Cliente_875236,26,CD_20,CD_16
352515,Cliente_352515,23,CD_19,CD_08
742966,Cliente_742966,4,CD_17,CD_05
269393,Cliente_269393,12,CD_04,CD_13
91700,Cliente_91700,25,CD_16,CD_14
279424,Cliente_279424,13,CD_01,CD_14
626086,Cliente_626086,27,CD_06,CD_02
467675,Cliente_467675,5,CD_11,CD_20
996840,Cliente_996840,3,CD_15,CD_14
334685,Cliente_334685,5,CD_03,CD_08
303333,Cliente_303333,2,CD_08,CD_04
428021,Cliente_428021,16,CD_06,CD_13
986399,Cliente_986399,9,CD_19,CD_07
421763,Cliente_421763,9,CD_04,CD_03
5668,Cliente_5668,2,CD_09,CD_14
238809,Cliente_238809,3,CD_19,CD_01
604566,Cliente_604566,18,CD_08,CD_03
433327,Cliente_433327,11,CD_19,CD_04
866395,Cliente_866395,22,CD_02,CD_00
315486,Cliente_315486,25,CD_16,CD_04
503795,Cliente_503795,18,CD_04,CD_07
51669,Cliente_51669,27,CD_11,CD_19
811178,Cliente_811178,17,CD_09,CD_12
887373,Cliente_887373,28,CD_03,CD_13
378921,Cliente_378921,4,CD_02,CD_00
825703,Cliente_825703,16,CD_06,CD_02
904425,Cliente_904425,2,CD_01,CD_10
215530,Cliente_215530,26,CD_04,CD_17
459002,Cliente_459002,1,CD_05,CD_01
566717,Cliente_566717,1,CD_00,CD_10
998796,Cliente_998796,21,CD_08,CD_18
542713,Cliente_542713,3,CD_05,CD_03
23023,Cliente_23023,17,CD_12,CD_00
477176,Cliente_477176,28,CD_09,CD_10
36377,Cliente_36377,3,CD_01,CD_09
181528,Cliente_181528,25,CD_20,CD_15
73246,Cliente_73246,18,CD_08,CD_19
208182,Cliente_208182,11,CD_01,CD_11
441065,Cliente_441065,27,CD_18,CD_06
10181,Cliente_10181,29,CD_17,CD_07
784954,Cliente_784954,11,CD_18,CD_03
739188,Cliente_739188,29,CD_08,CD_16
912351,Cliente_912351,2,CD_07,CD_19
901704,Cliente_901704,21,CD_18,CD_06
625743,Cliente_625743,30,CD_14,CD_11
